date,open,high,low,close,volume
2017-01-04,603444,77.76,77.76,77.76,77.76
2017-01-05,603444,85.54,85.54,85.54,85.54
2017-01-06,603444,94.09,94.09,94.09,94.09
2017-01-09,603444,103.5,103.5,103.5,103.5
2017-01-10,603444,113.85,113.85,113.85,113.85
2017-01-11,603444,125.24,125.24,125.24,125.24
2017-01-12,603444,137.76,137.76,137.76,137.76
2017-01-13,603444,151.54,151.54,151.54,151.54
2017-01-16,603444,166.69,166.69,166.69,166.69
2017-01-17,603444,183.36,183.36,183.36,183.36
2017-01-18,603444,201.7,201.7,201.7,201.7
2017-01-19,603444,200.62,221.87,221.87,185.1
2017-01-20,603444,220.68,220.68,196.3,193.0
2017-01-23,603444,242.75,242.75,223.86,222.01
2017-01-24,603444,242.97,266.5,265.8,242.01
2017-01-25,603444,267.27,267.27,243.03,243.0
2017-01-26,603444,285.42,293.0,278.09,268.86
2017-02-03,603444,288.07,297.96,283.0,280.05
2017-02-06,603444,279.96,288.97,283.5,271.09
2017-02-07,603444,279.63,289.66,278.25,276.0
2017-02-08,603444,278.31,279.0,275.9,268.5
2017-02-09,603444,281.23,284.66,277.0,273.68
2017-02-10,603444,277.64,288.88,281.6,277.0
2017-02-13,603444,274.51,281.0,274.95,267.5
2017-02-14,603444,280.4,282.8,275.1,271.7
2017-02-15,603444,253.49,281.49,280.0,252.36
2017-02-16,603444,245.53,253.4,250.0,240.02
2017-02-17,603444,245.92,249.76,243.54,238.94
2017-02-20,603444,241.81,248.0,245.0,235.22
2017-02-21,603444,255.64,262.26,241.0,240.21
2017-02-22,603444,256.66,261.48,254.04,250.02
2017-02-23,603444,259.89,266.58,254.55,253.8
2017-02-24,603444,272.0,276.0,259.13,259.13
2017-02-27,603444,269.21,273.88,269.5,266.0
2017-02-28,603444,296.13,296.13,268.88,268.88
2017-03-01,603444,301.17,312.0,302.5,300.1
2017-03-02,603444,313.83,327.77,297.0,296.27
2017-03-03,603444,317.62,318.33,311.77,303.15
2017-03-06,603444,324.94,332.78,317.7,313.51
2017-03-07,603444,315.85,327.56,325.02,315.03
2017-03-08,603444,312.75,325.2,315.01,311.0
2017-03-09,603444,329.12,329.87,311.16,306.12
2017-03-10,603444,325.94,336.3,327.74,325.19
2017-03-13,603444,358.53,358.53,327.21,323.5
2017-03-14,603444,365.52,375.18,367.0,357.0
2017-03-15,603444,354.26,365.41,358.2,345.98
2017-03-16,603444,360.97,371.8,356.0,354.0
2017-03-17,603444,342.85,376.0,362.0,338.55
2017-03-20,603444,350.36,351.89,340.1,340.0
2017-03-21,603444,352.27,355.64,350.12,346.25
2017-03-22,603444,353.04,354.88,349.3,340.0
2017-03-23,603444,345.73,359.87,354.94,340.5
2017-03-24,603444,348.39,349.26,347.0,334.36
2017-03-27,603444,372.31,375.82,347.0,346.0
2017-03-28,603444,342.57,358.88,352.16,338.94
2017-03-29,603444,319.14,344.0,344.0,318.2
2017-03-30,603444,315.08,324.7,315.1,308.88
2017-03-31,603444,319.47,325.4,318.0,315.12
2017-04-05,603444,314.44,320.0,313.0,302.8
2017-04-06,603444,315.13,324.89,311.25,311.2
2017-04-07,603444,297.18,316.0,316.0,296.8
2017-04-10,603444,278.88,294.5,291.81,277.01
2017-04-11,603444,283.08,284.8,279.0,273.5
2017-04-12,603444,272.14,282.0,280.0,268.0
2017-04-13,603444,286.98,296.3,279.0,278.52
2017-04-14,603444,284.74,291.8,281.0,280.48
2017-04-17,603444,286.83,291.78,275.0,272.55
2017-04-18,603444,283.56,291.88,286.13,280.5
2017-04-19,603444,295.9,296.97,282.36,282.3
2017-04-20,603444,296.83,297.18,294.0,290.0
2017-04-21,603444,288.02,297.0,296.01,287.8
2017-04-24,603444,280.49,285.0,284.03,266.66
2017-04-25,603444,283.28,286.64,278.91,275.99
2017-04-26,603444,271.88,284.27,281.6,270.33
2017-04-27,603444,286.73,287.5,270.92,267.16
2017-04-28,603444,286.42,290.0,285.94,283.31
2017-05-02,603444,281.05,286.95,285.0,277.2
2017-05-03,603444,274.4,282.99,279.9,268.01
2017-05-04,603444,268.9,275.0,272.56,267.0
2017-05-05,603444,255.13,265.99,265.0,255.0
2017-05-08,603444,254.9,260.5,254.9,251.28
2017-05-09,603444,259.98,260.6,255.98,253.68
2017-05-10,603444,255.04,264.68,259.72,254.98
2017-05-11,603444,260.21,260.8,253.88,251.9
2017-05-12,603444,254.17,259.99,258.11,252.5
2017-05-15,603444,242.7,256.39,255.5,242.21
2017-05-16,603444,250.88,251.03,240.66,240.6
2017-05-17,603444,263.95,275.77,252.5,252.3
2017-05-18,603444,259.48,262.79,261.0,258.05
2017-05-19,603444,262.78,269.88,261.08,261.0
2017-05-22,603444,254.09,266.98,261.7,253.0
2017-05-23,603444,249.4,254.0,252.41,245.13
2017-05-24,603444,256.96,257.0,246.8,246.58
2017-05-25,603444,257.71,260.0,255.15,251.01
2017-05-26,603444,257.69,259.48,257.51,255.57
2017-05-31,603444,259.8,273.0,268.88,259.6
2017-06-01,603444,258.78,265.49,258.8,255.0
2017-06-02,603444,270.28,271.98,257.0,255.08
2017-06-05,603444,277.03,285.0,273.46,270.5
2017-06-06,603444,280.29,281.84,275.7,275.01
2017-06-07,603444,288.65,292.2,279.33,279.3
2017-06-08,603444,283.53,291.8,288.64,283.02
2017-06-09,603444,284.78,288.5,284.0,282.1
2017-06-12,603444,273.29,281.95,281.95,273.15
2017-06-13,603444,278.77,280.49,272.4,272.4
2017-06-14,603444,293.81,297.79,278.88,278.88
2017-06-15,603444,293.42,298.97,293.94,291.8
2017-06-16,603444,300.07,301.0,295.0,295.0
2017-06-19,603444,300.09,303.98,298.8,296.26
2017-06-20,603444,292.94,301.0,299.35,291.8
2017-06-21,603444,294.67,296.65,293.19,290.2
2017-06-22,603444,290.03,295.8,293.0,289.9
2017-06-23,603444,287.31,292.8,289.0,280.01
2017-06-26,603444,295.12,295.24,285.5,283.3
2017-06-27,603444,291.2,297.97,295.5,290.0
2017-06-28,603444,282.08,289.29,289.22,281.16
2017-06-29,603444,281.99,282.9,282.4,278.68
2017-06-30,603444,283.33,284.77,280.0,279.0
2017-07-03,603444,285.06,286.97,283.95,280.8
2017-07-04,603444,279.75,285.5,284.9,278.88
2017-07-05,603444,266.94,277.5,277.3,263.91
2017-07-06,603444,265.77,269.27,266.92,262.0
2017-07-07,603444,276.34,278.76,267.3,267.3
2017-07-10,603444,266.88,273.5,273.5,266.0
2017-07-11,603444,266.99,270.0,267.18,265.21
2017-07-12,603444,269.34,269.48,267.0,262.11
2017-07-13,603444,264.7,268.4,268.0,264.0
2017-07-14,603444,262.87,266.99,264.0,262.35
2017-07-17,603444,238.99,258.0,258.0,237.0
2017-07-18,603444,243.05,245.0,240.0,235.58
2017-07-19,603444,243.57,243.88,241.11,238.19
2017-07-20,603444,242.05,247.38,242.8,241.8
2017-07-21,603444,240.45,243.38,240.0,239.11
2017-07-24,603444,242.01,243.88,237.5,235.5
2017-07-25,603444,242.54,244.0,241.62,239.3
2017-07-26,603444,249.91,255.0,243.78,242.81
2017-07-27,603444,259.91,262.6,249.0,246.2
2017-07-28,603444,255.16,261.9,258.8,252.8
2017-07-31,603444,251.97,254.97,252.0,250.88
2017-08-01,603444,254.43,258.15,254.0,252.0
2017-08-02,603444,249.95,254.95,254.24,249.85
2017-08-03,603444,247.95,253.81,248.94,245.48
2017-08-04,603444,247.85,250.66,248.11,247.25
2017-08-07,603444,248.06,252.0,248.03,247.51
2017-08-08,603444,243.33,246.8,246.7,238.88
2017-08-09,603444,243.78,245.79,242.0,240.0
2017-08-10,603444,247.95,248.0,243.8,242.01
2017-08-11,603444,254.19,255.44,247.95,246.25
2017-08-14,603444,253.56,256.87,254.55,248.5
2017-08-15,603444,228.2,236.9,236.9,228.2
2017-08-16,603444,224.79,227.4,225.0,218.01
2017-08-17,603444,222.52,224.65,223.32,220.1
2017-08-18,603444,220.85,224.19,221.0,220.35
2017-08-21,603444,222.28,223.0,221.4,220.85
2017-08-22,603444,219.97,222.7,222.28,219.55
2017-08-23,603444,212.37,220.99,219.6,212.09
2017-08-24,603444,208.77,213.98,212.89,208.56
2017-08-25,603444,212.68,212.78,208.36,207.01
2017-08-28,603444,218.03,219.59,213.38,212.78
2017-08-29,603444,217.99,220.66,215.35,215.35
2017-08-30,603444,219.24,220.12,217.15,215.22
2017-08-31,603444,220.97,221.94,219.0,217.77
2017-09-01,603444,228.76,232.58,220.02,220.02
2017-09-04,603444,226.88,231.5,227.12,226.21
2017-09-05,603444,224.05,227.57,226.88,222.55
2017-09-06,603444,227.98,228.0,223.0,222.01
2017-09-07,603444,226.98,232.2,231.0,226.63
2017-09-08,603444,224.01,226.9,225.0,223.15
2017-09-11,603444,223.61,225.8,223.72,219.99
2017-09-12,603444,228.25,245.48,223.67,219.5
2017-09-13,603444,229.32,230.97,226.2,225.99
2017-09-14,603444,227.66,231.0,228.5,227.03
2017-09-15,603444,224.25,227.65,227.5,223.5
2017-09-18,603444,224.34,225.29,223.8,223.05
2017-09-19,603444,222.32,225.18,225.1,222.08
2017-09-20,603444,222.77,223.7,222.0,220.02
2017-09-21,603444,219.79,223.78,222.58,219.62
2017-09-22,603444,215.69,219.39,219.39,214.31
2017-09-25,603444,216.79,219.42,215.0,215.0
2017-09-26,603444,212.01,217.0,215.57,211.32
2017-09-27,603444,213.11,213.71,211.75,211.69
2017-09-28,603444,212.76,214.25,212.79,212.19
2017-09-29,603444,219.11,219.99,212.88,212.85
2017-10-09,603444,218.71,222.0,221.42,217.88
2017-10-10,603444,220.76,220.87,218.71,218.01
2017-10-11,603444,223.58,225.6,221.48,220.81
2017-10-12,603444,218.07,223.5,220.51,216.31
2017-10-13,603444,218.92,219.44,217.32,217.32
2017-10-16,603444,210.02,219.47,219.47,210.0
2017-10-17,603444,211.65,213.11,210.05,209.24
2017-10-18,603444,208.13,212.39,210.39,207.99
2017-10-19,603444,206.69,208.0,208.0,204.08
2017-10-20,603444,213.33,214.5,206.48,205.67
2017-10-23,603444,211.0,213.21,212.99,209.51
2017-10-24,603444,211.56,213.99,210.2,209.55
2017-10-25,603444,214.72,215.0,212.0,209.91
2017-10-26,603444,216.26,218.0,212.5,210.4
2017-10-27,603444,216.67,217.87,216.94,214.77
2017-10-30,603444,209.29,217.65,216.7,208.0
2017-10-31,603444,212.02,213.3,208.5,208.5
2017-11-01,603444,222.37,228.0,211.21,210.02
2017-11-02,603444,231.98,234.0,222.44,218.9
2017-11-03,603444,230.32,232.44,230.81,228.0
2017-11-06,603444,230.77,234.99,231.23,227.02
2017-11-07,603444,224.15,230.57,229.77,223.53
2017-11-08,603444,223.93,226.3,223.77,222.59
2017-11-09,603444,240.21,243.5,223.0,222.83
2017-11-10,603444,238.94,241.99,240.21,235.2
2017-11-13,603444,243.71,250.0,239.53,239.5
2017-11-14,603444,240.31,248.13,243.0,240.2
2017-11-15,603444,246.36,246.66,238.53,238.51
2017-11-16,603444,244.08,254.0,247.69,243.89
2017-11-17,603444,230.52,242.01,242.01,229.06
2017-11-20,603444,245.13,245.6,230.51,228.78
2017-11-21,603444,244.63,246.69,245.18,237.0
2017-11-22,603444,239.82,245.82,243.7,237.2
2017-11-23,603444,231.46,239.81,238.04,231.18
2017-11-24,603444,237.7,240.8,230.29,230.0
2017-11-27,603444,221.03,238.1,238.0,220.0
2017-11-28,603444,225.64,225.88,219.9,219.9
2017-11-29,603444,220.29,226.39,224.75,216.61
2017-11-30,603444,221.2,224.68,220.88,219.0
2017-12-01,603444,222.09,222.97,221.21,217.45
2017-12-04,603444,206.8,218.03,218.03,206.6
2017-12-05,603444,198.51,208.93,206.99,195.58
2017-12-06,603444,201.0,201.55,197.89,195.18
2017-12-07,603444,198.95,201.68,198.8,198.5
2017-12-08,603444,201.67,203.18,198.84,198.02
2017-12-11,603444,202.6,204.0,201.45,200.1
2017-12-12,603444,197.76,202.5,201.9,197.48
2017-12-13,603444,198.11,198.79,196.98,196.08
2017-12-14,603444,196.94,198.11,197.97,196.16
2017-12-15,603444,191.61,197.5,197.48,191.1
2017-12-18,603444,185.18,191.79,191.7,183.7
2017-12-19,603444,187.97,188.55,184.55,184.55
2017-12-20,603444,183.86,187.98,187.97,183.09
2017-12-21,603444,185.66,186.3,185.0,183.61
2017-12-22,603444,184.76,187.0,185.67,184.31
2017-12-25,603444,177.77,183.0,182.9,173.07
2017-12-26,603444,181.18,181.55,176.9,176.38
2017-12-27,603444,177.25,179.96,179.96,176.66
2017-12-28,603444,189.83,194.78,178.5,176.8
2017-12-29,603444,183.93,186.86,185.1,182.22
2018-01-02,603444,182.45,183.8,183.8,179.35
2018-01-03,603444,187.99,190.25,181.11,180.0
2018-01-04,603444,195.6,200.1,182.8,182.8
2018-01-05,603444,197.73,203.0,194.52,194.5
2018-01-08,603444,208.72,210.1,199.19,197.1
2018-01-09,603444,200.76,206.94,204.0,200.01
2018-01-10,603444,196.52,202.0,202.0,194.0
2018-01-11,603444,205.58,206.68,195.0,194.0
2018-01-12,603444,213.75,221.98,204.56,204.0
2018-01-15,603444,212.19,223.5,215.32,208.8
2018-01-16,603444,207.51,215.9,203.5,203.5
2018-01-17,603444,204.74,208.96,208.96,203.77
2018-01-18,603444,200.03,205.9,204.99,199.0
2018-01-19,603444,199.48,203.34,200.2,197.11
2018-01-22,603444,199.37,202.48,200.0,198.27
2018-01-23,603444,190.71,199.0,198.95,190.0
2018-01-24,603444,195.1,196.43,190.0,188.0
2018-01-25,603444,190.84,195.94,195.1,190.71
2018-01-26,603444,197.23,199.26,190.88,190.88
2018-01-29,603444,193.01,200.0,196.2,191.58
2018-01-30,603444,188.42,194.12,193.01,187.06
2018-01-31,603444,181.64,188.38,188.38,181.33
2018-02-01,603444,179.54,183.62,181.88,178.29
2018-02-02,603444,178.42,181.89,179.54,174.81
2018-02-05,603444,174.43,176.7,176.58,173.82
2018-02-06,603444,162.96,170.79,170.0,162.01
2018-02-07,603444,167.47,168.67,167.98,162.0
2018-02-08,603444,168.42,168.8,167.01,165.61
2018-02-09,603444,151.58,165.42,164.1,151.58
2018-02-12,603444,151.57,153.18,149.9,139.75
2018-02-13,603444,142.55,149.79,148.01,142.49
2018-02-14,603444,143.7,146.3,143.0,142.06
2018-02-22,603444,145.47,146.4,145.0,144.01
2018-02-23,603444,147.5,148.99,145.5,145.5
2018-02-26,603444,156.68,158.6,149.0,146.71
2018-02-27,603444,156.98,158.81,156.9,154.18
2018-02-28,603444,156.18,158.44,155.64,152.0
2018-03-01,603444,158.32,158.95,154.05,154.04
2018-03-02,603444,156.51,160.55,157.5,156.08
2018-03-05,603444,157.59,157.8,156.52,154.25
2018-03-06,603444,164.9,168.28,157.55,157.55
2018-03-07,603444,160.58,165.6,165.33,160.5
2018-03-08,603444,161.3,164.28,160.34,159.0
2018-03-09,603444,166.77,167.1,161.96,161.0
2018-03-12,603444,168.26,169.88,166.98,165.5
2018-03-13,603444,164.71,167.59,167.05,164.45
2018-03-14,603444,163.58,165.97,163.47,163.0
2018-03-15,603444,157.0,162.8,162.8,154.88
2018-03-16,603444,158.82,161.99,157.47,157.47
2018-03-19,603444,168.62,170.22,158.1,158.1
2018-03-20,603444,167.95,168.7,166.8,165.01
2018-03-21,603444,163.42,169.8,169.28,162.6
2018-03-22,603444,163.39,165.98,163.61,161.8
2018-03-23,603444,147.3,159.0,157.78,147.08
2018-03-26,603444,152.24,152.38,143.11,143.11
2018-03-27,603444,157.49,158.84,153.61,153.59
2018-03-28,603444,164.06,166.76,155.06,153.5
2018-03-29,603444,165.5,169.91,165.0,163.0
2018-03-30,603444,172.07,172.88,166.2,166.2
2018-04-02,603444,168.88,173.85,172.89,168.02
2018-04-03,603444,161.99,162.9,160.18,155.5
2018-04-04,603444,158.9,164.5,162.88,158.39
2018-04-09,603444,158.38,160.65,157.31,155.0
2018-04-10,603444,156.36,160.2,160.17,154.29
2018-04-11,603444,156.35,158.33,156.91,156.08
2018-04-12,603444,156.55,158.88,155.81,155.31
2018-04-13,603444,155.5,158.37,157.56,155.01
2018-04-16,603444,155.8,158.28,154.0,153.01
2018-04-17,603444,151.87,157.0,156.0,151.66
2018-04-18,603444,152.68,153.59,153.0,148.0
2018-04-19,603444,152.03,153.65,151.7,151.01
2018-04-20,603444,148.1,152.2,151.88,147.8
2018-04-23,603444,146.72,149.98,148.86,144.88
2018-04-24,603444,152.63,152.68,146.1,146.1
2018-04-25,603444,153.03,155.68,152.06,151.19
2018-04-26,603444,147.62,153.0,152.17,147.5
2018-04-27,603444,148.06,149.47,148.51,147.2
2018-05-02,603444,149.33,150.0,148.58,148.3
2018-05-03,603444,154.76,155.0,148.93,147.35
2018-05-04,603444,153.22,155.55,154.8,153.02
2018-05-07,603444,157.1,157.97,154.3,153.51
2018-05-08,603444,157.41,157.5,157.11,155.9
2018-05-09,603444,158.27,160.4,157.44,156.63
2018-05-10,603444,156.59,158.5,158.3,155.99
2018-05-11,603444,150.6,155.59,155.59,150.5
2018-05-14,603444,148.61,150.88,150.7,148.5
2018-05-15,603444,152.33,152.48,148.8,148.78
2018-05-16,603444,151.45,153.46,151.04,150.12
2018-05-17,603444,152.22,152.65,151.5,151.06
2018-05-18,603444,150.88,152.31,152.2,149.2
2018-05-21,603444,153.29,153.97,151.01,150.3
2018-05-22,603444,154.01,154.24,153.07,152.0
2018-05-23,603444,151.62,153.99,153.5,150.5
2018-05-24,603444,151.19,152.82,152.82,151.06
2018-05-25,603444,147.93,151.21,151.01,147.51
2018-05-28,603444,148.09,149.58,146.85,146.5
2018-05-29,603444,147.13,149.46,147.94,147.07
2018-05-30,603444,141.49,146.0,146.0,141.26
2018-05-31,603444,144.04,144.19,142.7,142.3
2018-06-01,603444,142.75,144.41,142.88,142.16
2018-06-04,603444,143.09,144.39,143.0,142.5
2018-06-05,603444,146.05,146.15,143.66,142.51
2018-06-06,603444,145.09,145.89,145.5,144.18
2018-06-07,603444,143.7,146.41,145.08,143.68
2018-06-08,603444,141.71,143.98,143.57,140.68
2018-06-11,603444,141.81,142.88,141.55,140.04
2018-06-12,603444,142.74,142.94,141.8,140.18
2018-06-13,603444,139.84,143.0,143.0,139.81
2018-06-14,603444,141.03,141.5,139.7,139.11
2018-06-15,603444,138.77,141.66,140.5,136.31
2018-06-19,603444,126.98,136.59,136.45,124.89
2018-06-20,603444,128.31,129.59,126.5,124.51
2018-06-21,603444,123.0,128.99,128.38,122.69
2018-06-22,603444,126.21,126.8,122.68,120.7
2018-06-25,603444,123.57,127.9,126.99,123.5
2018-06-26,603444,125.1,125.3,120.0,118.0
2018-06-27,603444,122.22,125.47,124.34,121.66
2018-06-28,603444,123.04,125.95,122.0,121.75
2018-06-29,603444,127.79,128.25,123.44,121.58
2018-07-02,603444,123.96,127.79,127.79,123.58
2018-07-03,603444,127.1,127.5,124.33,123.1
2018-07-04,603444,123.88,126.45,126.45,123.72
2018-07-05,603444,123.64,125.61,123.88,122.95
2018-07-06,603444,124.67,126.66,123.88,121.15
2018-07-09,603444,126.29,126.49,124.67,124.1
2018-07-10,603444,125.41,126.7,126.13,124.25
2018-07-11,603444,121.22,124.06,124.06,119.8
2018-07-12,603444,124.74,125.12,120.98,120.92
2018-07-13,603444,131.54,133.26,124.74,124.74
2018-07-16,603444,129.54,130.94,129.5,128.68
2018-07-17,603444,127.6,129.86,129.54,126.62
2018-07-18,603444,126.05,128.77,125.92,125.92
2018-07-19,603444,123.61,126.6,126.49,122.5
2018-07-20,603444,124.38,125.27,122.5,122.5
2018-07-23,603444,125.42,126.97,124.81,122.66
2018-07-24,603444,127.69,128.56,125.5,124.61
2018-07-25,603444,126.98,129.68,127.65,126.56
2018-07-26,603444,124.5,127.5,127.11,123.5
2018-07-27,603444,123.52,124.7,123.8,123.05
2018-07-30,603444,121.9,123.74,123.11,121.43
2018-07-31,603444,121.43,122.56,119.91,119.91
2018-08-01,603444,120.1,123.8,121.51,118.88
2018-08-02,603444,113.49,119.8,119.21,111.21
2018-08-03,603444,112.05,114.6,114.6,112.0
2018-08-06,603444,111.94,112.93,112.05,109.6
2018-08-07,603444,117.23,117.48,111.94,111.1
2018-08-08,603444,117.08,119.9,116.49,116.01
2018-08-09,603444,121.02,122.6,117.08,116.5
2018-08-10,603444,122.14,122.67,120.65,120.0
2018-08-13,603444,123.19,124.73,121.08,118.9
2018-08-14,603444,128.74,129.57,122.8,121.01
2018-08-15,603444,126.27,128.16,128.16,125.31
2018-08-16,603444,122.72,124.48,119.2,119.0
2018-08-17,603444,119.39,124.6,122.72,119.19
2018-08-20,603444,121.91,122.48,119.0,119.0
2018-08-21,603444,125.4,126.51,121.5,121.4
2018-08-22,603444,126.39,126.55,125.2,124.0
2018-08-23,603444,124.88,127.48,126.5,123.8
2018-08-24,603444,128.6,135.0,124.88,124.88
2018-08-27,603444,132.3,133.33,128.8,128.11
2018-08-28,603444,136.5,137.52,131.5,131.03
2018-08-29,603444,135.34,136.44,136.37,133.44
2018-08-30,603444,135.32,138.6,135.0,134.13
2018-08-31,603444,127.3,133.37,132.1,127.01
2018-09-03,603444,136.06,137.49,127.3,127.03
2018-09-04,603444,136.8,139.8,136.59,136.06
2018-09-05,603444,135.52,139.5,138.87,135.0
2018-09-06,603444,133.1,135.9,135.9,131.32
2018-09-07,603444,131.57,137.76,133.66,131.5
2018-09-10,603444,129.31,132.9,131.51,128.88
2018-09-11,603444,126.2,129.76,128.87,124.25
2018-09-12,603444,126.26,128.16,126.38,125.0
2018-09-13,603444,124.65,127.94,127.0,122.22
2018-09-14,603444,124.01,126.57,124.31,123.58
2018-09-17,603444,123.68,124.86,123.65,122.2
2018-09-18,603444,121.46,124.06,123.88,117.0
2018-09-19,603444,122.4,123.45,120.29,119.35
2018-09-20,603444,120.03,122.39,122.0,119.8
2018-09-21,603444,121.19,121.76,120.18,117.6
2018-09-25,603444,115.95,120.4,120.3,115.84
2018-09-26,603444,118.53,118.69,116.89,115.32
2018-09-27,603444,116.16,118.48,118.4,116.0
2018-09-28,603444,116.35,116.82,116.18,115.62
2018-10-08,603444,113.0,115.45,114.5,111.58
2018-10-09,603444,112.99,114.88,113.0,112.62
2018-10-10,603444,113.5,114.78,113.0,112.7
2018-10-11,603444,102.15,106.7,106.0,102.15
2018-10-12,603444,98.73,100.49,98.5,95.59
2018-10-15,603444,96.11,100.24,98.51,96.05
2018-10-16,603444,97.3,99.66,96.8,96.11
2018-10-17,603444,98.03,99.66,98.61,95.59
2018-10-18,603444,94.01,97.8,97.8,93.12
2018-10-19,603444,97.31,97.67,93.3,92.88
2018-10-22,603444,103.0,103.96,98.01,98.0
2018-10-23,603444,99.38,103.62,103.62,98.18
2018-10-24,603444,100.16,100.99,99.3,98.66
2018-10-25,603444,103.45,106.78,97.88,97.03
2018-10-26,603444,102.77,105.5,104.11,102.52
2018-10-29,603444,102.16,103.46,102.77,100.18
2018-10-30,603444,104.0,104.39,101.5,101.44
2018-10-31,603444,107.73,109.77,103.55,103.5
2018-11-01,603444,117.7,118.5,108.69,108.69
2018-11-02,603444,126.15,126.8,119.0,119.0
2018-11-05,603444,126.42,129.96,126.0,123.01
2018-11-06,603444,125.38,126.2,125.25,122.66
2018-11-07,603444,126.58,133.41,125.01,124.81
2018-11-08,603444,127.97,132.48,129.54,126.96
2018-11-09,603444,126.6,130.0,129.15,125.55
2018-11-12,603444,136.38,139.25,126.58,126.12
2018-11-13,603444,137.31,139.18,133.96,133.95
2018-11-14,603444,136.42,139.88,135.97,134.06
2018-11-15,603444,139.0,142.77,137.02,136.8
2018-11-16,603444,138.05,141.0,139.54,137.5
2018-11-19,603444,136.48,139.57,137.3,133.88
2018-11-20,603444,130.8,139.0,136.54,130.5
2018-11-21,603444,139.52,141.23,130.8,130.46
2018-11-22,603444,134.75,141.88,141.0,133.18
2018-11-23,603444,133.62,138.8,135.07,131.38
2018-11-26,603444,128.14,136.44,133.78,125.77
2018-11-27,603444,132.81,134.18,129.68,129.68
2018-11-28,603444,136.48,136.88,134.07,130.51
2018-11-29,603444,132.0,137.36,137.3,131.58
2018-11-30,603444,134.29,136.47,132.0,130.4
2018-12-03,603444,143.09,144.44,136.95,135.28
2018-12-04,603444,141.08,142.9,142.0,138.15
2018-12-05,603444,140.55,141.88,138.73,137.44
2018-12-06,603444,138.16,141.2,138.9,136.0
2018-12-07,603444,135.46,138.0,138.0,133.9
2018-12-10,603444,148.01,149.01,134.0,131.9
2018-12-11,603444,154.88,158.2,152.15,150.0
2018-12-12,603444,152.05,154.8,154.8,150.63
2018-12-13,603444,152.99,154.33,152.96,151.01
2018-12-14,603444,153.19,158.13,153.15,152.25
2018-12-17,603444,153.8,155.5,152.8,147.01
2018-12-18,603444,160.3,160.4,152.8,152.58
2018-12-19,603444,149.02,159.43,159.43,147.73
2018-12-20,603444,149.9,153.48,148.3,147.8
2018-12-21,603444,157.04,161.68,151.6,150.0
2018-12-24,603444,157.08,158.83,156.02,154.85
2018-12-25,603444,154.14,156.82,156.02,149.18
2018-12-26,603444,152.31,156.3,156.19,150.5
2018-12-27,603444,151.54,157.88,154.25,151.53
2018-12-28,603444,148.0,154.41,151.0,146.0
2019-01-02,603444,152.01,153.3,149.94,148.08
2019-01-03,603444,148.5,153.0,150.7,147.44
2019-01-04,603444,151.71,152.5,146.14,145.89
2019-01-07,603444,153.26,155.0,152.99,150.5
2019-01-08,603444,151.25,154.66,152.5,150.51
2019-01-09,603444,152.75,155.98,151.51,151.51
2019-01-10,603444,154.0,155.25,151.7,151.7
2019-01-11,603444,158.2,158.6,153.21,153.13
2019-01-14,603444,158.0,162.57,159.2,157.0
2019-01-15,603444,158.37,158.85,158.0,156.38
2019-01-16,603444,163.01,164.83,157.81,157.81
2019-01-17,603444,160.71,163.54,162.98,160.33
2019-01-18,603444,161.18,163.0,161.21,158.06
2019-01-21,603444,160.4,162.43,160.34,158.23
2019-01-22,603444,160.38,163.49,160.81,158.7
2019-01-23,603444,159.5,160.68,158.88,156.88
2019-01-24,603444,159.5,160.7,159.58,156.8
2019-01-25,603444,158.8,160.86,159.0,158.41
2019-01-28,603444,159.91,163.48,159.36,158.21
2019-01-29,603444,149.64,158.96,158.42,148.51
2019-01-30,603444,152.5,155.38,148.01,147.64
2019-01-31,603444,151.99,156.37,153.5,150.6
2019-02-01,603444,155.25,155.56,151.23,151.23
2019-02-11,603444,157.02,157.73,156.6,152.77
2019-02-12,603444,159.57,161.0,157.01,156.12
2019-02-13,603444,158.58,160.55,160.5,157.08
2019-02-14,603444,157.0,158.68,158.68,154.5
2019-02-15,603444,154.0,158.43,156.37,153.86
2019-02-18,603444,158.75,159.1,154.0,154.0
2019-02-19,603444,155.75,162.0,160.0,155.75
2019-02-20,603444,149.8,156.0,156.0,148.8
2019-02-21,603444,150.41,153.19,150.33,149.8
2019-02-22,603444,152.01,152.48,149.5,149.5
2019-02-25,603444,160.13,160.35,153.03,152.0
2019-02-26,603444,169.3,172.83,160.11,159.2
2019-02-27,603444,165.69,171.65,168.7,165.2
2019-02-28,603444,177.24,178.68,166.1,166.1
2019-03-01,603444,172.02,178.0,178.0,169.88
2019-03-04,603444,170.87,174.5,173.0,169.9
2019-03-05,603444,171.45,171.49,170.6,167.38
2019-03-06,603444,170.95,172.62,171.43,168.3
2019-03-07,603444,175.52,178.5,171.7,170.25
2019-03-08,603444,169.05,174.0,172.76,168.18
2019-03-11,603444,185.96,185.96,170.11,169.16
2019-03-12,603444,204.56,204.56,190.0,190.0
2019-03-13,603444,192.97,207.88,205.0,190.88
2019-03-14,603444,184.7,195.09,190.64,183.88
2019-03-15,603444,186.9,192.42,186.74,184.5
2019-03-18,603444,193.44,195.55,186.9,185.81
2019-03-19,603444,212.78,212.78,194.0,193.88
2019-03-20,603444,207.5,217.0,217.0,204.98
2019-03-21,603444,213.22,218.88,212.47,209.58
2019-03-22,603444,213.88,218.0,211.0,208.02
2019-03-25,603444,206.78,212.55,208.0,205.4
2019-03-26,603444,201.09,211.99,209.39,198.98
2019-03-27,603444,198.09,204.0,203.61,193.4
2019-03-28,603444,194.6,199.99,197.58,194.28
2019-03-29,603444,206.43,207.7,196.47,193.26
2019-04-01,603444,209.72,210.8,209.25,204.0
2019-04-02,603444,205.83,209.7,209.4,205.09
2019-04-03,603444,218.51,219.5,206.0,205.89
2019-04-04,603444,210.35,216.3,216.0,200.11
2019-04-08,603444,204.0,207.0,207.0,200.82
2019-04-09,603444,207.49,210.0,204.1,203.11
2019-04-10,603444,220.51,228.0,228.0,220.0
2019-04-11,603444,238.77,241.98,222.05,222.05
2019-04-12,603444,222.78,237.47,237.47,220.0
2019-04-15,603444,213.12,225.7,225.0,212.61
2019-04-16,603444,217.35,217.66,213.88,212.1
2019-04-17,603444,222.22,226.23,217.29,214.0
2019-04-18,603444,226.77,228.5,219.8,218.07
2019-04-19,603444,224.3,228.3,225.88,223.22
2019-04-22,603444,226.2,229.8,223.93,223.93
2019-04-23,603444,219.04,225.68,225.68,216.58
2019-04-24,603444,222.8,225.58,219.4,218.56
2019-04-25,603444,218.5,222.0,221.32,217.21
2019-04-26,603444,216.52,233.59,222.0,216.5
2019-04-29,603444,226.6,230.0,217.0,216.52
2019-04-30,603444,227.0,227.8,223.14,219.81
2019-05-06,603444,221.7,227.4,222.0,215.11
2019-05-07,603444,222.18,226.17,220.3,217.2
2019-05-08,603444,218.46,221.5,217.0,215.11
2019-05-09,603444,209.3,218.39,215.0,206.66
2019-05-10,603444,213.78,214.39,209.0,207.95
2019-05-13,603444,214.45,215.96,212.93,210.8
2019-05-14,603444,222.53,224.98,212.24,211.94
2019-05-15,603444,226.18,226.99,223.3,220.6
2019-05-16,603444,234.7,241.98,228.03,227.4
2019-05-17,603444,228.9,238.5,234.5,228.02
2019-05-20,603444,221.69,232.59,229.64,216.0
2019-05-21,603444,223.73,225.48,219.99,217.2
2019-05-22,603444,208.09,211.95,209.0,207.61
2019-05-23,603444,194.43,208.0,206.5,191.1
2019-05-24,603444,196.09,198.87,190.77,190.77
2019-05-27,603444,204.95,205.0,196.99,193.8
2019-05-28,603444,204.46,206.76,202.95,202.81
2019-05-29,603444,206.0,207.27,203.9,201.02
2019-05-30,603444,203.43,205.99,205.01,202.02
2019-05-31,603444,205.0,208.29,205.28,202.92
2019-06-03,603444,203.0,209.0,204.9,202.93
2019-06-04,603444,201.7,205.44,203.36,198.3
2019-06-05,603444,198.5,204.4,204.4,195.69
2019-06-06,603444,190.0,198.5,198.5,189.11
2019-06-10,603444,194.79,194.87,189.8,187.0
2019-06-11,603444,197.8,198.37,194.69,192.0
2019-06-12,603444,194.2,197.49,197.49,193.11
2019-06-13,603444,196.28,197.78,194.3,192.58
2019-06-14,603444,196.06,199.5,196.72,195.9
2019-06-17,603444,197.31,199.5,195.51,193.0
2019-06-18,603444,196.51,199.26,196.26,195.61
2019-06-19,603444,198.33,202.6,199.0,198.1
2019-06-20,603444,202.95,203.93,198.78,197.18
2019-06-21,603444,209.99,210.5,203.0,202.86
2019-06-24,603444,212.0,213.8,210.0,208.31
2019-06-25,603444,209.1,214.99,212.01,206.25
2019-06-26,603444,208.5,211.88,208.95,208.08
2019-06-27,603444,212.37,213.0,210.39,208.5
2019-06-28,603444,209.96,213.48,211.91,208.88
2019-07-01,603444,230.1,230.96,212.5,212.14
2019-07-02,603444,218.95,227.5,227.5,218.13
2019-07-03,603444,215.11,220.38,220.0,214.0
2019-07-04,603444,219.29,219.98,214.97,214.45
2019-07-05,603444,223.6,226.55,218.2,217.0
2019-07-08,603444,222.33,226.16,222.73,216.55
2019-07-09,603444,216.98,223.43,222.33,215.8
2019-07-10,603444,211.91,218.0,217.99,210.81
2019-07-11,603444,211.9,217.96,212.0,210.01
2019-07-12,603444,211.3,212.2,212.2,207.77
2019-07-15,603444,213.35,214.15,211.3,206.6
2019-07-16,603444,214.43,214.85,212.0,211.02
2019-07-17,603444,211.27,215.2,213.69,210.1
2019-07-18,603444,207.88,211.0,210.0,207.7
2019-07-19,603444,208.0,211.0,207.8,207.16
2019-07-22,603444,201.8,209.87,209.0,201.18
2019-07-23,603444,211.5,212.53,200.31,200.31
2019-07-24,603444,208.8,213.5,211.0,207.31
2019-07-25,603444,209.4,210.0,208.08,206.21
2019-07-26,603444,211.5,212.85,208.8,207.1
2019-07-29,603444,218.1,219.96,211.27,210.86
2019-07-30,603444,225.16,230.0,218.93,217.03
2019-07-31,603444,225.0,227.2,224.67,223.0
2019-08-01,603444,221.02,224.0,222.2,218.99
2019-08-02,603444,218.72,221.0,217.83,214.51
2019-08-05,603444,214.5,219.28,217.43,213.99
2019-08-06,603444,212.6,215.86,210.52,210.01
2019-08-07,603444,217.72,223.5,212.6,212.1
2019-08-08,603444,219.63,221.0,218.49,214.15
2019-08-09,603444,213.5,221.0,221.0,212.3
2019-08-12,603444,217.8,217.8,213.32,212.33
2019-08-13,603444,225.8,226.86,224.0,218.0
2019-08-14,603444,239.0,245.55,227.45,227.45
2019-08-15,603444,247.17,248.0,235.1,234.88
2019-08-16,603444,247.77,251.5,246.0,245.0
2019-08-19,603444,266.01,268.88,250.75,250.62
2019-08-20,603444,264.59,279.98,266.0,262.01
2019-08-21,603444,272.2,274.94,265.0,264.5
2019-08-22,603444,272.18,274.6,271.44,266.97
2019-08-23,603444,275.7,285.0,274.64,271.5
2019-08-26,603444,274.56,278.79,269.77,268.6
2019-08-27,603444,272.45,276.99,275.51,271.0
2019-08-28,603444,269.25,274.83,274.8,265.22
2019-08-29,603444,268.0,272.79,269.26,267.5
2019-08-30,603444,267.97,272.99,270.99,263.4
2019-09-02,603444,265.98,268.51,268.51,258.5
2019-09-03,603444,279.9,284.77,266.98,266.96
2019-09-04,603444,269.5,279.85,279.0,260.28
2019-09-05,603444,266.88,270.9,268.49,265.7
2019-09-06,603444,269.18,273.8,267.53,264.38
2019-09-09,603444,278.3,278.5,271.24,266.68
2019-09-10,603444,271.59,277.98,277.98,270.53
2019-09-11,603444,274.97,275.69,272.2,270.15
2019-09-12,603444,266.57,273.89,273.89,263.65
2019-09-16,603444,274.76,278.47,267.98,266.63
2019-09-17,603444,268.88,275.08,275.0,268.68
2019-09-18,603444,281.27,283.98,270.54,270.31
2019-09-19,603444,278.08,282.65,282.56,269.0
2019-09-20,603444,278.01,280.18,275.01,274.2
2019-09-23,603444,274.77,277.88,277.88,269.8
2019-09-24,603444,295.03,295.24,274.99,274.98
2019-09-25,603444,282.8,293.98,293.94,281.0
2019-09-26,603444,261.0,284.79,281.9,254.52
2019-09-27,603444,272.44,274.83,261.0,260.1
2019-09-30,603444,270.08,275.8,273.5,265.01
2019-10-08,603444,263.69,274.49,270.01,263.0
2019-10-09,603444,264.04,267.4,264.92,261.22
2019-10-10,603444,268.9,270.79,267.53,262.28
2019-10-11,603444,273.1,275.55,268.9,267.91
2019-10-14,603444,277.51,281.35,275.0,271.5
2019-10-15,603444,276.41,279.91,276.94,273.07
2019-10-16,603444,282.97,284.98,276.88,274.0
2019-10-17,603444,290.37,297.11,282.34,279.01
2019-10-18,603444,296.43,299.17,287.63,285.21
2019-10-21,603444,287.06,299.0,293.97,280.61
2019-10-22,603444,293.85,295.0,288.9,283.4
2019-10-23,603444,277.61,286.08,286.0,272.13
2019-10-24,603444,274.68,280.17,275.88,272.4
2019-10-25,603444,275.54,275.88,275.1,268.5
2019-10-28,603444,276.23,279.99,275.99,272.66
2019-10-29,603444,273.57,278.55,278.55,273.13
2019-10-30,603444,272.22,275.27,273.97,271.45
2019-10-31,603444,268.95,274.5,272.7,268.66
2019-11-01,603444,264.22,270.5,268.4,263.38
2019-11-04,603444,271.26,273.98,265.38,265.38
2019-11-05,603444,270.0,272.43,271.26,266.9
2019-11-06,603444,261.99,270.54,268.36,261.01
2019-11-07,603444,263.88,264.87,261.99,261.11
2019-11-08,603444,262.0,268.33,265.53,261.49
2019-11-11,603444,258.1,263.72,261.78,257.77
2019-11-12,603444,258.4,260.93,259.59,255.58
2019-11-13,603444,264.1,265.5,258.39,256.05
2019-11-14,603444,263.69,264.94,264.38,262.0
2019-11-15,603444,277.35,280.46,264.79,263.8
2019-11-18,603444,282.2,283.99,276.0,275.0
2019-11-19,603444,308.0,309.88,281.73,280.03
2019-11-20,603444,310.16,325.0,310.0,307.0
2019-11-21,603444,318.5,319.8,316.35,310.16
2019-11-22,603444,316.38,329.5,317.79,312.03
2019-11-25,603444,310.6,321.01,316.0,301.5
2019-11-26,603444,311.75,316.5,315.98,304.18
2019-11-27,603444,302.48,308.88,307.54,300.0
2019-11-28,603444,300.47,303.9,300.0,298.18
2019-11-29,603444,293.27,301.0,301.0,287.39
2019-12-02,603444,293.73,297.58,294.64,290.19
2019-12-03,603444,290.01,293.7,293.45,287.02
2019-12-04,603444,291.97,294.93,290.71,288.12
2019-12-05,603444,294.81,295.18,291.98,286.68
2019-12-06,603444,300.36,302.71,291.06,288.19
2019-12-09,603444,306.14,311.66,299.05,299.05
2019-12-10,603444,307.6,308.94,305.05,302.1
2019-12-11,603444,305.15,314.3,307.19,303.0
2019-12-12,603444,297.38,305.66,304.97,297.12
2019-12-13,603444,299.7,306.0,299.58,298.2
2019-12-16,603444,322.22,325.8,300.63,300.63
2019-12-17,603444,313.13,323.55,323.12,312.01
2019-12-18,603444,318.5,322.88,313.92,311.02
2019-12-19,603444,319.99,330.33,318.0,316.18
2019-12-20,603444,313.78,319.58,316.4,312.55
2019-12-23,603444,305.0,315.6,312.03,301.3
2019-12-24,603444,309.61,310.69,305.2,304.97
2019-12-25,603444,309.29,318.0,306.5,306.5
2019-12-26,603444,303.09,312.4,308.68,300.0
2019-12-27,603444,296.99,304.88,301.4,296.5
2019-12-30,603444,302.45,302.66,297.85,293.0
2019-12-31,603444,298.49,306.62,301.62,298.0
2020-01-02,603444,313.34,315.61,301.68,296.11
2020-01-03,603444,306.39,315.0,311.95,305.38
2020-01-06,603444,337.03,337.03,306.31,306.31
2020-01-07,603444,363.55,365.0,337.04,331.18
2020-01-08,603444,357.02,366.36,356.41,355.0
2020-01-09,603444,358.75,368.55,361.74,347.99
2020-01-10,603444,362.78,367.37,359.88,353.03
2020-01-13,603444,368.0,372.99,363.6,360.2
2020-01-14,603444,369.05,378.74,367.06,365.18
2020-01-15,603444,369.97,375.82,369.05,366.02
2020-01-16,603444,365.45,372.99,370.0,365.01
2020-01-17,603444,367.0,374.95,366.33,364.02
2020-01-20,603444,372.22,376.98,369.3,365.1
2020-01-21,603444,370.0,377.0,373.0,366.2
2020-01-22,603444,368.48,372.98,367.11,362.0
2020-01-23,603444,372.5,393.19,366.9,366.9
2020-02-03,603444,352.5,385.9,336.06,336.06
2020-02-04,603444,371.07,378.8,358.71,358.71
2020-02-05,603444,370.36,377.0,373.11,360.0
2020-02-06,603444,405.88,406.88,371.0,366.66
2020-02-07,603444,413.84,418.64,404.07,393.01
2020-02-10,603444,410.22,425.99,410.98,406.0
2020-02-11,603444,409.5,417.17,412.98,403.39
2020-02-12,603444,419.0,423.1,409.8,406.01
2020-02-13,603444,415.42,422.0,418.0,407.21
2020-02-14,603444,422.95,438.5,411.7,411.0
2020-02-17,603444,433.5,439.98,429.0,419.02
2020-02-18,603444,430.93,436.49,432.0,424.0
2020-02-19,603444,410.0,430.91,429.2,408.0
2020-02-20,603444,416.5,423.0,413.8,409.0
2020-02-21,603444,445.99,452.5,419.84,417.02
2020-02-24,603444,436.2,443.97,440.93,431.8
2020-02-25,603444,423.02,434.0,428.89,410.5
2020-02-26,603444,400.5,424.0,417.37,398.0
2020-02-27,603444,422.88,428.0,405.5,405.0
2020-02-28,603444,418.2,432.0,414.73,403.66
2020-03-02,603444,415.88,423.49,418.15,400.0
2020-03-03,603444,426.12,443.31,417.99,417.0
2020-03-04,603444,417.9,421.12,421.12,406.23
2020-03-05,603444,413.27,422.0,420.5,407.65
2020-03-06,603444,416.38,421.88,410.96,405.0
2020-03-09,603444,400.0,414.95,409.0,400.0
2020-03-10,603444,402.3,405.8,392.0,384.62
2020-03-11,603444,391.3,411.14,401.2,389.12
2020-03-12,603444,382.58,391.29,388.91,377.29
2020-03-13,603444,383.77,388.36,362.26,362.26
2020-03-16,603444,365.11,392.68,391.65,365.03
2020-03-17,603444,368.4,372.0,366.74,341.02
2020-03-18,603444,371.07,382.99,369.0,362.2
2020-03-19,603444,377.24,378.8,371.0,364.0
2020-03-20,603444,405.33,411.2,381.0,379.83
2020-03-23,603444,394.68,410.98,397.0,386.86
2020-03-24,603444,392.18,402.28,397.47,380.0
2020-03-25,603444,402.39,408.4,396.38,392.0
2020-03-26,603444,411.35,414.68,400.0,396.02
2020-03-27,603444,408.0,418.88,415.43,402.0
2020-03-30,603444,394.88,403.89,403.89,390.0
2020-03-31,603444,410.39,412.0,397.26,396.05
2020-04-01,603444,413.65,419.29,410.61,406.5
2020-04-02,603444,408.01,415.78,410.97,400.17
2020-04-03,603444,395.04,412.98,407.48,393.0
2020-04-07,603444,418.66,419.89,400.55,400.55
2020-04-08,603444,423.0,423.65,418.67,412.34
2020-04-09,603444,397.5,402.55,398.9,380.7
2020-04-10,603444,366.8,397.07,392.91,364.2
2020-04-13,603444,364.97,380.0,377.0,361.81
2020-04-14,603444,377.7,380.0,371.0,355.44
2020-04-15,603444,381.81,386.88,377.7,373.81
2020-04-16,603444,390.77,391.81,379.53,376.06
2020-04-17,603444,392.5,398.87,390.79,389.79
2020-04-20,603444,375.81,396.0,390.5,372.88
2020-04-21,603444,376.0,379.6,374.88,370.05
2020-04-22,603444,375.45,379.59,377.58,370.2
2020-04-23,603444,373.15,382.67,377.0,371.18
2020-04-24,603444,377.91,382.11,375.17,372.68
2020-04-27,603444,380.22,387.33,379.01,377.22
2020-04-28,603444,384.85,386.98,382.87,370.0
2020-04-29,603444,380.44,386.97,383.98,375.35
2020-04-30,603444,378.77,384.6,383.0,376.13
2020-05-06,603444,388.98,389.99,381.86,373.8
2020-05-07,603444,407.8,411.66,390.1,387.55
2020-05-08,603444,415.5,418.66,410.0,408.0
2020-05-11,603444,416.49,420.99,414.11,410.74
2020-05-12,603444,425.0,429.88,421.0,416.5
2020-05-13,603444,434.88,435.9,428.0,424.99
2020-05-14,603444,433.57,439.49,435.0,432.0
2020-05-15,603444,437.77,439.8,435.83,433.7
2020-05-18,603444,427.94,437.5,437.5,420.01
2020-05-19,603444,426.8,430.99,430.95,421.13
2020-05-20,603444,414.83,425.03,424.8,412.89
2020-05-21,603444,416.09,422.8,420.0,411.58
2020-05-22,603444,403.74,416.09,416.09,398.0
2020-05-25,603444,406.0,410.0,406.8,394.92
2020-05-26,603444,408.26,411.0,410.0,402.11
2020-05-27,603444,395.02,410.1,409.68,394.1
2020-05-28,603444,394.15,398.43,395.02,385.12
2020-05-29,603444,404.0,408.88,394.86,390.52
2020-06-01,603444,418.5,421.91,409.0,405.68
2020-06-02,603444,398.3,423.99,420.0,395.3
2020-06-03,603444,395.62,400.99,398.3,390.0
2020-06-04,603444,396.0,401.39,397.75,393.22
2020-06-05,603444,399.96,401.48,397.0,394.0
2020-06-08,603444,394.0,402.5,402.1,392.59
2020-06-09,603444,408.98,412.49,393.99,391.26
2020-06-10,603444,417.0,419.63,408.95,407.18
2020-06-11,603444,421.17,429.96,416.83,414.02
2020-06-12,603444,429.0,431.88,413.55,411.98
2020-06-15,603444,427.0,438.0,432.8,426.0
2020-06-16,603444,446.6,451.0,432.56,432.56
2020-06-17,603444,449.3,451.95,449.0,442.36
2020-06-18,603444,447.27,454.0,450.37,439.3
2020-06-19,603444,453.9,454.99,450.1,446.03
2020-06-22,603444,453.48,458.69,454.0,450.1
2020-06-23,603444,476.66,479.98,458.5,455.88
2020-06-24,603444,524.33,524.33,485.0,485.0
2020-06-29,603444,527.6,536.15,525.0,518.97
2020-06-30,603444,549.01,554.88,525.5,525.5
2020-07-01,603444,554.45,568.79,549.53,542.42
2020-07-02,603444,541.0,567.88,554.74,535.06
2020-07-03,603444,541.92,549.83,539.68,526.66
2020-07-06,603444,535.56,547.28,540.0,528.0
2020-07-07,603444,580.0,589.12,537.21,537.21
2020-07-08,603444,566.66,579.93,570.0,550.5
2020-07-09,603444,623.33,623.33,563.0,563.0
2020-07-10,603444,634.26,648.0,622.28,616.8
2020-07-13,603444,639.58,643.0,634.26,615.09
2020-07-14,603444,638.0,643.0,632.0,618.18
2020-07-15,603444,613.0,650.0,638.0,608.88
2020-07-16,603444,597.94,634.86,611.86,585.0
2020-07-17,603444,603.2,615.58,596.24,584.0
2020-07-20,603444,585.2,620.0,619.0,570.02
2020-07-21,603444,602.99,603.99,585.2,580.02
2020-07-22,603444,615.0,620.0,599.0,592.0
2020-07-23,603444,613.98,614.5,607.31,591.19
2020-07-24,603444,573.98,614.96,608.0,573.98
2020-07-27,603444,592.0,599.0,574.1,570.0
2020-07-28,603444,605.1,618.0,598.98,592.0
2020-07-29,603444,625.0,625.0,605.1,600.2
2020-07-30,603444,611.58,624.38,622.54,598.22
2020-07-31,603444,620.0,625.63,610.25,603.24
2020-08-03,603444,624.6,629.0,626.99,608.13
2020-08-04,603444,630.86,655.0,624.6,620.0
2020-08-05,603444,653.6,671.6,629.0,623.01
2020-08-06,603444,616.0,657.4,654.95,604.91
2020-08-07,603444,613.77,627.0,624.0,602.59
2020-08-10,603444,615.76,620.88,616.61,603.0
2020-08-11,603444,606.25,621.98,612.22,606.01
2020-08-12,603444,588.89,609.42,606.0,574.01
2020-08-13,603444,585.94,608.0,596.0,580.5
2020-08-14,603444,602.43,603.58,581.0,576.56
2020-08-17,603444,594.0,604.89,601.98,590.36
2020-08-18,603444,571.39,583.01,559.86,559.86
2020-08-19,603444,552.0,571.5,571.5,542.5
2020-08-20,603444,607.2,607.2,555.01,555.0
2020-08-21,603444,630.95,633.0,612.98,602.01
2020-08-24,603444,625.98,632.69,629.5,596.96
2020-08-25,603444,634.1,648.5,624.31,623.47
2020-08-26,603444,624.58,640.5,633.48,618.18
2020-08-27,603444,629.53,639.89,628.12,623.34
2020-08-28,603444,646.0,647.72,632.75,625.02
2020-08-31,603444,619.23,654.78,650.8,619.23
2020-09-01,603444,637.0,651.97,625.48,622.01
2020-09-02,603444,625.0,637.53,636.99,620.01
2020-09-03,603444,616.23,627.96,624.08,612.5
2020-09-04,603444,604.0,617.0,611.97,600.2
2020-09-07,603444,580.0,609.0,606.13,577.0
2020-09-08,603444,570.98,583.27,579.0,568.0
2020-09-09,603444,564.89,577.78,565.0,546.0
2020-09-10,603444,552.0,578.55,574.82,551.03
2020-09-11,603444,566.79,569.54,551.0,549.0
2020-09-14,603444,571.9,581.0,570.63,562.0
2020-09-15,603444,577.78,586.8,574.9,572.3
2020-09-16,603444,586.3,589.68,575.19,570.02
2020-09-17,603444,590.0,594.0,582.9,571.11
2020-09-18,603444,617.87,621.81,590.88,586.89
2020-09-21,603444,604.61,624.87,618.0,603.0
2020-09-22,603444,611.31,618.9,600.0,593.02
2020-09-23,603444,622.0,624.99,616.92,612.0
2020-09-24,603444,622.66,640.0,625.0,617.02
2020-09-25,603444,626.8,639.0,625.9,618.08
2020-09-28,603444,619.0,630.86,630.36,614.31
2020-09-29,603444,623.07,628.97,617.52,615.43
2020-09-30,603444,622.9,627.98,624.24,615.11
2020-10-09,603444,636.27,637.67,621.9,621.9
2020-10-12,603444,580.0,641.0,640.0,578.89
2020-10-13,603444,603.6,607.03,584.99,580.0
2020-10-14,603444,595.81,612.09,599.0,580.84
2020-10-15,603444,588.18,598.99,595.5,583.07
2020-10-16,603444,586.99,594.23,588.5,581.0
2020-10-19,603444,581.0,592.99,588.0,578.0
2020-10-20,603444,586.08,587.42,581.0,574.03
2020-10-21,603444,527.47,588.0,588.0,527.47
2020-10-22,603444,507.97,519.07,519.07,482.68
2020-10-23,603444,457.17,506.0,506.0,457.17
2020-10-26,603444,457.0,463.0,449.97,428.0
2020-10-27,603444,460.81,462.78,456.1,448.0
2020-10-28,603444,470.81,478.65,463.13,459.0
2020-10-29,603444,470.1,472.65,465.0,461.02
2020-10-30,603444,470.25,474.99,470.93,462.88
2020-11-02,603444,467.0,472.32,466.75,445.18
2020-11-03,603444,478.88,481.8,470.9,463.02
2020-11-04,603444,473.64,482.98,478.06,470.1
2020-11-05,603444,468.98,477.19,472.26,466.0
2020-11-06,603444,457.5,468.74,468.0,448.41
2020-11-09,603444,465.0,474.74,462.98,456.67
2020-11-10,603444,468.0,475.8,465.02,450.18
2020-11-11,603444,445.98,468.98,467.9,443.1
2020-11-12,603444,436.36,451.97,450.0,433.28
2020-11-13,603444,434.86,440.0,436.28,428.94
2020-11-16,603444,423.1,435.0,432.63,421.0
2020-11-17,603444,416.2,427.9,427.9,410.17
2020-11-18,603444,406.3,422.88,418.0,405.27
2020-11-19,603444,406.85,412.39,410.08,396.24
2020-11-20,603444,408.65,413.66,406.29,402.12
2020-11-23,603444,402.92,412.0,410.65,401.17
2020-11-24,603444,402.1,408.97,403.94,400.0
2020-11-25,603444,377.52,402.1,402.04,376.1
2020-11-26,603444,368.86,384.8,383.0,366.75
2020-11-27,603444,366.69,371.5,369.55,362.11
2020-11-30,603444,375.81,381.08,368.0,356.0
2020-12-01,603444,396.0,404.3,374.16,371.0
2020-12-02,603444,401.87,410.66,399.79,390.2
2020-12-03,603444,406.9,410.96,399.58,399.54
2020-12-04,603444,401.8,409.19,405.02,397.77
2020-12-07,603444,401.0,404.26,401.48,396.0
2020-12-08,603444,410.3,416.87,401.32,399.32
2020-12-09,603444,404.6,413.86,410.26,403.0
2020-12-10,603444,401.0,406.62,400.0,393.06
2020-12-11,603444,396.21,404.5,402.34,389.02
2020-12-14,603444,403.79,403.8,396.0,386.0
2020-12-15,603444,415.0,416.0,403.79,401.0
2020-12-16,603444,433.06,437.0,417.0,412.02
2020-12-17,603444,411.86,433.48,430.57,410.8
2020-12-18,603444,406.0,414.95,414.95,400.68
2020-12-21,603444,432.17,434.95,406.0,405.54
2020-12-22,603444,430.16,440.05,432.19,427.0
2020-12-23,603444,427.71,429.93,429.93,416.0
2020-12-24,603444,420.01,432.0,427.45,419.0
2020-12-25,603444,412.97,418.99,418.99,409.44
2020-12-28,603444,389.99,415.88,415.17,385.75
2020-12-29,603444,415.0,422.46,391.5,388.0
2020-12-30,603444,431.25,433.0,411.0,403.0
2020-12-31,603444,426.0,431.25,431.2,418.08
2021-01-04,603444,437.99,447.74,430.8,430.8
2021-01-05,603444,433.24,449.0,439.97,426.71
2021-01-06,603444,419.55,433.0,433.0,413.0
2021-01-07,603444,387.58,423.77,420.0,383.87
2021-01-08,603444,367.18,395.77,370.1,357.0
2021-01-11,603444,330.46,368.1,368.03,330.46
2021-01-12,603444,308.44,325.33,322.56,299.19
2021-01-13,603444,307.32,315.3,304.96,296.34
2021-01-14,603444,311.94,316.47,307.88,300.22
2021-01-15,603444,306.31,311.93,311.92,303.08
2021-01-18,603444,316.06,319.28,307.01,304.0
2021-01-19,603444,309.0,317.95,315.05,306.08
2021-01-20,603444,305.74,309.44,307.0,303.33
2021-01-21,603444,313.75,314.8,305.0,305.0
2021-01-22,603444,311.89,318.0,313.81,308.0
2021-01-25,603444,328.11,329.85,312.1,310.05
2021-01-26,603444,338.66,346.8,325.77,322.62
2021-01-27,603444,354.65,359.5,338.9,330.03
2021-01-28,603444,340.99,362.57,350.0,337.68
2021-01-29,603444,343.01,350.99,341.99,333.45
2021-02-01,603444,350.12,353.19,338.55,338.31
2021-02-02,603444,346.05,362.8,355.21,341.0
2021-02-03,603444,372.26,379.93,351.0,351.0
2021-02-04,603444,349.88,373.05,372.26,344.66
2021-02-05,603444,334.0,355.68,349.92,333.66
2021-02-08,603444,336.87,341.47,336.13,324.6
2021-02-09,603444,336.99,341.6,336.6,331.77
2021-02-10,603444,330.13,341.0,336.99,327.51
2021-02-18,603444,338.31,349.9,337.0,331.08
2021-02-19,603444,358.87,362.47,338.35,333.33
2021-02-22,603444,346.59,369.36,361.0,341.37
2021-02-23,603444,355.84,360.88,343.5,333.88
2021-02-24,603444,344.7,359.66,351.01,342.0
2021-02-25,603444,326.42,348.1,345.0,325.98
2021-02-26,603444,312.06,324.47,317.99,306.86
2021-03-01,603444,330.36,330.74,311.6,310.6
2021-03-02,603444,334.0,337.0,333.29,328.1
2021-03-03,603444,366.4,367.34,337.0,330.67
2021-03-04,603444,367.0,371.88,364.99,354.01
2021-03-05,603444,376.08,381.93,364.25,360.0
2021-03-08,603444,376.35,396.62,380.01,375.12
2021-03-09,603444,360.0,380.88,373.7,354.0
2021-03-10,603444,354.95,366.86,361.78,350.56
2021-03-11,603444,355.94,361.55,353.25,348.2
2021-03-12,603444,356.79,358.0,356.0,347.5
2021-03-15,603444,324.84,349.65,349.65,321.11
2021-03-16,603444,344.5,346.79,324.0,324.0
2021-03-17,603444,349.01,351.0,344.19,334.59
2021-03-18,603444,351.22,352.96,349.28,344.0
2021-03-19,603444,341.01,354.8,348.8,338.0
2021-03-22,603444,351.21,361.0,342.16,342.0
2021-03-23,603444,349.01,358.63,353.01,347.0
2021-03-24,603444,342.77,355.85,348.11,338.88
2021-03-25,603444,342.33,348.0,342.77,335.79
2021-03-26,603444,344.19,348.89,344.0,338.19
2021-03-29,603444,343.7,351.07,345.26,341.6
2021-03-30,603444,351.96,354.41,346.0,345.0
2021-03-31,603444,372.19,379.0,366.0,358.6
2021-04-01,603444,373.0,376.04,374.9,365.0
2021-04-02,603444,372.65,375.58,373.0,367.03
2021-04-06,603444,370.69,373.12,372.65,363.88
2021-04-07,603444,377.0,380.0,369.22,366.0
2021-04-08,603444,382.71,384.83,375.68,373.78
2021-04-09,603444,370.3,384.88,381.04,368.61
2021-04-12,603444,372.7,377.86,369.0,366.51
2021-04-13,603444,380.54,388.7,372.69,363.01
2021-04-14,603444,377.22,384.93,380.55,375.3
2021-04-15,603444,377.49,381.61,375.93,370.51
2021-04-16,603444,375.4,386.66,375.83,375.03
2021-04-19,603444,380.79,382.0,374.35,366.0
2021-04-20,603444,387.7,393.0,380.8,378.01
2021-04-21,603444,388.55,393.53,387.7,384.0
2021-04-22,603444,399.1,401.95,385.98,384.03
2021-04-23,603444,439.01,439.01,437.69,410.0
2021-04-26,603444,447.66,455.0,445.0,435.94
2021-04-27,603444,449.05,457.55,447.21,444.44
2021-04-28,603444,453.5,454.99,448.9,446.0
2021-04-29,603444,451.36,464.64,455.0,448.51
2021-04-30,603444,458.0,462.57,454.6,451.01
2021-05-06,603444,457.42,459.88,457.5,440.0
2021-05-07,603444,436.62,454.93,452.86,432.23
2021-05-10,603444,439.0,444.61,437.0,432.08
2021-05-11,603444,437.56,442.55,438.0,432.66
2021-05-12,603444,440.95,443.88,435.02,432.39
2021-05-13,603444,442.8,448.0,442.0,436.37
2021-05-14,603444,437.32,442.81,441.75,433.72
2021-05-17,603444,452.01,453.1,439.93,437.51
2021-05-18,603444,448.85,453.8,453.7,445.0
2021-05-19,603444,454.86,459.08,448.8,446.65
2021-05-20,603444,471.19,472.6,453.56,450.11
2021-05-21,603444,450.01,474.89,468.0,448.4
2021-05-24,603444,466.46,473.0,453.16,450.0
2021-05-25,603444,477.51,479.0,470.05,466.6
2021-05-26,603444,463.99,480.0,480.0,460.01
2021-05-27,603444,465.0,471.0,465.0,461.5
2021-05-28,603444,463.71,480.0,466.99,458.0
2021-05-31,603444,502.47,508.0,467.0,465.0
2021-06-01,603444,504.2,514.88,503.0,492.0
2021-06-02,603444,524.39,544.0,518.0,518.0
2021-06-03,603444,544.2,553.84,531.06,531.06
2021-06-04,603444,579.11,579.5,546.81,546.01
2021-06-07,603444,577.55,601.0,600.0,562.0
2021-06-08,603444,558.14,565.96,565.96,543.01
2021-06-09,603444,552.01,566.87,563.87,538.2
2021-06-10,603444,561.5,569.79,558.53,554.03
2021-06-11,603444,548.0,564.0,560.0,544.02
2021-06-15,603444,574.0,575.99,552.0,545.0
2021-06-16,603444,537.46,578.98,578.09,535.35
2021-06-17,603444,547.6,548.6,535.3,532.7
2021-06-18,603444,537.0,555.48,544.17,534.01
2021-06-21,603444,550.99,560.0,534.1,534.1
2021-06-22,603444,545.0,550.99,550.94,535.5
2021-06-23,603444,537.01,547.0,542.09,535.55
2021-06-24,603444,534.0,543.94,543.18,524.01
2021-06-25,603444,540.0,545.35,535.0,529.5
2021-06-28,603444,532.0,552.72,548.0,529.01
2021-06-29,603444,538.91,548.0,532.5,530.0
2021-06-30,603444,530.0,533.93,533.93,510.52
2021-07-01,603444,524.0,534.88,527.73,523.33
2021-07-02,603444,517.77,532.81,522.8,516.8
2021-07-05,603444,509.99,520.69,520.0,505.55
2021-07-06,603444,504.51,516.5,511.31,497.33
2021-07-07,603444,524.13,527.56,510.04,501.29
2021-07-08,603444,513.99,530.58,525.4,505.75
2021-07-09,603444,518.88,523.96,516.03,508.04
2021-07-12,603444,533.0,537.0,515.0,502.05
2021-07-13,603444,526.45,537.0,530.72,522.21
2021-07-14,603444,531.0,535.0,523.01,517.0
2021-07-15,603444,481.2,522.43,520.0,477.9
2021-07-16,603444,520.49,524.9,489.0,484.0
2021-07-19,603444,516.0,528.0,516.99,512.4
2021-07-20,603444,510.89,522.79,515.98,490.01
2021-07-21,603444,520.9,521.88,518.14,511.0
2021-07-22,603444,510.98,520.9,520.9,506.01
2021-07-23,603444,487.61,510.99,508.75,481.6
2021-07-26,603444,444.79,476.74,475.97,440.0
2021-07-27,603444,436.62,462.66,444.89,434.11
2021-07-28,603444,430.14,443.0,443.0,421.5
2021-07-29,603444,442.56,444.79,439.97,436.0
2021-07-30,603444,440.72,446.22,440.5,434.71
2021-08-02,603444,441.8,445.79,437.06,424.03
2021-08-03,603444,425.38,441.94,440.58,398.0
2021-08-04,603444,435.25,438.2,418.74,415.86
2021-08-05,603444,424.18,431.77,420.86,415.45
2021-08-06,603444,411.91,429.31,425.0,408.18
2021-08-09,603444,432.57,434.9,406.71,403.83
2021-08-10,603444,428.67,435.0,432.15,411.9
2021-08-11,603444,423.64,435.99,427.99,420.1
2021-08-12,603444,424.99,432.98,423.88,420.02
2021-08-13,603444,425.54,438.38,431.0,418.01
2021-08-16,603444,418.0,460.48,427.84,416.18
2021-08-17,603444,409.0,423.49,423.49,407.0
2021-08-18,603444,413.45,414.4,407.95,402.6
2021-08-19,603444,417.8,420.01,413.27,410.88
2021-08-20,603444,407.22,410.91,409.03,391.6
2021-08-23,603444,416.34,417.56,409.99,406.21
2021-08-24,603444,412.0,419.48,414.83,408.32
2021-08-25,603444,406.99,419.88,414.91,405.03
2021-08-26,603444,403.8,408.99,404.99,398.3
2021-08-27,603444,400.0,406.94,404.43,395.99
2021-08-30,603444,407.34,411.31,397.77,392.2
2021-08-31,603444,366.61,396.0,395.0,366.61
2021-09-01,603444,403.27,403.27,370.0,368.22
2021-09-02,603444,404.32,417.0,407.27,402.45
2021-09-03,603444,391.45,409.85,409.85,390.19
2021-09-06,603444,397.0,400.5,393.63,380.8
2021-09-07,603444,418.73,421.65,398.63,395.0
2021-09-08,603444,435.08,439.0,420.94,412.57
2021-09-09,603444,404.42,419.99,419.99,399.02
2021-09-10,603444,409.15,412.67,400.01,394.99
2021-09-13,603444,404.1,415.5,408.88,399.23
2021-09-14,603444,405.25,418.0,407.43,403.52
2021-09-15,603444,406.16,406.6,403.58,391.0
2021-09-16,603444,400.03,408.89,406.0,393.1
2021-09-17,603444,392.48,399.8,397.84,390.73
2021-09-22,603444,386.33,394.01,388.66,381.34
2021-09-23,603444,388.6,398.76,386.33,385.0
2021-09-24,603444,396.8,401.88,393.26,387.0
2021-09-27,603444,423.97,425.14,395.8,392.35
2021-09-28,603444,381.58,419.77,415.45,381.57
2021-09-29,603444,370.31,382.58,374.99,369.01
2021-09-30,603444,391.28,391.68,370.63,370.63
2021-10-08,603444,393.14,399.5,397.94,385.02
2021-10-11,603444,402.88,408.99,393.14,386.76
2021-10-12,603444,388.0,399.83,394.0,383.5
2021-10-13,603444,390.9,392.36,388.8,380.01
2021-10-14,603444,389.88,391.98,391.02,382.65
2021-10-15,603444,364.27,378.0,378.0,351.0
2021-10-18,603444,344.0,363.0,363.0,338.31
2021-10-19,603444,341.5,345.67,343.0,333.82
2021-10-20,603444,342.11,345.87,342.99,338.11
2021-10-21,603444,338.55,343.88,342.4,337.01
2021-10-22,603444,346.0,355.5,343.0,340.78
2021-10-25,603444,342.33,349.0,346.49,338.0
2021-10-26,603444,341.13,346.0,342.84,338.38
2021-10-27,603444,336.01,343.0,343.0,335.44
2021-10-28,603444,338.62,347.0,338.41,336.86
2021-10-29,603444,342.44,345.8,340.39,334.0
2021-11-01,603444,354.26,358.49,341.9,341.8
2021-11-02,603444,347.1,356.95,354.0,346.13
2021-11-03,603444,350.22,355.67,345.61,345.61
2021-11-04,603444,355.55,358.5,351.42,351.42
2021-11-05,603444,361.6,372.5,354.98,353.68
2021-11-08,603444,359.01,371.06,365.47,358.0
2021-11-09,603444,361.29,368.5,355.91,355.91
2021-11-10,603444,366.32,370.5,361.0,359.88
2021-11-11,603444,367.0,368.6,363.0,355.58
2021-11-12,603444,369.9,374.65,367.0,363.24
2021-11-15,603444,387.59,395.76,372.87,372.75
2021-11-16,603444,387.15,405.0,387.59,380.1
2021-11-17,603444,400.37,408.8,384.55,383.0
2021-11-18,603444,385.41,403.26,400.01,383.5
2021-11-19,603444,392.03,393.6,384.42,381.58
2021-11-22,603444,393.49,397.95,390.51,386.0
2021-11-23,603444,384.45,390.9,390.9,383.0
2021-11-24,603444,385.89,388.38,384.55,380.51
2021-11-25,603444,380.0,387.89,385.0,377.56
2021-11-26,603444,376.28,382.99,379.0,374.4
2021-11-29,603444,372.56,376.28,371.0,368.86
2021-11-30,603444,375.86,380.01,372.5,371.0
2021-12-01,603444,372.77,375.99,375.9,370.0
2021-12-02,603444,357.58,374.3,371.01,353.6
2021-12-03,603444,358.0,361.79,359.88,352.1
2021-12-06,603444,354.0,359.95,357.98,354.0
2021-12-07,603444,354.02,356.88,355.52,349.6
2021-12-08,603444,361.54,361.88,355.8,350.5
2021-12-09,603444,370.18,371.57,363.0,360.04
2021-12-10,603444,375.98,377.58,366.0,365.22
2021-12-13,603444,386.32,389.79,377.0,377.0
2021-12-14,603444,387.36,393.61,386.32,383.08
2021-12-15,603444,383.0,390.6,384.36,381.2
2021-12-16,603444,384.05,387.0,383.3,378.88
2021-12-17,603444,374.95,385.46,381.01,374.95
2021-12-20,603444,369.64,381.91,375.96,369.11
2021-12-21,603444,370.5,376.65,368.78,368.01
2021-12-22,603444,400.74,406.2,370.0,369.61
2021-12-23,603444,395.5,404.88,397.0,392.27
2021-12-24,603444,408.99,413.98,395.63,393.01
2021-12-27,603444,399.99,408.7,408.7,397.23
2021-12-28,603444,393.78,400.89,399.21,392.5
2021-12-29,603444,385.0,396.0,394.8,383.13
2021-12-30,603444,413.0,414.24,384.0,384.0
2021-12-31,603444,421.85,428.24,410.1,406.0
2022-01-04,603444,432.0,433.9,422.3,421.01
2022-01-05,603444,430.83,448.55,428.11,425.0
2022-01-06,603444,423.5,431.79,427.48,417.0
2022-01-07,603444,419.67,433.87,427.6,418.5
2022-01-10,603444,410.41,419.73,418.0,407.54
2022-01-11,603444,395.0,418.6,409.01,393.94
2022-01-12,603444,402.99,404.74,396.69,394.76
2022-01-13,603444,381.0,406.0,402.99,380.0
2022-01-14,603444,395.77,397.0,381.0,375.0
2022-01-17,603444,389.0,404.99,396.98,385.0
2022-01-18,603444,382.02,392.8,389.0,380.8
2022-01-19,603444,398.13,405.88,388.0,386.0
2022-01-20,603444,384.79,398.0,398.0,383.5
2022-01-21,603444,371.59,390.32,385.0,370.0
2022-01-24,603444,374.98,375.98,367.05,366.66
2022-01-25,603444,356.5,375.0,375.0,356.09
2022-01-26,603444,361.5,363.95,356.58,355.14
2022-01-27,603444,343.55,363.49,363.49,342.0
2022-01-28,603444,351.58,359.74,346.55,342.5
2022-02-07,603444,350.47,358.0,356.0,344.0
2022-02-08,603444,354.01,354.8,350.0,343.11
2022-02-09,603444,362.41,362.41,354.9,350.67
2022-02-10,603444,370.0,372.83,362.0,356.77
2022-02-11,603444,365.49,373.5,367.0,364.53
2022-02-14,603444,354.99,364.04,364.04,352.0
2022-02-15,603444,358.15,362.83,354.99,353.0
2022-02-16,603444,362.31,362.79,360.9,357.02
2022-02-17,603444,367.99,374.86,360.01,359.11
2022-02-18,603444,372.28,373.9,365.8,363.08
2022-02-21,603444,367.47,375.99,371.01,364.04
2022-02-22,603444,348.81,364.06,364.06,342.7
2022-02-23,603444,354.05,359.2,348.88,348.82
2022-02-24,603444,344.99,355.8,354.2,338.88
2022-02-25,603444,351.79,354.9,348.07,346.2
2022-02-28,603444,349.76,353.19,351.7,345.0
2022-03-01,603444,349.63,352.96,350.16,346.66
2022-03-02,603444,346.24,348.8,345.83,342.33
2022-03-03,603444,347.13,347.65,346.94,344.5
2022-03-04,603444,348.99,352.5,345.0,344.1
2022-03-07,603444,344.0,347.84,347.1,338.5
2022-03-08,603444,325.55,346.59,341.88,325.01
2022-03-09,603444,325.84,327.96,325.96,298.08
2022-03-10,603444,323.86,329.99,326.08,323.0
2022-03-11,603444,323.92,326.5,314.14,313.66
2022-03-14,603444,314.0,326.01,321.39,314.0
2022-03-15,603444,301.31,314.38,311.01,301.15
2022-03-16,603444,309.92,310.8,305.48,292.2
2022-03-17,603444,340.91,340.91,315.5,315.5
2022-03-18,603444,344.74,350.7,336.6,335.0
2022-03-21,603444,352.75,358.63,351.67,346.06
2022-03-22,603444,349.2,356.04,353.99,347.4
2022-03-23,603444,354.28,356.86,350.2,344.09
2022-03-24,603444,349.5,353.9,353.9,346.55
2022-03-25,603444,347.33,351.83,350.39,347.22
2022-03-28,603444,350.12,351.16,342.86,340.13
2022-03-29,603444,342.43,352.52,352.32,342.27
2022-03-30,603444,353.91,356.46,345.15,340.0
2022-03-31,603444,360.5,362.7,352.23,351.33
2022-04-01,603444,384.12,386.0,359.78,357.37
2022-04-06,603444,378.52,388.0,382.5,375.82
2022-04-07,603444,373.55,384.9,378.52,370.36
2022-04-08,603444,364.7,379.8,375.0,360.0
2022-04-11,603444,349.11,387.76,361.94,337.01
2022-04-12,603444,358.09,379.78,377.99,349.0
2022-04-13,603444,344.4,356.49,350.67,339.58
2022-04-14,603444,349.0,351.3,346.0,342.03
2022-04-15,603444,341.99,346.6,345.0,340.0
2022-04-18,603444,334.76,341.64,339.74,331.0
2022-04-19,603444,331.63,339.55,334.7,329.5
2022-04-20,603444,344.4,349.79,331.92,329.08
2022-04-21,603444,336.5,348.79,340.06,336.3
2022-04-22,603444,342.81,344.49,336.5,331.72
2022-04-25,603444,311.05,333.66,330.0,310.8
2022-04-26,603444,314.67,324.8,314.0,308.33
2022-04-27,603444,320.31,323.0,308.18,308.0
2022-04-28,603444,317.9,323.5,319.0,316.05
2022-04-29,603444,338.0,346.66,320.0,316.88
2022-05-05,603444,331.72,334.0,334.0,327.0
2022-05-06,603444,321.94,326.0,320.0,317.02
2022-05-09,603444,318.3,324.23,321.0,316.08
2022-05-10,603444,319.92,321.55,315.01,311.0
2022-05-11,603444,327.52,332.6,318.8,316.17
2022-05-12,603444,323.88,328.79,325.0,321.57
2022-05-13,603444,331.8,335.6,331.88,328.8
2022-05-16,603444,337.6,339.5,333.0,333.0
2022-05-17,603444,340.0,342.97,338.88,335.8
2022-05-18,603444,338.62,344.69,341.59,334.02
2022-05-19,603444,335.03,337.68,334.8,330.5
2022-05-20,603444,318.3,320.45,312.59,312.29
2022-05-23,603444,321.09,322.5,319.89,316.0
2022-05-24,603444,316.6,325.86,321.08,316.0
2022-05-25,603444,312.95,316.99,316.66,310.0
2022-05-26,603444,315.8,315.98,314.54,312.0
2022-05-27,603444,320.73,324.98,315.4,315.4
2022-05-30,603444,320.4,322.57,321.11,317.58
2022-05-31,603444,323.31,324.47,317.78,317.18
2022-06-01,603444,324.35,327.1,322.0,320.0
2022-06-02,603444,327.0,327.9,323.0,320.78
2022-06-06,603444,340.0,342.8,326.0,325.78
2022-06-07,603444,350.87,351.5,341.01,339.05
2022-06-08,603444,352.0,355.87,355.0,345.9
2022-06-09,603444,357.55,362.0,350.43,347.0
2022-06-10,603444,356.0,357.79,353.02,347.34
2022-06-13,603444,351.86,354.0,351.07,348.1
2022-06-14,603444,354.7,355.0,351.5,345.59
2022-06-15,603444,361.43,369.36,354.4,353.01
2022-06-16,603444,368.32,371.64,361.22,361.22
2022-06-17,603444,368.6,369.99,365.0,362.2
2022-06-20,603444,374.5,380.97,368.6,365.57
2022-06-21,603444,378.41,382.0,374.06,371.54
2022-06-22,603444,372.13,380.0,379.0,371.08
2022-06-23,603444,378.37,379.96,372.0,370.06
2022-06-24,603444,383.24,383.76,378.7,378.04
2022-06-27,603444,390.0,399.8,384.0,382.01
2022-06-28,603444,383.0,390.0,388.2,380.5
2022-06-29,603444,378.0,382.8,382.72,373.47
2022-06-30,603444,388.0,394.78,378.16,378.02
2022-07-01,603444,389.5,393.88,391.0,386.0
2022-07-04,603444,383.6,390.01,389.9,380.2
2022-07-05,603444,384.29,388.66,383.95,382.01
2022-07-06,603444,372.72,386.21,384.8,367.81
2022-07-07,603444,374.0,374.94,374.94,367.01
2022-07-08,603444,366.8,376.56,374.89,364.88
2022-07-11,603444,364.72,370.48,365.0,360.1
2022-07-12,603444,354.7,367.0,367.0,351.8
2022-07-13,603444,364.45,368.95,359.0,358.09
2022-07-14,603444,364.3,367.98,367.45,358.0
2022-07-15,603444,357.5,365.93,360.69,357.03
2022-07-18,603444,364.33,370.0,356.45,349.55
2022-07-19,603444,363.9,365.99,361.98,359.0
2022-07-20,603444,361.1,366.0,364.01,360.5
2022-07-21,603444,372.24,379.5,360.0,359.5
2022-07-22,603444,374.98,381.27,370.0,367.85
2022-07-25,603444,368.35,378.64,372.9,367.5
2022-07-26,603444,375.0,380.98,368.68,368.35
2022-07-27,603444,370.82,375.99,374.69,369.22
2022-07-28,603444,366.99,377.77,370.82,366.5
2022-07-29,603444,355.0,369.59,367.5,352.26
2022-08-01,603444,359.75,360.47,353.0,349.01
2022-08-02,603444,348.98,359.0,354.1,344.6
2022-08-03,603444,337.41,352.87,349.13,335.33
2022-08-04,603444,341.88,341.88,339.4,336.0
2022-08-05,603444,346.6,347.88,340.31,340.1
2022-08-08,603444,342.43,355.36,350.0,340.11
2022-08-09,603444,339.24,344.28,342.92,335.1
2022-08-10,603444,327.51,338.1,338.01,325.0
2022-08-11,603444,330.86,331.48,328.72,327.06
2022-08-12,603444,334.0,336.63,330.31,327.08
2022-08-15,603444,338.38,343.16,331.21,330.21
2022-08-16,603444,312.0,333.61,333.61,310.0
2022-08-17,603444,307.5,310.56,310.18,301.23
2022-08-18,603444,300.0,306.21,306.21,295.21
2022-08-19,603444,298.94,304.05,297.51,296.5
2022-08-22,603444,293.33,297.0,297.0,291.0
2022-08-23,603444,283.94,294.05,293.38,282.7
2022-08-24,603444,280.33,286.7,284.05,280.01
2022-08-25,603444,275.41,281.58,280.79,272.07
2022-08-26,603444,278.79,283.46,275.8,274.59
2022-08-29,603444,276.5,278.97,275.0,273.2
2022-08-30,603444,279.0,282.36,275.0,275.0
2022-08-31,603444,285.35,286.0,279.03,279.0
2022-09-01,603444,282.66,286.85,285.4,282.2
2022-09-02,603444,283.77,284.43,282.21,282.01
2022-09-05,603444,277.55,284.36,284.36,275.0
2022-09-06,603444,278.06,278.06,277.44,275.0
2022-09-07,603444,272.41,278.0,277.99,269.5
2022-09-08,603444,271.55,275.48,272.41,270.0
2022-09-09,603444,273.6,274.77,271.55,269.01
2022-09-13,603444,278.42,279.46,274.72,274.5
2022-09-14,603444,277.29,277.96,275.69,273.75
2022-09-15,603444,277.33,288.0,288.0,276.06
2022-09-16,603444,285.0,295.69,284.07,283.5
2022-09-19,603444,264.08,288.0,285.13,263.03
2022-09-20,603444,261.8,265.99,264.0,257.0
2022-09-21,603444,253.02,260.1,259.06,249.72
2022-09-22,603444,248.5,252.99,249.95,248.0
2022-09-23,603444,242.5,249.0,247.8,239.89
2022-09-26,603444,244.59,247.58,239.6,236.66
2022-09-27,603444,255.41,256.44,245.54,244.6
2022-09-28,603444,252.79,257.4,254.98,251.6
2022-09-29,603444,248.0,256.44,254.99,247.01
2022-09-30,603444,248.51,252.58,247.7,245.01
2022-10-10,603444,244.45,251.4,248.5,243.04
2022-10-11,603444,237.16,245.9,243.31,233.82
2022-10-12,603444,242.58,242.73,236.5,231.62
2022-10-13,603444,243.27,247.43,240.1,239.0
2022-10-14,603444,256.04,257.57,243.62,243.62
2022-10-17,603444,253.16,258.88,253.48,251.22
2022-10-18,603444,250.79,254.8,254.13,248.38
2022-10-19,603444,245.15,250.78,250.73,244.01
2022-10-20,603444,251.68,252.9,243.32,243.01
2022-10-21,603444,244.08,253.99,249.01,244.0
2022-10-24,603444,236.76,248.9,243.39,236.21
2022-10-25,603444,233.18,238.85,236.88,231.51
2022-10-26,603444,241.33,245.87,233.36,233.36
2022-10-27,603444,265.46,265.46,254.5,254.36
2022-10-28,603444,260.0,272.0,272.0,255.5
2022-10-31,603444,254.65,261.5,261.0,252.5
2022-11-01,603444,269.88,269.88,254.65,254.01
2022-11-02,603444,281.68,285.0,269.88,269.39
2022-11-03,603444,273.0,279.0,276.3,270.2
2022-11-04,603444,285.0,285.78,271.0,271.0
2022-11-07,603444,290.02,297.83,282.02,279.01
2022-11-08,603444,297.1,298.66,289.27,285.23
2022-11-09,603444,299.0,299.08,295.0,291.83
2022-11-10,603444,296.5,299.9,296.0,289.5
2022-11-11,603444,298.12,304.4,299.9,292.22
2022-11-14,603444,304.73,304.83,294.34,294.34
2022-11-15,603444,305.38,309.28,303.0,300.59
2022-11-16,603444,304.86,309.28,304.44,303.5
2022-11-17,603444,335.35,335.35,317.4,317.0
2022-11-18,603444,333.44,355.51,342.04,331.0
2022-11-21,603444,325.0,335.88,329.77,319.29
2022-11-22,603444,318.84,325.85,322.43,318.01
2022-11-23,603444,316.01,320.3,317.21,309.28
2022-11-24,603444,319.51,326.99,317.0,316.0
2022-11-25,603444,316.41,322.38,317.9,314.6
2022-11-28,603444,316.6,318.94,312.16,306.1
2022-11-29,603444,318.82,321.98,317.2,314.1
2022-11-30,603444,325.4,330.98,319.0,318.09
2022-12-01,603444,332.1,333.34,323.4,323.4
2022-12-02,603444,332.98,336.5,332.98,328.05
2022-12-05,603444,340.7,342.33,335.06,334.0
2022-12-06,603444,341.99,346.1,339.8,338.01
2022-12-07,603444,341.9,344.07,340.5,333.0
2022-12-08,603444,341.26,344.88,342.47,335.01
2022-12-09,603444,337.07,340.76,339.0,335.72
2022-12-12,603444,336.0,338.84,336.02,333.66
2022-12-13,603444,339.25,342.72,334.0,334.0
2022-12-14,603444,338.2,341.68,338.16,335.08
2022-12-15,603444,334.64,347.37,339.0,334.08
2022-12-16,603444,336.46,336.54,333.88,331.5
2022-12-19,603444,331.4,339.97,337.96,329.86
2022-12-20,603444,326.93,333.21,331.38,323.68
2022-12-21,603444,325.0,327.7,325.15,322.25
2022-12-22,603444,324.18,337.5,329.7,321.62
2022-12-23,603444,321.99,328.0,323.66,317.07
2022-12-26,603444,321.98,325.02,322.36,318.0
2022-12-27,603444,317.64,323.1,322.0,316.23
2022-12-28,603444,317.49,318.0,317.62,312.01
2022-12-29,603444,311.39,315.39,310.0,304.79
2022-12-30,603444,312.84,328.0,310.11,308.38
2023-01-03,603444,323.5,324.5,313.0,310.62
2023-01-04,603444,339.09,342.5,323.6,316.11
2023-01-05,603444,351.2,365.0,339.03,339.03
2023-01-06,603444,354.6,356.0,350.06,347.0
2023-01-09,603444,363.0,363.9,354.38,354.38
2023-01-10,603444,364.58,369.59,362.98,358.0
2023-01-11,603444,358.0,367.4,363.8,356.01
2023-01-12,603444,361.87,363.17,359.7,357.0
2023-01-13,603444,364.49,365.0,361.85,358.08
2023-01-16,603444,360.94,367.0,366.0,358.3
2023-01-17,603444,356.56,361.9,361.1,351.68
2023-01-18,603444,359.0,370.81,367.76,352.2
2023-01-19,603444,360.28,364.0,356.8,352.93
2023-01-20,603444,359.5,362.02,361.29,356.1
2023-01-30,603444,358.99,365.56,362.0,357.0
2023-01-31,603444,353.5,359.0,357.0,352.01
2023-02-01,603444,351.05,353.5,353.5,345.5
2023-02-02,603444,350.85,355.98,350.1,346.78
2023-02-03,603444,355.65,356.99,349.99,349.6
2023-02-06,603444,369.61,375.5,356.14,352.34
2023-02-07,603444,368.48,371.2,368.7,360.0
2023-02-08,603444,361.85,370.99,368.48,361.65
2023-02-09,603444,369.6,370.98,361.0,358.59
2023-02-10,603444,368.81,376.5,369.0,365.66
2023-02-13,603444,371.48,373.9,368.76,363.0
2023-02-14,603444,368.78,376.55,371.51,365.7
2023-02-15,603444,371.75,373.5,368.21,366.0
2023-02-16,603444,377.0,390.5,370.75,368.99
2023-02-17,603444,366.99,378.95,378.95,362.61
2023-02-20,603444,394.4,396.98,367.14,363.1
2023-02-21,603444,369.01,394.4,390.67,367.1
2023-02-22,603444,368.56,370.82,367.0,360.1
2023-02-23,603444,361.0,369.9,366.55,360.02
2023-02-24,603444,364.9,365.78,358.6,358.6
2023-02-27,603444,350.97,364.83,364.05,350.4
2023-02-28,603444,353.0,353.82,351.82,347.3
2023-03-01,603444,366.55,366.96,350.3,348.71
2023-03-02,603444,373.0,379.05,366.29,363.97
2023-03-03,603444,376.0,378.0,368.99,368.99
2023-03-06,603444,373.2,377.74,376.2,370.41
2023-03-07,603444,369.01,376.88,374.07,369.0
2023-03-08,603444,372.7,374.73,369.01,365.05
2023-03-09,603444,367.0,372.2,370.0,363.0
2023-03-10,603444,357.61,365.87,362.16,356.0
2023-03-13,603444,362.55,365.0,357.2,351.0
2023-03-14,603444,362.78,367.0,363.95,360.15
2023-03-15,603444,358.8,365.65,363.97,357.42
2023-03-16,603444,363.98,368.43,358.97,354.01
2023-03-17,603444,382.84,385.0,363.73,363.55
2023-03-20,603444,401.02,418.89,400.0,397.31
2023-03-21,603444,395.0,407.61,401.99,391.58
2023-03-22,603444,411.2,414.44,395.0,388.8
2023-03-23,603444,412.62,422.0,411.2,405.15
2023-03-24,603444,434.34,439.99,412.0,409.02
2023-03-27,603444,442.51,450.0,431.0,429.0
2023-03-28,603444,433.16,454.92,437.64,430.0
2023-03-29,603444,435.94,442.55,433.17,427.0
2023-03-30,603444,433.42,439.96,433.09,430.0
2023-03-31,603444,476.76,476.76,442.17,442.17
2023-04-03,603444,523.99,524.44,475.0,471.99
2023-04-04,603444,535.88,560.0,515.0,510.0
2023-04-06,603444,542.1,560.0,531.0,523.04
2023-04-07,603444,582.69,588.4,541.79,535.5
2023-04-10,603444,536.89,590.0,590.0,532.0
2023-04-11,603444,541.52,571.0,535.32,533.0
2023-04-12,603444,556.01,573.83,541.52,533.2
2023-04-13,603444,547.22,565.0,555.0,545.7
2023-04-14,603444,529.99,552.81,545.88,518.0
2023-04-17,603444,522.38,536.0,526.05,516.81
2023-04-18,603444,498.8,512.0,499.07,479.81
2023-04-19,603444,503.99,516.98,498.13,494.07
2023-04-20,603444,519.3,523.0,496.6,494.5
2023-04-21,603444,534.17,567.0,537.0,528.02
2023-04-24,603444,549.9,565.0,532.0,524.5
2023-04-25,603444,542.0,552.0,535.74,518.18
2023-04-26,603444,535.0,557.62,543.0,521.88
2023-04-27,603444,497.99,533.0,508.0,488.0
2023-04-28,603444,523.89,531.87,497.98,495.0
2023-05-04,603444,535.52,552.98,524.32,508.0
2023-05-05,603444,504.61,528.0,526.55,500.0
2023-05-08,603444,494.0,512.1,502.0,475.25
2023-05-09,603444,490.15,503.99,490.09,486.23
2023-05-10,603444,480.0,498.2,490.83,475.51
2023-05-11,603444,489.35,498.88,483.59,482.1
2023-05-12,603444,468.0,488.85,476.0,467.01
2023-05-15,603444,460.4,471.5,471.39,449.28
2023-05-16,603444,457.0,466.95,459.9,453.98
2023-05-17,603444,455.98,461.87,455.0,448.47
2023-05-18,603444,458.8,466.6,455.0,452.27
2023-05-19,603444,463.56,488.0,459.71,458.89
2023-05-22,603444,456.94,464.8,459.55,443.18
2023-05-23,603444,470.64,486.0,458.84,458.84
2023-05-24,603444,470.23,479.97,467.17,457.08
2023-05-25,603444,467.28,493.5,471.0,458.13
2023-05-26,603444,493.18,495.0,463.97,463.0
2023-05-29,603444,527.9,542.4,499.0,499.0
2023-05-30,603444,552.92,559.58,520.98,514.0
2023-05-31,603444,559.87,570.0,552.0,550.79
2023-06-01,603444,561.26,576.59,548.67,540.08
2023-06-02,603444,552.93,565.72,565.72,546.0
2023-06-05,603444,547.0,558.09,547.37,543.3
2023-06-06,603444,525.27,550.94,546.42,520.0
2023-06-07,603444,523.6,532.87,525.5,518.0
2023-06-08,603444,511.9,519.62,514.9,501.38
2023-06-09,603444,525.0,534.89,512.68,501.85
2023-06-12,603444,532.2,541.98,524.44,518.12
2023-06-13,603444,538.0,548.82,528.5,523.5
2023-06-14,603444,537.0,549.5,535.9,526.68
2023-06-15,603444,530.28,539.99,534.99,526.01
2023-06-16,603444,528.44,536.79,530.38,522.0
2023-06-19,603444,535.54,537.48,529.91,515.03
2023-06-20,603444,562.56,572.0,534.43,526.05
2023-06-21,603444,522.69,558.9,557.14,521.81
2023-06-26,603444,503.02,524.49,517.2,496.39
2023-06-27,603444,497.27,512.31,501.22,497.0
2023-06-28,603444,502.68,505.43,497.0,486.0
2023-06-29,603444,513.5,519.0,499.75,498.88
2023-06-30,603444,491.11,510.93,509.62,487.64
2023-07-03,603444,464.88,490.0,490.0,459.0
2023-07-04,603444,462.39,471.88,464.68,461.0
2023-07-05,603444,455.5,462.99,462.39,455.0
2023-07-06,603444,446.65,458.99,450.05,445.0
2023-07-07,603444,443.8,446.85,444.95,429.2
2023-07-10,603444,444.46,446.99,444.48,434.44
2023-07-11,603444,435.0,447.9,444.5,432.92
2023-07-12,603444,429.5,439.35,433.97,427.1
2023-07-13,603444,433.68,438.08,431.63,422.77
2023-07-14,603444,434.18,447.5,431.64,431.64
2023-07-17,603444,428.18,433.35,433.35,420.87
2023-07-18,603444,419.31,429.88,428.18,418.98
2023-07-19,603444,422.0,428.88,419.72,419.31
2023-07-20,603444,411.63,421.98,421.98,410.5
2023-07-21,603444,411.46,413.99,410.2,406.01
2023-07-24,603444,407.11,412.65,410.98,405.57
2023-07-25,603444,413.8,416.55,409.5,407.0
2023-07-26,603444,411.2,418.0,412.03,407.2
2023-07-27,603444,400.0,413.2,412.02,398.06
2023-07-28,603444,405.93,409.19,398.0,395.04
2023-07-31,603444,431.2,435.73,405.97,403.04
2023-08-01,603444,435.71,436.99,429.97,421.27
2023-08-02,603444,437.91,438.42,433.36,430.88
2023-08-03,603444,438.0,446.0,435.0,433.1
2023-08-04,603444,442.27,444.68,435.81,429.67
2023-08-07,603444,459.27,472.08,442.27,441.06
2023-08-08,603444,459.8,462.5,456.0,453.2
2023-08-09,603444,447.55,460.2,458.9,444.63
2023-08-10,603444,444.1,452.05,445.0,439.0
2023-08-11,603444,444.57,455.44,443.54,443.54
2023-08-14,603444,443.63,446.1,439.1,438.0
2023-08-15,603444,431.0,443.0,440.99,425.09
2023-08-16,603444,410.03,436.0,436.0,400.01
2023-08-17,603444,402.97,415.0,407.37,402.29
2023-08-18,603444,390.0,404.99,402.98,389.0
2023-08-21,603444,384.9,395.0,390.0,384.4
2023-08-22,603444,391.32,393.67,387.56,376.06
2023-08-23,603444,384.72,394.0,391.0,384.14
2023-08-24,603444,408.5,418.88,386.7,383.0
2023-08-25,603444,398.0,412.7,405.0,397.01
2023-08-28,603444,403.05,425.0,416.0,402.95
2023-08-29,603444,413.54,417.8,400.0,394.4
2023-08-30,603444,423.69,426.8,415.68,410.16
2023-08-31,603444,417.7,425.8,417.34,414.0
2023-09-01,603444,411.49,422.98,416.0,408.0
2023-09-04,603444,406.01,414.52,410.24,403.28
2023-09-05,603444,404.28,410.69,404.47,402.0
2023-09-06,603444,399.31,404.0,403.02,391.5
2023-09-07,603444,391.81,403.8,400.1,391.61
2023-09-08,603444,380.8,390.92,387.0,371.11
2023-09-11,603444,387.5,396.0,381.57,377.0
2023-09-12,603444,381.4,388.8,385.57,380.0
2023-09-13,603444,375.4,381.43,381.4,373.0
2023-09-14,603444,370.28,375.5,373.8,368.2
2023-09-15,603444,364.15,370.98,370.0,361.02
2023-09-18,603444,363.25,374.38,365.0,360.36
2023-09-19,603444,358.84,363.25,363.22,357.99
2023-09-20,603444,359.0,366.88,357.13,355.8
2023-09-21,603444,355.6,361.61,359.77,354.12
2023-09-22,603444,373.68,376.0,355.63,354.0
2023-09-25,603444,368.72,376.76,371.86,367.0
2023-09-26,603444,372.73,381.0,367.0,366.72
2023-09-27,603444,368.38,369.69,363.87,361.13
2023-09-28,603444,365.62,371.42,368.76,364.0
2023-10-09,603444,365.0,369.68,365.0,358.8
2023-10-10,603444,357.0,367.9,365.0,356.55
2023-10-11,603444,361.8,370.99,356.5,356.5
2023-10-12,603444,355.45,363.51,363.13,347.6
2023-10-13,603444,349.8,353.0,353.0,346.0
2023-10-16,603444,340.28,349.98,349.01,338.8
2023-10-17,603444,347.4,349.88,339.34,339.0
2023-10-18,603444,344.9,347.0,347.0,339.11
2023-10-19,603444,335.97,342.33,341.0,331.24
2023-10-20,603444,331.81,338.32,333.33,331.01
2023-10-23,603444,323.02,331.0,330.0,321.38
2023-10-24,603444,328.6,332.0,325.55,323.62
2023-10-25,603444,295.74,312.08,312.08,295.74
2023-10-26,603444,266.18,280.0,275.02,266.17
2023-10-27,603444,264.0,267.83,263.0,256.0
2023-10-30,603444,267.04,267.13,262.0,257.0
2023-10-31,603444,266.0,271.49,266.8,263.76
2023-11-01,603444,276.63,280.98,263.93,263.93
2023-11-02,603444,275.6,285.56,277.8,274.41
2023-11-03,603444,279.29,281.94,274.65,270.12
2023-11-06,603444,301.0,301.46,281.38,280.71
2023-11-07,603444,301.4,302.8,301.0,295.05
2023-11-08,603444,304.14,311.0,298.0,297.0
2023-11-09,603444,301.59,308.0,304.15,300.8
2023-11-10,603444,293.8,302.68,299.0,292.8
2023-11-13,603444,292.34,297.8,297.0,290.44
2023-11-14,603444,293.24,293.41,292.0,288.81
2023-11-15,603444,286.6,295.42,294.78,286.17
2023-11-16,603444,283.89,287.85,284.85,282.46
2023-11-17,603444,282.0,285.5,283.0,279.46
2023-11-20,603444,279.99,283.44,282.5,277.45
2023-11-21,603444,275.51,281.65,279.86,274.02
2023-11-22,603444,271.89,278.37,274.46,271.42
2023-11-23,603444,271.55,272.47,271.5,267.5
2023-11-24,603444,266.7,271.83,271.83,265.45
2023-11-27,603444,262.7,267.0,265.8,261.75
2023-11-28,603444,262.68,263.7,263.41,258.2
2023-11-29,603444,261.0,266.4,263.5,259.6
2023-11-30,603444,256.31,262.01,262.01,256.0
2023-12-01,603444,268.63,272.57,256.31,256.21
2023-12-04,603444,265.72,271.15,268.8,263.55
2023-12-05,603444,253.3,264.98,264.77,253.26
2023-12-06,603444,269.41,273.4,253.4,250.0
2023-12-07,603444,271.52,272.99,269.19,267.36
2023-12-08,603444,268.08,272.5,272.01,263.51
2023-12-11,603444,283.33,283.68,267.5,265.58
2023-12-12,603444,283.3,289.0,283.2,279.22
2023-12-13,603444,280.93,288.3,280.88,280.66
2023-12-14,603444,276.8,284.49,280.0,276.6
2023-12-15,603444,274.33,278.86,277.0,270.0
2023-12-18,603444,266.16,274.46,274.29,265.6
2023-12-19,603444,272.4,276.67,263.95,263.95
2023-12-20,603444,261.0,274.88,272.64,261.0
2023-12-21,603444,267.59,268.39,260.0,259.4
2023-12-22,603444,240.83,267.59,265.31,240.83
2023-12-25,603444,231.88,234.96,224.4,222.31
2023-12-26,603444,237.0,241.8,236.05,233.0
2023-12-27,603444,240.53,242.88,239.89,233.12
2023-12-28,603444,241.68,245.99,240.53,236.36
2023-12-29,603444,245.12,248.38,243.0,241.0
2024-01-02,603444,241.58,251.5,248.2,241.58
2024-01-03,603444,244.98,248.1,241.59,239.03
2024-01-04,603444,237.32,244.99,244.93,234.61
2024-01-05,603444,232.7,238.7,238.7,230.69
2024-01-08,603444,226.38,232.83,232.29,226.38
2024-01-09,603444,223.54,229.5,226.38,221.31
2024-01-10,603444,219.5,223.0,222.08,216.47
2024-01-11,603444,223.0,223.4,219.0,218.03
2024-01-12,603444,217.0,221.11,220.0,217.0
2024-01-15,603444,213.11,216.99,216.0,212.66
2024-01-16,603444,211.72,214.14,212.0,210.23
2024-01-17,603444,203.76,211.81,211.3,203.76
2024-01-18,603444,204.39,205.5,201.57,199.5
2024-01-19,603444,208.77,217.5,204.0,203.29
2024-01-22,603444,197.1,216.0,211.69,196.51
2024-01-23,603444,204.96,207.87,196.01,196.01
2024-01-24,603444,201.63,207.0,206.0,195.57
2024-01-25,603444,205.6,206.6,201.81,200.08
2024-01-26,603444,203.28,211.31,208.06,203.0
2024-01-29,603444,194.83,204.5,203.81,192.68
2024-01-30,603444,187.27,195.57,194.88,187.27
2024-01-31,603444,181.03,190.3,188.63,181.0
2024-02-01,603444,182.2,186.34,180.08,177.51
2024-02-02,603444,180.02,191.0,182.69,173.83
2024-02-05,603444,170.6,178.16,177.02,164.01
2024-02-06,603444,185.16,186.0,168.24,166.11
2024-02-07,603444,191.93,195.99,185.0,183.85
2024-02-08,603444,195.14,201.04,192.37,192.37
2024-02-19,603444,200.3,203.11,198.94,196.73
2024-02-20,603444,198.2,199.04,197.39,193.46
2024-02-21,603444,200.1,206.19,196.07,194.17
2024-02-22,603444,201.44,202.47,200.0,198.58
2024-02-23,603444,204.2,204.45,201.1,199.18
2024-02-26,603444,202.44,204.59,203.98,200.0
2024-02-27,603444,218.0,218.43,200.8,200.2
2024-02-28,603444,212.3,230.37,219.4,211.98
2024-02-29,603444,216.59,218.38,209.01,209.01
2024-03-01,603444,217.13,218.98,216.0,213.2
2024-03-04,603444,216.0,217.14,217.14,210.58
2024-03-05,603444,213.4,215.56,213.99,211.24
2024-03-06,603444,210.89,213.7,211.18,208.0
2024-03-07,603444,203.43,215.5,210.96,203.43
2024-03-08,603444,206.99,207.97,203.43,201.7
2024-03-11,603444,210.22,210.37,205.91,203.17
2024-03-12,603444,214.25,215.5,210.25,210.22
2024-03-13,603444,219.26,221.98,214.8,213.68
2024-03-14,603444,213.0,218.0,217.96,210.66
2024-03-15,603444,211.78,212.78,211.0,207.2
2024-03-18,603444,219.11,219.88,213.2,209.57
2024-03-19,603444,219.1,225.94,217.82,217.52
2024-03-20,603444,224.0,226.62,219.08,218.5
2024-03-21,603444,222.08,229.8,226.01,221.6
2024-03-22,603444,217.83,223.3,221.9,212.5
2024-03-25,603444,204.0,217.8,216.06,204.0
2024-03-26,603444,200.15,204.87,203.88,196.97
2024-03-27,603444,190.05,199.49,199.0,190.0
2024-03-28,603444,196.87,199.49,191.38,190.96
2024-03-29,603444,190.77,192.55,190.0,185.0
2024-04-01,603444,196.5,196.65,190.81,190.8
2024-04-02,603444,190.8,195.99,195.39,190.0
2024-04-03,603444,185.02,189.5,189.5,184.18
2024-04-08,603444,178.22,186.0,185.02,178.11
2024-04-09,603444,182.01,182.6,179.0,178.33
2024-04-10,603444,177.51,181.95,181.95,176.23
2024-04-11,603444,172.78,179.38,176.0,172.7
2024-04-12,603444,168.99,172.66,171.83,168.28
2024-04-15,603444,172.69,177.0,168.4,168.09
2024-04-16,603444,170.02,175.4,171.0,168.87
2024-04-17,603444,173.38,174.79,172.2,170.5
2024-04-18,603444,172.7,175.5,172.38,169.5
2024-04-19,603444,170.2,171.76,170.91,168.12
2024-04-22,603444,171.07,172.88,168.8,167.2
2024-04-23,603444,173.12,174.77,172.99,171.6
2024-04-24,603444,172.62,173.31,171.88,170.13
2024-04-25,603444,176.53,179.47,172.0,171.15
2024-04-26,603444,184.7,187.8,176.27,175.98
2024-04-29,603444,196.3,199.94,184.85,184.85
2024-04-30,603444,195.65,197.49,195.2,194.0
2024-05-06,603444,196.42,201.0,199.1,196.17
2024-05-07,603444,200.24,201.74,196.0,196.0
2024-05-08,603444,196.6,201.58,199.0,196.37
2024-05-09,603444,197.8,198.65,197.25,196.5
2024-05-10,603444,194.67,199.28,197.8,193.8
2024-05-13,603444,192.55,195.15,191.98,190.31
2024-05-14,603444,197.59,198.99,195.0,195.0
2024-05-15,603444,195.0,199.46,197.36,195.0
2024-05-16,603444,193.44,197.5,194.42,191.77
2024-05-17,603444,193.74,196.05,193.0,191.01
2024-05-20,603444,193.01,195.28,194.0,191.89
2024-05-21,603444,195.79,198.5,193.33,192.64
2024-05-22,603444,192.29,196.0,195.97,191.81
2024-05-23,603444,188.18,192.28,192.28,188.12
2024-05-24,603444,185.58,189.8,187.01,185.46
2024-05-27,603444,184.44,186.68,185.59,180.26
2024-05-28,603444,179.4,184.58,184.0,179.38
2024-05-29,603444,183.99,185.7,179.46,179.4
2024-05-30,603444,181.61,184.35,183.99,180.7
2024-05-31,603444,185.0,186.0,181.71,181.71
2024-06-03,603444,184.17,185.8,185.59,183.1
2024-06-04,603444,187.22,187.52,183.5,183.2
2024-06-05,603444,190.0,195.41,186.5,186.01
2024-06-06,603444,184.63,192.29,190.0,184.0
2024-06-07,603444,184.94,187.6,185.67,182.9
2024-06-11,603444,189.4,190.31,183.53,182.51
2024-06-12,603444,190.58,191.7,188.99,187.01
2024-06-13,603444,187.86,190.75,190.15,187.06
2024-06-14,603444,187.55,189.5,187.84,185.71
2024-06-17,603444,184.19,187.29,186.8,183.18
2024-06-18,603444,185.31,187.24,184.12,184.12
2024-06-19,603444,183.5,186.06,186.01,182.09
2024-06-20,603444,186.16,194.66,185.24,183.5
2024-06-21,603444,182.9,185.36,184.15,182.0
2024-06-24,603444,176.18,183.65,180.66,176.1
2024-06-25,603444,178.14,180.64,176.15,176.0
2024-06-26,603444,183.39,183.5,179.5,176.36
2024-06-27,603444,180.33,182.0,181.3,179.39
2024-06-28,603444,178.01,182.85,180.0,177.51
2024-07-01,603444,178.69,179.07,177.05,174.1
2024-07-02,603444,175.44,178.86,177.55,175.13
2024-07-03,603444,176.0,178.78,174.74,173.53
2024-07-04,603444,172.09,176.3,176.0,172.09
2024-07-05,603444,172.12,173.09,172.69,170.12
2024-07-08,603444,166.93,171.92,171.52,166.58
2024-07-09,603444,161.13,168.5,168.24,155.79
2024-07-10,603444,155.85,163.5,160.0,155.7
2024-07-11,603444,159.82,159.95,157.9,155.0
2024-07-12,603444,158.31,159.49,158.9,157.09
2024-07-15,603444,155.89,158.31,158.31,155.11
2024-07-16,603444,159.35,159.48,155.87,154.39
2024-07-17,603444,161.45,162.6,159.3,158.38
2024-07-18,603444,161.15,161.33,159.95,157.56
2024-07-19,603444,161.49,162.35,160.88,160.11
2024-07-22,603444,163.65,164.28,161.0,159.8
2024-07-23,603444,159.01,165.68,164.99,159.0
2024-07-24,603444,155.23,159.02,159.02,155.1
2024-07-25,603444,158.51,160.5,154.01,153.23
2024-07-26,603444,160.06,161.36,158.49,158.0
2024-07-29,603444,157.95,159.99,159.44,156.42
2024-07-30,603444,156.39,157.94,157.39,155.68
2024-07-31,603444,166.35,166.47,155.81,155.81
2024-08-01,603444,163.6,168.87,166.37,162.0
2024-08-02,603444,163.0,165.85,162.22,162.0
2024-08-05,603444,175.17,179.3,163.36,163.29
2024-08-06,603444,184.7,185.05,177.72,176.01
2024-08-07,603444,192.02,195.74,182.0,180.18
2024-08-08,603444,190.55,194.0,191.96,187.38
2024-08-09,603444,184.6,192.5,192.0,184.51
2024-08-12,603444,183.8,186.32,183.52,180.5
2024-08-13,603444,183.55,184.67,183.2,181.05
2024-08-14,603444,196.3,198.79,182.6,182.58
2024-08-15,603444,198.99,204.86,194.8,193.1
2024-08-16,603444,190.1,198.0,198.0,183.0
2024-08-19,603444,185.25,195.1,188.61,184.5
2024-08-20,603444,180.07,188.79,185.78,179.59
2024-08-21,603444,179.84,187.45,180.07,179.02
2024-08-22,603444,175.96,181.98,179.8,173.45
2024-08-23,603444,175.21,178.38,175.7,173.6
2024-08-26,603444,173.6,175.99,175.2,169.46
2024-08-27,603444,181.4,183.0,173.6,172.1
2024-08-28,603444,178.21,181.37,181.37,174.11
2024-08-29,603444,186.05,186.96,176.55,176.12
2024-08-30,603444,193.4,199.31,185.99,184.67
2024-09-02,603444,191.76,197.4,193.59,191.25
2024-09-03,603444,194.98,199.0,190.9,190.03
2024-09-04,603444,194.7,197.5,193.62,192.23
2024-09-05,603444,203.84,205.97,195.0,193.32
2024-09-06,603444,199.58,204.5,203.99,199.19
2024-09-09,603444,196.46,200.99,198.0,195.0
2024-09-10,603444,204.38,205.96,195.0,193.62
2024-09-11,603444,207.02,209.5,202.51,202.5
2024-09-12,603444,197.1,206.69,205.58,196.97
2024-09-13,603444,187.4,194.52,193.5,187.3
2024-09-18,603444,190.99,192.22,187.38,187.01
2024-09-19,603444,199.0,201.98,192.22,189.26
2024-09-20,603444,202.2,202.39,198.98,196.8
2024-09-23,603444,200.11,206.88,200.0,199.22
2024-09-24,603444,205.29,205.52,200.13,199.0
2024-09-25,603444,200.84,208.88,207.0,200.0
2024-09-26,603444,211.0,211.09,198.58,197.1
2024-09-27,603444,222.0,226.37,214.0,213.0
2024-09-30,603444,244.2,244.2,233.02,230.0
2024-10-08,603444,263.02,268.62,268.62,242.0
2024-10-09,603444,240.0,255.43,255.43,238.12
2024-10-10,603444,248.99,254.02,244.9,238.2
2024-10-11,603444,228.3,246.86,242.5,226.0
2024-10-14,603444,229.83,230.0,228.3,221.02
2024-10-15,603444,224.99,234.49,227.75,224.81
2024-10-16,603444,226.59,231.51,222.3,220.77
2024-10-17,603444,224.41,230.87,226.58,224.0
2024-10-18,603444,226.83,233.0,222.4,219.28
2024-10-21,603444,239.88,247.84,226.98,226.79
2024-10-22,603444,231.22,244.43,239.03,229.11
2024-10-23,603444,227.71,230.88,230.11,225.5
2024-10-24,603444,219.75,226.99,226.99,219.2
2024-10-25,603444,212.64,217.0,215.51,208.0
2024-10-28,603444,211.27,214.5,211.92,209.01
2024-10-29,603444,210.27,214.79,212.01,209.18
2024-10-30,603444,207.9,210.47,210.0,204.44
2024-10-31,603444,203.9,207.9,207.9,201.91
2024-11-01,603444,199.3,204.72,202.25,199.0
2024-11-04,603444,201.14,201.27,200.0,196.2
2024-11-05,603444,205.84,205.84,200.71,197.08
2024-11-06,603444,214.38,216.88,205.85,203.66
2024-11-07,603444,216.22,218.65,212.0,209.43
2024-11-08,603444,212.97,218.86,217.15,211.98
2024-11-11,603444,219.1,220.25,211.16,209.51
2024-11-12,603444,213.66,220.3,220.0,211.84
2024-11-13,603444,220.35,224.26,212.0,211.0
2024-11-14,603444,215.3,226.28,220.35,215.2
2024-11-15,603444,214.5,222.6,215.01,214.49
2024-11-18,603444,202.46,216.99,215.1,201.13
2024-11-19,603444,204.98,204.99,202.83,201.19
2024-11-20,603444,207.63,209.47,203.72,203.67
2024-11-21,603444,204.9,207.8,206.01,203.5
2024-11-22,603444,198.51,207.62,204.89,198.5
2024-11-25,603444,198.35,199.0,196.0,191.43
2024-11-26,603444,197.7,203.79,197.75,195.51
2024-11-27,603444,205.0,205.2,196.58,194.03
2024-11-28,603444,206.49,213.87,205.0,204.11
2024-11-29,603444,207.23,209.57,206.2,202.71
