trade_date,ob,auc_amount,repo_amount,repay_amount,cb
20241129,1388.9,,3.0,3.0,1388.9
20241128,1390.9,,,2.0,1388.9
20241127,1393.9,,2.5,5.5,1390.9
20241126,1353.9,50.0,22.1,32.1,1393.9
20241125,1353.9,,2.0,2.0,1353.9
20241122,1353.9,,10.0,10.0,1353.9
20241121,1373.9,,3.5,23.5,1353.9
20241120,1373.9,,4.4,4.4,1373.9
20241119,1329.4,50.0,28.3,33.8,1373.9
20241118,1329.4,,3.0,3.0,1329.4
20241115,1329.4,,,,1329.4
20241114,1329.4,,6.0,6.0,1329.4
20241113,1329.4,,11.8,11.8,1329.4
20241112,1285.8,50.0,36.4,42.8,1329.4
20241111,1293.5,,,7.7,1285.8
20241108,1303.5,,10.0,20.0,1293.5
20241107,1320.5,,0.5,17.5,1303.5
20241106,1323.5,,1.2,4.2,1320.5
20241105,1275.0,50.0,3.0,4.5,1323.5
20241104,1275.0,,5.0,5.0,1275.0
20241101,1275.0,,,,1275.0
20241031,1279.0,,,4.0,1275.0
20241030,1279.0,,1.4,1.4,1279.0
20241029,1241.1,50.0,42.7,54.8,1279.0
20241028,1241.1,,2.0,2.0,1241.1
20241025,1241.1,,2.0,2.0,1241.1
20241024,1254.5,,1.8,15.2,1241.1
20241023,1260.5,,5.1,11.1,1254.5
20241022,1213.5,50.0,16.7,19.7,1260.5
20241021,1213.5,,,,1213.5
20241018,1218.5,,1.5,6.5,1213.5
20241017,1223.5,,0.1,5.1,1218.5
20241016,1224.7,,2.5,3.7,1223.5
20241015,1176.2,50.0,0.3,1.8,1224.7
20241014,1181.2,,1.0,6.0,1176.2
20241011,1181.2,,,,1181.2
20241010,1194.2,,,13.0,1181.2
20241009,1200.2,,,6.0,1194.2
20241008,1163.4,50.0,21.4,34.6,1200.2
20240930,1163.4,,,,1163.4
20240927,1172.9,,,9.5,1163.4
20240926,1172.9,,,,1172.9
20240925,1172.9,,3.0,3.0,1172.9
20240924,1157.0,29.0,35.7,48.8,1172.9
20240923,1157.5,,8.4,8.9,1157.0
20240920,1157.5,,2.3,2.3,1157.5
20240919,1160.9,,3.0,6.4,1157.5
20240918,1175.9,,30.1,45.1,1160.9
20240913,1180.9,,12.9,17.9,1175.9
20240912,1191.4,,1.0,11.5,1180.9
20240911,1191.4,,3.0,3.0,1191.4
20240910,1179.8,44.3,30.7,63.4,1191.4
20240909,1185.4,,4.0,9.6,1179.8
20240906,1185.4,,,,1185.4
20240905,1205.4,,0.8,20.8,1185.4
20240904,1206.4,,1.5,2.5,1205.4
20240903,1213.2,30.0,34.8,71.6,1206.4
20240902,1213.2,,3.7,3.7,1213.2
20240830,1213.2,,,,1213.2
20240829,1213.2,,1.5,1.5,1213.2
20240828,1213.2,,1.5,1.5,1213.2
20240827,1243.0,19.4,11.0,60.2,1213.2
20240826,1248.0,,2.0,7.0,1243.0
20240823,1248.0,,2.0,2.0,1248.0
20240822,1248.0,,2.4,2.4,1248.0
20240821,1251.0,,1.7,4.7,1248.0
20240820,1230.7,30.0,5.0,14.7,1251.0
20240819,1245.7,,,15.0,1230.7
20240816,1245.7,,,,1245.7
20240815,1245.7,,,,1245.7
20240814,1248.7,,4.5,7.5,1245.7
20240813,1249.2,,1.0,1.5,1248.7
20240812,1249.2,,,,1249.2
20240809,1249.2,,0.6,0.6,1249.2
20240808,1249.2,,,,1249.2
20240807,1252.2,,,3.0,1249.2
20240806,1269.3,,27.6,44.7,1252.2
20240805,1285.1,,,15.8,1269.3
20240802,1285.1,,1.0,1.0,1285.1
20240801,1285.1,,3.0,3.0,1285.1
20240731,1285.1,,31.0,31.0,1285.1
20240730,1301.1,,,16.0,1285.1
20240729,1301.1,,10.0,10.0,1301.1
20240726,1301.1,,,,1301.1
20240725,1301.1,,2.5,2.5,1301.1
20240724,1301.1,,,,1301.1
20240723,1345.0,,19.0,62.9,1301.1
20240722,1352.0,,,7.0,1345.0
20240719,1352.0,,0.5,0.5,1352.0
20240718,1352.0,,2.0,2.0,1352.0
20240717,1352.0,,1.6,1.6,1352.0
20240716,1347.0,24.0,8.5,27.5,1352.0
20240715,1357.0,,2.5,12.5,1347.0
20240712,1357.0,,3.5,3.5,1357.0
20240711,1359.0,,3.0,5.0,1357.0
20240710,1364.0,,0.6,5.6,1359.0
20240709,1388.3,,43.9,68.2,1364.0
20240708,1408.3,,2.0,22.0,1388.3
20240705,1414.3,,,6.0,1408.3
20240704,1414.3,,,,1414.3
20240703,1414.3,,3.8,3.8,1414.3
20240702,1426.5,,38.8,51.0,1414.3
20240701,1428.5,,3.0,5.0,1426.5
20240628,1428.5,,31.0,31.0,1428.5
20240627,1429.5,,10.0,11.0,1428.5
20240626,1431.5,,4.5,6.5,1429.5
20240625,1431.5,,1.0,1.0,1431.5
20240624,1435.5,,4.0,8.0,1431.5
20240621,1435.5,,,,1435.5
20240620,1435.5,,3.1,3.1,1435.5
20240619,1435.5,,2.7,2.7,1435.5
20240618,1440.2,,29.5,34.2,1435.5
20240617,1442.2,,3.0,5.0,1440.2
20240614,1442.2,,,,1442.2
20240613,1445.2,,2.9,5.9,1442.2
20240612,1445.2,,3.3,3.3,1445.2
20240611,1454.2,,2.7,11.7,1445.2
20240607,1454.2,,,,1454.2
20240606,1454.2,,26.0,26.0,1454.2
20240605,1455.6,,6.0,7.4,1454.2
20240604,1406.0,50.0,6.4,6.8,1455.6
20240603,1406.0,,1.0,1.0,1406.0
20240531,1412.5,,3.0,9.5,1406.0
20240530,1412.5,,2.0,2.0,1412.5
20240529,1414.5,,6.5,8.5,1412.5
20240528,1420.1,,35.6,41.2,1414.5
20240527,1420.1,,3.4,3.4,1420.1
20240524,1425.1,,10.0,15.0,1420.1
20240523,1435.1,,34.9,44.9,1425.1
20240522,1435.1,,,,1435.1
20240521,1451.1,,34.3,50.3,1435.1
20240520,1451.1,,6.0,6.0,1451.1
20240517,1451.6,,,0.5,1451.1
20240516,1453.6,,4.0,6.0,1451.6
20240515,1453.6,,6.3,6.3,1453.6
20240514,1403.9,50.0,1.9,2.2,1453.6
20240513,1408.9,,,5.0,1403.9
20240510,1408.9,,10.0,10.0,1408.9
20240509,1408.9,,13.3,13.3,1408.9
20240508,1408.9,,3.8,3.8,1408.9
20240507,1411.0,,4.5,6.6,1408.9
20240506,1411.0,,5.0,5.0,1411.0
20240430,1372.0,50.0,25.2,36.2,1411.0
20240429,1372.0,,1.0,1.0,1372.0
20240426,1387.0,,,15.0,1372.0
20240425,1387.0,,7.0,7.0,1387.0
20240424,1387.0,,3.6,3.6,1387.0
20240423,1417.4,,19.7,50.1,1387.0
20240422,1419.9,,,2.5,1417.4
20240419,1419.9,,0.5,0.5,1419.9
20240418,1419.9,,7.4,7.4,1419.9
20240417,1420.9,,,1.0,1419.9
20240416,1422.6,,0.3,2.0,1420.9
20240415,1423.1,,6.0,6.5,1422.6
20240412,1423.1,,,,1423.1
20240411,1423.1,,13.0,13.0,1423.1
20240410,1427.1,,7.0,11.0,1423.1
20240409,1381.0,50.0,0.3,4.2,1427.1
20240408,1384.0,,3.5,6.5,1381.0
20240403,1384.0,,,,1384.0
20240402,1387.1,,0.2,3.3,1384.0
20240401,1388.7,,,1.6,1387.1
20240329,1388.7,,,,1388.7
20240328,1388.7,,,,1388.7
20240327,1389.2,,,0.5,1388.7
20240326,1347.6,50.0,23.0,31.4,1389.2
20240325,1347.6,,,,1347.6
20240322,1348.6,,1.5,2.5,1347.6
20240321,1348.6,,3.4,3.4,1348.6
20240320,1348.6,,7.0,7.0,1348.6
20240319,1361.0,,46.3,58.7,1348.6
20240318,1369.0,,,8.0,1361.0
20240315,1369.0,,8.0,8.0,1369.0
20240314,1369.0,,11.5,11.5,1369.0
20240313,1369.0,,,,1369.0
20240312,1330.9,50.0,29.7,41.6,1369.0
20240311,1330.9,,2.0,2.0,1330.9
20240308,1330.9,,,,1330.9
20240307,1335.3,,20.0,24.4,1330.9
20240306,1335.3,,2.0,2.0,1335.3
20240305,1320.8,50.0,17.9,53.4,1335.3
20240304,1320.8,,,,1320.8
20240301,1320.8,,,,1320.8
20240229,1320.8,,3.0,3.0,1320.8
20240228,1324.2,,,3.4,1320.8
20240227,1305.9,50.0,24.2,55.9,1324.2
20240226,1306.9,,2.0,3.0,1305.9
20240223,1306.9,,2.0,2.0,1306.9
20240222,1306.9,,2.0,2.0,1306.9
20240221,1309.4,,0.7,3.2,1306.9
20240220,1344.5,,15.6,50.7,1309.4
20240219,1379.8,,26.3,61.6,1344.5
20240208,1379.8,,,,1379.8
20240207,1379.8,,,,1379.8
20240206,1395.9,,28.2,44.3,1379.8
20240205,1399.2,,16.8,20.1,1395.9
20240202,1399.2,,1.0,1.0,1399.2
20240201,1399.2,,,,1399.2
20240131,1401.2,,30.0,32.0,1399.2
20240130,1419.4,,17.0,35.2,1401.2
20240129,1419.4,,10.6,10.6,1419.4
20240126,1419.4,,,,1419.4
20240125,1419.4,,2.5,2.5,1419.4
20240124,1421.4,,,2.0,1419.4
20240123,1387.1,44.6,30.5,40.8,1421.4
20240122,1388.1,,1.0,2.0,1387.1
20240119,1388.1,,0.5,0.5,1388.1
20240118,1388.1,,2.0,2.0,1388.1
20240117,1389.1,,1.0,2.0,1388.1
20240116,1362.7,50.0,19.0,42.6,1389.1
20240115,1386.7,,7.5,31.5,1362.7
20240112,1386.7,,3.5,3.5,1386.7
20240111,1389.2,,,2.5,1386.7
20240110,1391.2,,1.1,3.1,1389.2
20240109,1348.9,50.0,23.6,31.3,1391.2
20240108,1348.9,,20.5,20.5,1348.9
20240105,1398.2,,35.0,84.3,1348.9
20240104,1399.2,,,1.0,1398.2
20240103,1399.2,,3.8,3.8,1399.2
20240102,1371.6,50.0,5.0,27.4,1399.2
20231229,1371.6,,1.0,1.0,1371.6
20231228,1371.6,,10.9,10.9,1371.6
20231227,1371.7,,6.0,6.1,1371.6
20231226,1397.4,,6.0,31.7,1371.7
20231225,1397.4,,22.0,22.0,1397.4
20231222,1402.4,,,5.0,1397.4
20231221,1402.4,,6.0,6.0,1402.4
20231220,1402.4,,3.2,3.2,1402.4
20231219,1364.0,50.0,1.0,12.6,1402.4
20231218,1364.0,,,,1364.0
20231215,1364.0,,14.0,14.0,1364.0
20231214,1364.0,,3.0,3.0,1364.0
20231213,1391.0,,6.3,33.3,1364.0
20231212,1361.0,50.0,9.1,29.1,1391.0
20231211,1361.0,,2.0,2.0,1361.0
20231208,1361.0,,,,1361.0
20231207,1361.0,,1.0,1.0,1361.0
20231206,1361.0,,10.4,10.4,1361.0
20231205,1374.07,,6.9,19.97,1361.0
20231204,1404.07,,31.0,61.0,1374.07
20231201,1414.07,,7.5,17.5,1404.07
20231130,1424.07,,,10.0,1414.07
20231129,1424.07,,5.0,5.0,1424.07
20231128,1378.07,50.0,15.5,19.5,1424.07
20231127,1378.07,,2.1,2.1,1378.07
20231124,1378.07,,10.0,10.0,1378.07
20231123,1383.07,,60.9,65.9,1378.07
20231122,1396.97,,,13.9,1383.07
20231121,1387.97,50.0,15.6,56.6,1396.97
20231120,1387.97,,3.0,3.0,1387.97
20231117,1397.97,,,10.0,1387.97
20231116,1397.97,,7.0,7.0,1397.97
20231115,1397.97,,1.3,1.3,1397.97
20231114,1411.97,,2.6,16.6,1397.97
20231113,1411.97,,3.0,3.0,1411.97
20231110,1411.97,,10.0,10.0,1411.97
20231109,1411.97,,,,1411.97
20231108,1411.97,,3.0,3.0,1411.97
20231107,1420.67,,7.7,16.4,1411.97
20231106,1420.67,,5.0,5.0,1420.67
20231103,1420.67,,,,1420.67
20231102,1420.67,,,,1420.67
20231101,1420.67,,,,1420.67
20231031,1372.17,50.0,,1.5,1420.67
20231030,1372.17,,1.0,1.0,1372.17
20231027,1372.17,,,,1372.17
20231026,1372.17,,2.0,2.0,1372.17
20231025,1382.17,,0.6,10.6,1372.17
20231024,1347.07,50.0,3.1,18.0,1382.17
20231023,1348.07,,2.5,3.5,1347.07
20231020,1349.07,,,1.0,1348.07
20231019,1349.07,,2.0,2.0,1349.07
20231018,1351.07,,,2.0,1349.07
20231017,1370.77,,5.5,25.2,1351.07
20231016,1370.86,,2.4,2.49,1370.77
20231013,1380.86,,,10.0,1370.86
20231012,1380.86,,5.5,5.5,1380.86
20231011,1380.86,,4.0,4.0,1380.86
20231010,1403.86,,4.9,27.9,1380.86
20231009,1412.86,,7.5,16.5,1403.86
20230928,1412.86,,2.0,2.0,1412.86
20230927,1416.96,,1.4,5.5,1412.86
20230926,1403.36,30.0,18.2,34.6,1416.96
20230925,1403.36,,0.8,0.8,1403.36
20230922,1403.36,,1.1,1.1,1403.36
20230921,1403.86,,,0.5,1403.36
20230920,1413.86,,1.0,11.0,1403.86
20230919,1373.86,50.0,9.0,19.0,1413.86
20230918,1373.86,,,,1373.86
20230915,1374.26,,8.0,8.4,1373.86
20230914,1374.26,,1.5,1.5,1374.26
20230913,1374.26,,,,1374.26
20230912,1329.76,50.0,15.0,20.5,1374.26
20230911,1344.91,,,15.15,1329.76
20230908,1344.91,,,,1344.91
20230907,1354.91,,,10.0,1344.91
20230906,1355.91,,,1.0,1354.91
20230905,1309.41,50.0,8.2,11.7,1355.91
20230904,1309.41,,,,1309.41
20230901,1309.41,,,,1309.41
20230831,1309.71,,5.0,5.3,1309.41
20230830,1309.71,,,,1309.71
20230829,1262.31,50.0,10.3,12.9,1309.71
20230828,1263.31,,3.0,4.0,1262.31
20230825,1263.31,,,,1263.31
20230824,1263.31,,,,1263.31
20230823,1263.31,,,,1263.31
20230822,1222.31,50.0,6.0,15.0,1263.31
20230821,1223.31,,3.0,4.0,1222.31
20230818,1223.31,,,,1223.31
20230817,1231.31,,5.0,13.0,1223.31
20230816,1234.31,,1.4,4.4,1231.31
20230815,1184.31,50.0,,,1234.31
20230814,1184.31,,0.9,0.9,1184.31
20230811,1194.31,,3.0,13.0,1184.31
20230810,1194.31,,,,1194.31
20230809,1194.31,,,,1194.31
20230808,1147.21,50.0,14.6,17.5,1194.31
20230807,1154.21,,7.0,14.0,1147.21
20230804,1160.71,,,6.5,1154.21
20230803,1161.56,,0.5,1.35,1160.71
20230802,1161.56,,30.0,30.0,1161.56
20230801,1136.56,30.5,5.1,10.6,1161.56
20230731,1147.56,,10.6,21.6,1136.56
20230728,1147.56,,,,1147.56
20230727,1147.56,,,,1147.56
20230726,1147.56,,,,1147.56
20230725,1106.46,41.6,,0.5,1147.56
20230724,1110.46,,,4.0,1106.46
20230721,1120.46,,,10.0,1110.46
20230720,1120.46,,,,1120.46
20230719,1120.46,,,,1120.46
20230718,1103.86,30.5,31.1,45.0,1120.46
20230717,1104.86,,3.0,4.0,1103.86
20230714,1104.86,,2.0,2.0,1104.86
20230713,1104.86,,2.5,2.5,1104.86
20230712,1111.06,,0.1,6.3,1104.86
20230711,1104.46,28.2,0.3,21.9,1111.06
20230710,1104.46,,20.0,20.0,1104.46
20230707,1109.46,,35.0,40.0,1104.46
20230706,1109.46,,0.6,0.6,1109.46
20230705,1109.46,,3.8,3.8,1109.46
20230704,1059.76,50.0,,0.3,1109.46
20230703,1065.89,,,6.13,1059.76
20230630,1068.89,,1.0,4.0,1065.89
20230629,1068.89,,10.0,10.0,1068.89
20230628,1069.99,,10.1,11.2,1068.89
20230627,1039.39,32.1,4.0,5.5,1069.99
20230626,1051.39,,22.0,34.0,1039.39
20230621,1054.39,,3.2,6.2,1051.39
20230620,1022.99,31.4,,,1054.39
20230619,1022.99,,,,1022.99
20230616,1022.99,,14.0,14.0,1022.99
20230615,1022.99,,3.0,3.0,1022.99
20230614,1022.99,,3.3,3.3,1022.99
20230613,997.99,30.0,4.0,9.0,1022.99
20230612,1012.99,,1.5,31.65,997.99
20230609,1017.99,,,5.0,1012.99
20230608,1017.99,,,10.0,1017.99
20230607,1024.99,,6.0,13.0,1017.99
20230606,1029.99,15.0,3.87,23.87,1024.99
20230605,1049.99,,61.0,81.0,1029.99
20230602,1049.99,,17.5,17.5,1049.99
20230601,1049.99,,10.0,10.0,1049.99
20230531,1049.99,,8.0,8.0,1049.99
20230530,1039.99,10.0,8.0,8.0,1049.99
20230529,1039.99,,8.1,8.1,1039.99
20230526,1040.99,,16.5,17.5,1039.99
20230525,1139.99,,65.0,164.0,1040.99
20230524,1139.99,,,,1139.99
20230523,1139.99,15.0,40.0,60.0,1139.99
20230522,1169.99,,3.0,33.0,1139.99
20230519,1169.99,,10.0,10.0,1169.99
20230518,1170.97,,7.0,7.98,1169.99
20230517,1167.97,,1.3,1.3,1170.97
20230516,1160.97,10.0,,3.0,1167.97
20230515,1160.97,,,,1160.97
20230512,1160.97,,10.0,20.0,1160.97
20230511,1162.07,,,1.1,1160.97
20230510,1162.07,,,,1162.07
20230509,1147.07,15.0,,,1162.07
20230508,1147.07,,5.0,5.0,1147.07
20230505,1140.57,,,,1147.07
20230504,1147.07,,,7.35,1140.57
20230428,1147.07,,,,1147.07
20230427,1147.07,,,,1147.07
20230426,1147.07,,0.6,0.6,1147.07
20230425,1127.07,20.0,,,1147.07
20230424,1123.07,,,,1127.07
20230421,1127.07,,1.0,15.0,1123.07
20230420,1137.07,,2.0,12.0,1127.07
20230419,1137.07,,,,1137.07
20230418,1122.07,15.0,,1.0,1137.07
20230417,1121.07,,1.99,1.99,1122.07
20230414,1122.07,,10.0,11.0,1121.07
20230413,1122.07,,5.5,5.5,1122.07
20230412,1121.07,,,,1122.07
20230411,1104.07,20.0,2.0,16.3,1121.07
20230410,1104.07,,1.0,1.0,1104.07
20230407,1104.07,,,,1104.07
20230406,1104.07,,,,1104.07
20230404,1084.07,20.0,,,1104.07
20230403,1077.94,,,,1084.07
20230331,1081.07,,,6.13,1077.94
20230330,1084.07,,,3.0,1081.07
20230329,1084.07,,0.5,0.5,1084.07
20230328,1054.07,30.0,3.0,3.0,1084.07
20230327,1054.07,,,,1054.07
20230324,1051.07,,,,1054.07
20230323,1064.07,,0.5,13.5,1051.07
20230322,1064.07,,1.0,1.0,1064.07
20230321,1044.07,20.0,,,1064.07
20230320,1044.07,,,,1044.07
20230317,1044.07,,8.0,8.0,1044.07
20230316,1044.57,,1.5,2.0,1044.07
20230315,1044.57,,,,1044.57
20230314,1024.57,20.0,,,1044.57
20230313,1024.42,,,10.0,1024.57
20230310,1019.57,,,0.15,1024.42
20230309,1024.97,,,15.4,1019.57
20230308,1024.97,,,,1024.97
20230307,1010.47,15.0,0.5,1.0,1024.97
20230306,1010.47,,,,1010.47
20230303,1010.47,,,,1010.47
20230302,1010.47,,5.0,5.0,1010.47
20230301,1017.47,,,7.0,1010.47
20230228,1007.47,,,2.0,1017.47
20230227,1008.47,,,4.0,1007.47
20230224,1008.47,,,,1008.47
20230223,1008.47,,,,1008.47
20230222,1008.47,,,,1008.47
20230221,1001.42,,,7.95,1008.47
20230220,1000.42,,,3.0,1001.42
20230217,1001.42,,,1.0,1000.42
20230216,993.42,,,5.0,1001.42
20230215,1000.42,,,8.0,993.42
20230214,998.42,,,1.0,1000.42
20230213,1000.52,,,3.0,998.42
20230210,989.42,,,1.9,1000.52
20230209,1001.42,,,12.0,989.42
20230208,1001.42,,,,1001.42
20230207,1001.42,,,17.0,1001.42
20230206,999.42,,,12.0,1001.42
20230203,1001.42,,,2.0,999.42
20230202,1001.42,,,,1001.42
20230201,1001.42,,,30.0,1001.42
20230131,984.92,,,,1001.42
20230130,1000.57,,,38.1,984.92
20230120,987.42,,,0.85,1000.57
20230119,1001.42,,,14.0,987.42
20230118,1001.42,,,,1001.42
20230117,1000.42,,,41.0,1001.42
20230116,1001.42,,,4.0,1000.42
20230113,1000.42,,,2.0,1001.42
20230112,1001.42,,,2.5,1000.42
20230111,996.42,,,,1001.42
20230110,989.12,,,15.0,996.42
20230109,1001.42,,,32.3,989.12
20230106,971.42,,,10.0,1001.42
20230105,971.42,,,,971.42
20230104,971.42,,,,971.42
20230103,971.42,,,,971.42
20221230,964.29,,,,971.42
20221229,968.42,,,17.13,964.29
20221228,1000.22,,,43.0,968.42
20221227,1001.42,,,6.7,1000.22
20221226,1001.42,,,19.0,1001.42
20221223,1001.42,,,,1001.42
20221222,998.42,,,12.0,1001.42
20221221,1000.72,,,8.5,998.42
20221220,1001.42,,,0.7,1000.72
20221219,1001.42,,,,1001.42
20221216,996.42,,,9.0,1001.42
20221215,998.42,,,5.0,996.42
20221214,1001.42,,,6.3,998.42
20221213,1001.42,,,9.0,1001.42
20221212,974.92,,,5.0,1001.42
20221209,986.27,,,11.5,974.92
20221208,971.42,,,0.15,986.27
20221207,978.42,,,20.0,971.42
20221206,958.55,,,4.0,978.42
20221205,922.42,,,44.87,958.55
20221202,904.92,,,,922.42
20221201,894.92,,,,904.92
20221130,886.92,,,,894.92
20221129,878.92,,,,886.92
20221128,877.82,,,7.0,878.92
20221125,860.32,,,,877.82
20221124,696.32,,,,860.32
20221123,703.82,,,7.5,696.32
20221122,643.82,,,,703.82
20221121,613.82,,,3.0,643.82
20221118,603.82,,,,613.82
20221117,602.84,,,7.0,603.82
20221116,601.54,,,,602.84
20221115,601.54,,,,601.54
20221114,598.54,,,,601.54
20221111,608.54,,,20.0,598.54
20221110,597.44,,,,608.54
20221109,607.44,,,10.0,597.44
20221108,607.44,,,,607.44
20221107,607.44,,,5.0,607.44
20221104,607.44,,,,607.44
20221103,607.44,,,,607.44
20221102,607.44,,,,607.44
20221101,607.44,,,,607.44
20221031,607.44,,,,607.44
20221028,607.44,,,,607.44
20221027,606.44,,,,607.44
20221026,607.44,,,1.6,606.44
20221025,607.44,,,,607.44
20221024,601.94,,,1.0,607.44
20221021,605.59,,,5.5,601.94
20221020,583.44,,,3.85,605.59
20221019,607.44,,,24.0,583.44
20221018,607.44,,,,607.44
20221017,604.94,,,0.49,607.44
20221014,604.94,,,10.0,604.94
20221013,605.44,,,7.0,604.94
20221012,606.44,,,1.0,605.44
20221011,602.44,,,,606.44
20221010,594.14,,,5.0,602.44
20220930,606.44,,,12.3,594.14
20220929,599.44,,,,606.44
20220928,602.94,,,7.0,599.44
20220927,603.44,,,9.0,602.94
20220926,603.44,,,6.0,603.44
20220923,603.44,,,,603.44
20220922,595.94,,,10.0,603.44
20220921,603.44,,,14.5,595.94
20220920,606.44,,,3.0,603.44
20220919,606.44,,,,606.44
20220916,601.44,,,11.0,606.44
20220915,604.44,,,5.0,601.44
20220914,603.44,,,2.0,604.44
20220913,606.44,,,3.0,603.44
20220909,596.44,,,,606.44
20220908,606.04,,,10.0,596.44
20220907,591.04,,,,606.04
20220906,606.04,,,16.0,591.04
20220905,606.04,,,,606.04
20220902,606.04,,,,606.04
20220901,606.04,,,5.0,606.04
20220831,599.04,,,,606.04
20220830,604.04,,,7.0,599.04
20220829,598.04,,,5.0,604.04
20220826,606.54,,,8.5,598.04
20220825,611.54,,,5.0,606.54
20220824,614.54,,,10.5,611.54
20220823,611.59,,,,614.54
20220822,617.54,,,11.95,611.59
20220819,616.54,,,,617.54
20220818,617.54,,,13.0,616.54
20220817,609.54,,,,617.54
20220816,616.54,,,8.0,609.54
20220815,617.54,,,1.0,616.54
20220812,617.64,,,22.0,617.54
20220811,620.54,,,4.9,617.64
20220810,612.54,,,2.0,620.54
20220809,622.54,,,27.0,612.54
20220808,659.54,,,54.0,622.54
20220805,657.54,,,,659.54
20220804,659.54,,,2.0,657.54
20220803,629.54,,,,659.54
20220802,629.54,,,,629.54
20220801,629.54,,,,
20220729,634.54,,,15.6,629.54
20220728,639.54,,,10.0,634.54
20220727,635.54,,,0.6,639.54
20220726,639.54,,,14.0,635.54
20220725,637.54,,,1.0,639.54
20220722,637.04,,,5.0,637.54
20220721,640.69,,,7.5,637.04
20220720,618.49,,,1.8,640.69
20220719,637.49,,,60.0,618.49
20220718,634.49,,,0.49,637.49
20220715,627.49,,,5.0,634.49
20220714,625.99,,,7.0,627.49
20220713,636.49,,,11.5,625.99
20220712,622.49,,,1.0,636.49
20220711,618.49,,,17.0,622.49
20220708,618.49,,,10.0,618.49
20220707,618.49,,,,618.49
20220706,617.49,,,,618.49
20220705,617.49,,,,617.49
20220704,614.49,,,,617.49
20220701,605.19,,,3.0,614.49
20220630,661.86,,,66.8,605.19
20220629,665.99,,,51.13,661.86
20220628,687.79,,,32.0,665.99
20220627,691.29,,,22.5,687.79
20220624,691.29,,,,691.29
20220623,691.29,,,15.0,691.29
20220622,688.79,,,14.5,691.29
20220621,696.09,,,16.0,688.79
20220620,699.79,,,3.7,696.09
20220617,700.09,,,12.3,699.79
20220616,705.09,,,15.0,700.09
20220615,712.59,,,12.8,705.09
20220614,710.38,,,6.79,712.59
20220613,702.38,,,,710.38
20220610,705.38,,,4.5,702.38
20220609,695.23,,,,705.38
20220608,706.73,,,16.5,695.23
20220607,700.73,,,14.0,706.73
20220606,724.73,,,68.87,700.73
20220602,748.23,,,28.5,724.73
20220601,748.23,,,,748.23
20220531,733.23,,,,748.23
20220530,738.23,,,10.0,733.23
20220527,731.73,,,2.0,738.23
20220526,740.43,,,13.7,731.73
20220525,760.43,,,30.5,740.43
20220524,760.43,,,,760.43
20220523,757.48,,,9.0,760.43
20220520,760.43,,,2.95,757.48
20220519,759.43,,,12.0,760.43
20220518,780.43,,,21.0,759.43
20220517,775.43,,,3.0,780.43
20220516,782.43,,,8.0,775.43
20220513,778.43,,,18.0,782.43
20220512,774.53,,,1.0,778.43
20220511,776.43,,,3.9,774.53
20220510,771.43,,,22.0,776.43
20220509,785.33,,,67.9,771.43
20220506,785.33,,,,785.33
20220505,783.33,,,,785.33
20220429,786.73,,,19.0,783.33
20220428,776.73,,,,786.73
20220427,786.73,,,10.6,776.73
20220426,782.73,,,10.0,786.73
20220425,786.73,,,5.0,782.73
20220422,781.73,,,,786.73
20220421,778.23,,,4.0,781.73
20220420,781.93,,,5.5,778.23
20220419,754.83,,,27.9,781.93
20220418,783.83,,,29.49,754.83
20220415,780.83,,,2.0,783.83
20220414,783.83,,,10.0,780.83
20220413,772.33,,,,783.83
20220412,774.83,,,3.5,772.33
20220411,759.83,,,2.0,774.83
20220408,764.83,,,15.0,759.83
20220407,769.83,,,5.0,764.83
20220406,774.83,,,5.0,769.83
20220401,771.83,,,,774.83
20220331,787.33,,,82.3,771.83
20220330,788.5,,,52.3,787.33
20220329,792.63,,,36.13,788.5
20220328,859.93,,,89.8,792.63
20220325,879.63,,,19.7,859.93
20220324,879.63,,,15.0,879.63
20220323,876.63,,,11.5,879.63
20220322,878.63,,,18.0,876.63
20220321,909.93,,,35.0,878.63
20220318,913.33,,,15.7,909.93
20220317,913.73,,,15.4,913.33
20220316,903.73,,,2.8,913.73
20220315,911.23,,,14.29,903.73
20220314,913.73,,,2.5,911.23
20220311,910.73,,,1.5,913.73
20220310,928.73,,,18.0,910.73
20220309,917.23,,,5.0,928.73
20220308,923.73,,,12.5,917.23
20220307,909.73,,,10.0,923.73
20220304,923.86,,,59.0,909.73
20220303,908.73,,,13.37,923.86
20220302,908.73,,,,908.73
20220301,908.73,,,,908.73
20220228,920.73,,,22.0,908.73
20220225,926.73,,,8.0,920.73
20220224,920.03,,,7.0,926.73
20220223,931.33,,,41.8,920.03
20220222,941.33,,,10.0,931.33
20220221,941.33,,,9.0,941.33
20220218,938.38,,,,941.33
20220217,941.33,,,14.95,938.38
20220216,920.33,,,,941.33
20220215,921.33,,,4.0,920.33
20220214,913.33,,,,921.33
20220211,920.33,,,25.0,913.33
20220210,921.33,,,2.0,920.33
20220209,917.43,,,,921.33
20220208,913.33,,,17.9,917.43
20220207,912.33,,,66.9,913.33
20220128,920.33,,,27.0,912.33
20220127,922.33,,,2.0,920.33
20220126,912.33,,,0.6,922.33
20220125,912.33,,,10.0,912.33
20220124,908.33,,,1.0,912.33
20220121,912.33,,,4.0,908.33
20220120,907.38,,,2.0,912.33
20220119,908.38,,,6.5,907.38
20220118,897.98,,,17.5,908.38
20220117,873.93,,,5.44,897.98
20220114,899.93,,,41.0,873.93
20220113,897.43,,,7.5,899.93
20220112,900.43,,,3.0,897.43
20220111,896.93,,,,900.43
20220110,932.43,,,37.5,896.93
20220107,928.43,,,11.0,932.43
20220106,923.43,,,,928.43
20220105,918.43,,,,923.43
20220104,918.43,,,,918.43
20211231,918.43,,,,918.43
20211230,836.13,,,,918.43
20211229,884.63,,,100.8,836.13
20211228,888.8,,,40.3,884.63
20211227,862.43,,,63.43,888.8
20211224,924.73,,,82.0,862.43
20211223,939.43,,,29.7,924.73
20211222,939.43,,,11.5,939.43
20211221,936.43,,,15.0,939.43
20211220,898.48,,,,936.43
20211217,935.78,,,63.0,898.48
20211216,956.03,,,35.65,935.78
20211215,953.73,,,0.5,956.03
20211214,943.73,,,4.29,953.73
20211213,948.23,,,10.0,943.73
20211210,950.73,,,4.0,948.23
20211209,932.73,,,,950.73
20211208,935.73,,,8.0,932.73
20211207,924.23,,,1.0,935.73
20211206,937.73,,,23.5,924.23
20211203,890.73,,,12.0,937.73
20211202,902.36,,,25.0,890.73
20211201,906.23,,,3.87,902.36
20211130,909.73,,,3.5,906.23
20211129,889.73,,,2.0,909.73
20211126,881.73,,,,889.73
20211125,887.73,,,13.0,881.73
20211124,877.93,,,32.0,887.73
20211123,886.93,,,19.0,877.93
20211122,886.93,,,9.0,886.93
20211119,896.93,,,10.0,886.93
20211118,896.93,,,12.0,896.93
20211117,896.93,,,,896.93
20211116,892.93,,,,896.93
20211115,893.93,,,1.0,892.93
20211112,881.93,,,,893.93
20211111,885.93,,,6.0,881.93
20211110,886.93,,,1.0,885.93
20211109,871.03,,,2.0,886.93
20211108,876.93,,,5.9,871.03
20211105,876.93,,,7.0,876.93
20211104,894.93,,,38.0,876.93
20211103,894.93,,,,894.93
20211102,886.93,,,,894.93
20211101,861.03,,,6.0,886.93
20211029,881.93,,,47.9,861.03
20211028,889.93,,,10.0,881.93
20211027,891.93,,,2.6,889.93
20211026,901.93,,,20.0,891.93
20211025,911.93,,,11.0,901.93
20211022,907.93,,,,911.93
20211021,911.93,,,6.0,907.93
20211020,905.43,,,,911.93
20211019,919.43,,,31.5,905.43
20211018,922.93,,,5.99,919.43
20211015,895.93,,,4.0,922.93
20211014,918.43,,,30.0,895.93
20211013,915.43,,,,918.43
20211012,921.43,,,6.0,915.43
20211011,917.93,,,31.0,921.43
20211008,918.93,,,12.0,917.93
20210930,919.93,,,1.0,918.93
20210929,899.93,,,,919.93
20210928,887.63,,,15.0,899.93
20210927,897.93,,,22.3,887.63
20210924,896.93,,,6.0,897.93
20210923,893.23,,,16.0,896.93
20210922,903.93,,,22.2,893.23
20210917,903.93,,,40.0,903.93
20210916,914.28,,,46.0,903.93
20210915,918.48,,,4.7,914.28
20210914,918.69,,,4.5,918.48
20210913,908.69,,,,918.69
20210910,914.69,,,10.0,908.69
20210909,916.69,,,2.0,914.69
20210908,908.69,,,,916.69
20210907,911.69,,,4.0,908.69
20210906,889.29,,,1.1,911.69
20210903,898.64,,,21.35,889.29
20210902,881.64,,,8.0,898.64
20210901,908.77,,,31.0,881.64
20210831,912.64,,,7.37,908.77
20210830,912.64,,,2.0,912.64
20210827,917.64,,,5.0,912.64
20210826,919.64,,,15.0,917.64
20210825,932.64,,,45.0,919.64
20210824,915.64,,,2.0,932.64
20210823,924.64,,,18.0,915.64
20210820,914.64,,,,924.64
20210819,929.64,,,27.0,914.64
20210818,929.64,,,,929.64
20210817,929.64,,,,929.64
20210816,928.64,,,,929.64
20210813,931.64,,,3.0,928.64
20210812,926.64,,,1.0,931.64
20210811,930.64,,,5.0,926.64
20210810,929.64,,,1.0,930.64
20210809,930.74,,,7.0,929.64
20210806,941.64,,,17.9,930.74
20210805,961.64,,,58.0,941.64
20210804,961.64,,,,961.64
20210803,961.64,,,,961.64
20210802,955.64,,,,961.64
20210730,958.74,,,51.0,955.64
20210729,950.74,,,2.0,958.74
20210728,958.64,,,10.5,950.74
20210727,960.64,,,22.0,958.64
20210726,950.74,,,1.1,960.64
20210723,955.74,,,5.0,950.74
20210722,951.74,,,2.0,955.74
20210721,955.74,,,4.0,951.74
20210720,959.24,,,35.0,955.74
20210719,971.75,,,18.5,959.24
20210716,985.25,,,17.5,971.75
20210715,963.25,,,8.0,985.25
20210714,990.25,,,27.0,963.25
20210713,992.25,,,8.0,990.25
20210712,995.25,,,34.0,992.25
20210709,995.25,,,10.0,995.25
20210708,995.25,,,,995.25
20210707,995.25,,,,995.25
20210706,993.25,,,,995.25
20210705,993.25,,,,993.25
20210702,993.25,,,,993.25
20210701,994.25,,,2.0,993.25
20210630,914.45,,,1.0,994.25
20210629,921.45,,,35.0,914.45
20210628,887.72,,,40.0,921.45
20210625,819.02,,,12.3,887.72
20210624,811.02,,,18.0,819.02
20210623,839.52,,,34.0,811.02
20210622,820.02,,,9.5,839.52
20210621,806.82,,,9.5,820.02
20210618,774.02,,,40.2,806.82
20210617,785.02,,,57.0,774.02
20210616,800.32,,,20.0,785.02
20210615,819.52,,,23.7,800.32
20210611,810.02,,,0.5,819.52
20210610,818.02,,,10.0,810.02
20210609,830.02,,,12.0,818.02
20210608,826.52,,,0.5,830.02
20210607,848.67,,,23.25,826.52
20210604,837.72,,,10.4,848.67
20210603,846.07,,,16.35,837.72
20210602,826.07,,,11.0,846.07
20210601,841.2,,,22.5,826.07
20210531,845.07,,,5.87,841.2
20210528,841.02,,,0.95,845.07
20210527,841.02,,,15.0,841.02
20210526,816.02,,,20.0,841.02
20210525,834.62,,,20.6,816.02
20210524,836.62,,,20.0,834.62
20210521,845.62,,,9.0,836.62
20210520,849.62,,,31.0,845.62
20210519,849.62,,,,849.62
20210518,849.62,,,,849.62
20210517,849.62,,,,849.62
20210514,846.62,,,,849.62
20210513,845.62,,,,846.62
20210512,840.62,,,,845.62
20210511,844.62,,,5.0,840.62
20210510,870.62,,,33.0,844.62
20210507,869.72,,,17.0,870.62
20210506,910.62,,,98.9,869.72
20210430,924.62,,,65.0,910.62
20210429,928.62,,,6.0,924.62
20210428,920.62,,,2.5,928.62
20210427,908.62,,,10.0,920.62
20210426,910.62,,,3.1,908.62
20210423,905.62,,,,910.62
20210422,915.62,,,12.0,905.62
20210421,911.62,,,,915.62
20210420,890.62,,,4.0,911.62
20210419,887.12,,,5.0,890.62
20210416,893.12,,,13.5,887.12
20210415,896.62,,,11.5,893.12
20210414,875.62,,,6.0,896.62
20210413,902.62,,,35.0,875.62
20210412,914.62,,,46.0,902.62
20210409,917.62,,,13.0,914.62
20210408,922.62,,,5.0,917.62
20210407,952.62,,,30.0,922.62
20210406,952.62,,,,952.62
20210402,952.62,,,,952.62
20210401,950.62,,,,952.62
20210331,951.62,,,2.0,950.62
20210330,943.12,,,26.5,951.62
20210329,933.12,,,30.0,943.12
20210326,920.82,,,,933.12
20210325,919.32,,,16.5,920.82
20210324,912.12,,,26.8,919.32
20210323,928.62,,,26.0,912.12
20210322,924.12,,,5.0,928.62
20210319,926.92,,,43.0,924.12
20210318,905.92,,,36.0,926.92
20210317,886.92,,,1.0,905.92
20210316,880.92,,,10.0,886.92
20210315,873.22,,,,880.92
20210312,876.72,,,4.0,873.22
20210311,867.22,,,0.5,876.72
20210310,865.22,,,10.0,867.22
20210309,865.22,,,0.5,865.22
20210308,842.22,,,0.25,865.22
20210305,842.07,,,10.25,842.22
20210304,830.72,,,5.0,842.07
20210303,830.72,,,11.0,830.72
20210302,808.22,,,,830.72
20210301,818.35,,,16.0,808.22
20210226,821.27,,,3.87,818.35
20210225,819.77,,,13.5,821.27
20210224,809.77,,,10.0,819.77
20210223,794.17,,,5.0,809.77
20210222,784.17,,,10.0,794.17
20210219,775.17,,,,784.17
20210218,784.77,,,40.6,775.17
20210210,786.77,,,2.0,784.77
20210209,783.12,,,1.35,786.77
20210208,766.12,,,16.0,783.12
20210205,752.12,,,3.0,766.12
20210204,709.12,,,35.0,752.12
20210203,709.12,,,,709.12
20210202,708.22,,,,709.12
20210201,688.22,,,,708.22
20210129,623.22,,,,688.22
20210128,617.22,,,,623.22
20210127,622.12,,,7.4,617.22
20210126,615.12,,,3.0,622.12
20210125,623.12,,,11.1,615.12
20210122,623.12,,,,623.12
20210121,625.12,,,14.0,623.12
20210120,630.12,,,5.0,625.12
20210119,626.12,,,,630.12
20210118,622.12,,,1.0,626.12
20210115,616.62,,,8.0,622.12
20210114,624.62,,,19.5,616.62
20210113,624.12,,,5.5,624.62
20210112,608.12,,,19.0,624.12
20210111,657.12,,,95.0,608.12
20210108,644.12,,,2.0,657.12
20210107,662.12,,,23.0,644.12
20210106,632.12,,,,662.12
20210105,662.12,,,30.0,632.12
20210104,662.12,,,,662.12
20201231,662.12,,,,662.12
20201230,660.12,,,,662.12
20201229,641.12,,,7.5,660.12
20201228,662.12,,,51.0,641.12
20201225,662.12,,,,662.12
20201224,650.62,,,5.0,662.12
20201223,635.32,,,11.5,650.62
20201222,645.12,,,35.8,635.32
20201221,676.62,,,36.5,645.12
20201218,643.12,,,9.5,676.62
20201217,677.12,,,70.0,643.12
20201216,676.12,,,,677.12
20201215,667.12,,,1.0,676.12
20201214,677.12,,,10.0,667.12
20201211,673.12,,,,677.12
20201210,676.62,,,4.0,673.12
20201209,667.12,,,0.5,676.62
20201208,677.12,,,10.5,667.12
20201207,702.12,,,25.25,677.12
20201204,702.12,,,10.25,702.12
20201203,702.12,,,5.0,702.12
20201202,691.12,,,,702.12
20201201,701.12,,,10.0,691.12
20201130,688.12,,,3.0,701.12
20201127,694.25,,,10.0,688.12
20201126,693.65,,,12.9,694.25
20201125,696.15,,,12.5,693.65
20201124,692.15,,,1.0,696.15
20201123,690.15,,,8.0,692.15
20201120,692.15,,,2.0,690.15
20201119,692.15,,,5.0,692.15
20201118,692.15,,,5.0,692.15
20201117,698.15,,,10.0,692.15
20201116,695.15,,,2.0,698.15
20201113,694.55,,,15.0,695.15
20201112,694.15,,,5.6,694.55
20201111,693.15,,,1.0,694.15
20201110,692.8,,,1.0,693.15
20201109,688.15,,,11.35,692.8
20201106,687.15,,,,688.15
20201105,699.15,,,47.0,687.15
20201104,700.15,,,1.0,699.15
20201103,700.15,,,,700.15
20201102,700.15,,,,700.15
20201030,700.15,,,,700.15
20201029,700.15,,,,700.15
20201028,696.22,,,3.47,700.15
20201027,699.12,,,5.9,696.22
20201026,689.12,,,1.1,699.12
20201023,690.12,,,1.0,689.12
20201022,680.12,,,7.0,690.12
20201021,678.12,,,3.0,680.12
20201020,684.12,,,6.0,678.12
20201019,684.12,,,1.0,684.12
20201016,681.12,,,5.0,684.12
20201015,669.62,,,8.0,681.12
20201014,663.12,,,,669.62
20201013,663.62,,,6.5,663.12
20201012,609.62,,,10.0,663.62
20201009,630.62,,,23.0,609.62
20200930,628.62,,,,630.62
20200929,625.12,,,3.0,628.62
20200928,624.12,,,,625.12
20200925,625.12,,,1.0,624.12
20200924,626.12,,,11.0,625.12
20200923,611.62,,,,626.12
20200922,607.62,,,2.0,611.62
20200921,609.62,,,8.0,607.62
20200918,603.12,,,5.0,609.62
20200917,549.12,,,17.0,603.12
20200916,549.12,,,,549.12
20200915,548.12,,,1.0,549.12
20200914,539.12,,,1.0,548.12
20200911,554.62,,,15.5,539.12
20200910,553.62,,,2.0,554.62
20200909,557.62,,,4.0,553.62
20200908,547.62,,,0.5,557.62
20200907,558.62,,,11.25,547.62
20200904,550.37,,,2.0,558.62
20200903,544.87,,,,550.37
20200902,544.87,,,,544.87
20200901,544.87,,,,544.87
20200831,544.87,,,2.0,544.87
20200828,547.87,,,3.0,544.87
20200827,542.87,,,10.0,547.87
20200826,547.42,,,17.05,542.87
20200825,547.42,,,,547.42
20200824,552.42,,,8.0,547.42
20200821,569.92,,,19.5,552.42
20200820,560.02,,,8.1,569.92
20200819,565.02,,,5.0,560.02
20200818,558.02,,,2.0,565.02
20200817,557.02,,,,558.02
20200814,556.02,,,14.0,557.02
20200813,564.02,,,15.0,556.02
20200812,579.02,,,15.0,564.02
20200811,587.02,,,8.0,579.02
20200810,587.52,,,10.5,587.02
20200807,597.52,,,10.0,587.52
20200806,592.52,,,40.0,597.52
20200805,592.52,,,,592.52
20200804,596.02,,,3.5,592.52
20200803,614.02,,,18.0,596.02
20200731,614.02,,,,614.02
20200730,614.02,,,,614.02
20200729,614.02,,,,614.02
20200728,614.02,,,,614.02
20200727,629.02,,,15.0,614.02
20200724,629.02,,,,629.02
20200723,629.02,,,,629.02
20200722,649.02,,,20.0,629.02
20200721,649.52,,,0.5,649.02
20200720,660.52,,,11.0,649.52
20200717,661.02,,,0.5,660.52
20200716,661.02,,,,661.02
20200715,723.52,,,62.5,661.02
20200714,709.52,,,8.0,723.52
20200713,688.52,,,20.0,709.52
20200710,688.52,,,,688.52
20200709,665.52,,,,688.52
20200708,661.52,,,11.0,665.52
20200707,606.52,,,,661.52
20200706,605.52,,,1.0,606.52
20200703,606.02,,,0.5,605.52
20200702,606.02,,,,606.02
20200701,606.02,,,,606.02
20200630,615.52,,,10.5,606.02
20200629,600.52,,,50.0,615.52
20200624,615.52,,,15.0,600.52
20200623,585.72,,,,615.52
20200622,603.22,,,38.0,585.72
20200619,613.22,,,10.0,603.22
20200618,655.02,,,44.8,613.22
20200617,680.02,,,25.0,655.02
20200616,691.52,,,11.5,680.02
20200615,693.52,,,2.0,691.52
20200612,693.02,,,,693.52
20200611,690.02,,,,693.02
20200610,717.52,,,31.0,690.02
20200609,721.52,,,4.0,717.52
20200608,751.52,,,30.0,721.52
20200605,776.52,,,25.0,751.52
20200604,776.52,,,,776.52
20200603,782.02,,,5.5,776.52
20200602,772.02,,,,782.02
20200601,817.72,,,46.7,772.02
20200529,808.72,,,1.0,817.72
20200528,808.82,,,3.0,808.72
20200527,813.82,,,5.0,808.82
20200526,812.82,,,,813.82
20200525,783.82,,,1.0,812.82
20200522,759.82,,,5.0,783.82
20200521,815.32,,,55.5,759.82
20200520,837.32,,,32.0,815.32
20200519,844.32,,,8.0,837.32
20200518,877.32,,,35.0,844.32
20200515,886.32,,,12.0,877.32
20200514,888.22,,,2.5,886.32
20200513,896.22,,,8.0,888.22
20200512,893.22,,,,896.22
20200511,894.87,,,3.0,893.22
20200508,899.12,,,4.25,894.87
20200507,897.12,,,,899.12
20200506,914.62,,,18.5,897.12
20200430,915.62,,,1.0,914.62
20200429,924.15,,,10.0,915.62
20200428,918.25,,,,924.15
20200427,929.15,,,12.0,918.25
20200424,928.15,,,,929.15
20200423,927.15,,,1.0,928.15
20200422,932.15,,,5.0,927.15
20200421,926.15,,,,932.15
20200420,936.15,,,16.0,926.15
20200417,938.15,,,7.0,936.15
20200416,943.15,,,9.0,938.15
20200415,944.12,,,0.97,943.15
20200414,943.62,,,5.0,944.12
20200413,954.12,,,10.5,943.62
20200410,944.12,,,,954.12
20200409,952.02,,,12.9,944.12
20200408,953.52,,,5.0,952.02
20200407,954.02,,,0.5,953.52
20200403,954.02,,,,954.02
20200402,954.02,,,,954.02
20200401,954.02,,,,954.02
20200331,949.02,,,1.0,954.02
20200330,949.02,,,,949.02
20200327,954.02,,,6.0,949.02
20200326,954.02,,,6.0,954.02
20200325,954.02,,,,954.02
20200324,952.02,,,,954.02
20200323,944.02,,,,952.02
20200320,947.02,,,6.0,944.02
20200319,950.02,,,4.0,947.02
20200318,953.02,,,3.0,950.02
20200317,957.02,,,5.0,953.02
20200316,957.02,,,,957.02
20200313,942.02,,,,957.02
20200312,945.02,,,5.0,942.02
20200311,950.21,,,12.19,945.02
20200310,961.21,,,11.5,950.21
20200309,962.96,,,13.0,961.21
20200306,962.21,,,1.25,962.96
20200305,964.21,,,2.0,962.21
20200304,964.21,,,,964.21
20200303,965.21,,,2.0,964.21
20200302,965.21,,,2.0,965.21
20200228,962.21,,,,965.21
20200227,959.21,,,10.0,962.21
20200226,958.21,,,16.05,959.21
20200225,958.21,,,,958.21
20200224,950.21,,,,958.21
20200221,935.21,,,2.5,950.21
20200220,930.71,,,9.1,935.21
20200219,925.71,,,2.0,930.71
20200218,918.71,,,,925.71
20200217,918.71,,,,918.71
20200214,907.71,,,,918.71
20200213,907.71,,,15.0,907.71
20200212,892.71,,,3.0,907.71
20200211,892.71,,,2.0,892.71
20200210,892.71,,,10.5,892.71
20200207,882.71,,,,892.71
20200206,842.71,,,,882.71
20200205,842.71,,,,842.71
20200204,839.21,,,,842.71
20200203,831.21,,,10.0,839.21
20200123,831.21,,,,831.21
20200122,811.21,,,,831.21
20200121,811.21,,,0.5,811.21
20200120,805.21,,,,811.21
20200117,805.21,,,0.5,805.21
20200116,805.21,,,,805.21
20200115,742.71,,,,805.21
20200114,744.71,,,12.0,742.71
20200113,729.71,,,5.0,744.71
20200110,729.71,,,,729.71
20200109,729.71,,,,729.71
20200108,721.71,,,,729.71
20200107,721.71,,,,721.71
20200106,721.71,,,1.0,721.71
20200103,721.71,,,0.5,721.71
20200102,721.71,,,,721.71
20191231,714.21,,,,721.71
20191230,719.21,,,5.0,714.21
20191227,709.21,,,,719.21
20191226,669.21,,,,709.21
20191225,669.21,,,15.0,669.21
20191224,679.21,,,10.0,669.21
20191223,668.21,,,27.0,679.21
20191220,668.21,,,10.0,668.21
20191219,628.21,,,4.8,668.21
20191218,615.21,,,10.0,628.21
20191217,605.21,,,3.5,615.21
20191216,603.21,,,,605.21
20191213,603.21,,,,603.21
20191212,603.21,,,,603.21
20191211,575.21,,,,603.21
20191210,575.71,,,1.5,575.21
20191209,545.71,,,3.0,575.71
20191206,545.71,,,,545.71
20191205,545.71,,,,545.71
20191204,540.21,,,,545.71
20191203,540.21,,,,540.21
20191202,513.51,,,,540.21
20191129,517.51,,,5.0,513.51
20191128,517.51,,,,517.51
20191127,513.01,,,0.5,517.51
20191126,513.01,,,,513.01
20191125,512.01,,,,513.01
20191122,507.01,,,,512.01
20191121,462.01,,,5.0,507.01
20191120,430.01,,,,462.01
20191119,430.01,,,10.0,430.01
20191118,400.01,,,,430.01
20191115,402.01,,,12.0,400.01
20191114,399.51,,,,402.01
20191113,391.51,,,,399.51
20191112,391.51,,,,391.51
20191111,391.51,,,3.0,391.51
20191108,387.26,,,,391.51
20191107,389.26,,,2.0,387.26
20191106,389.26,,,,389.26
20191105,382.76,,,1.0,389.26
20191104,381.76,,,,382.76
20191101,366.76,,,,381.76
20191031,365.76,,,,366.76
20191030,355.76,,,,365.76
20191029,355.76,,,,355.76
20191028,347.76,,,4.0,355.76
20191025,355.76,,,8.0,347.76
20191024,354.76,,,,355.76
20191023,354.76,,,5.0,354.76
20191022,354.76,,,2.0,354.76
20191021,349.76,,,11.0,354.76
20191018,337.76,,,5.0,349.76
20191017,332.76,,,4.0,337.76
20191016,332.76,,,0.97,332.76
20191015,332.76,,,5.0,332.76
20191014,327.26,,,10.0,332.76
20191011,332.76,,,5.5,327.26
20191010,322.76,,,0.9,332.76
20191009,322.76,,,5.0,322.76
20191008,322.26,,,,322.76
20190930,322.76,,,0.5,322.26
20190927,311.76,,,,322.76
20190926,313.76,,,8.0,311.76
20190925,308.76,,,,313.76
20190924,298.76,,,2.0,308.76
20190923,283.76,,,10.0,298.76
20190920,277.76,,,,283.76
20190919,283.76,,,10.0,277.76
20190918,288.76,,,5.0,283.76
20190917,283.76,,,,288.76
20190916,285.76,,,12.0,283.76
20190912,280.76,,,,285.76
20190911,274.57,,,6.0,280.76
20190910,269.76,,,6.19,274.57
20190909,269.76,,,13.0,269.76
20190906,269.76,,,1.25,269.76
20190905,267.76,,,,269.76
20190904,269.76,,,2.0,267.76
20190903,267.76,,,,269.76
20190902,271.76,,,6.0,267.76
20190830,272.76,,,1.0,271.76
20190829,268.76,,,6.0,272.76
20190828,252.46,,,0.25,268.76
20190827,252.46,,,2.0,252.46
20190826,252.46,,,,252.46
20190823,252.46,,,2.5,252.46
20190822,254.36,,,11.0,252.46
20190821,264.36,,,10.0,254.36
20190820,264.36,,,,264.36
20190819,264.36,,,,264.36
20190816,264.36,,,,264.36
20190815,249.36,,,,264.36
20190814,249.36,,,,249.36
20190813,249.36,,,,249.36
20190812,259.36,,,23.5,249.36
20190809,259.36,,,,259.36
20190808,259.36,,,,259.36
20190807,259.36,,,,259.36
20190806,262.36,,,3.0,259.36
20190805,262.36,,,,262.36
20190802,262.36,,,,262.36
20190801,262.36,,,,262.36
20190731,262.36,,,10.0,262.36
20190730,262.36,,,2.0,262.36
20190729,262.36,,,,262.36
20190726,262.36,,,,262.36
20190725,262.36,,,10.0,262.36
20190724,262.36,,,,262.36
20190723,272.36,,,10.5,262.36
20190722,272.36,,,,272.36
20190719,272.36,,,0.5,272.36
20190718,272.36,,,,272.36
20190717,272.36,,,,272.36
20190716,272.36,,,10.0,272.36
20190715,272.36,,,,272.36
20190712,272.36,,,,272.36
20190711,280.36,,,8.0,272.36
20190710,280.36,,,,280.36
20190709,280.36,,,3.0,280.36
20190708,281.36,,,2.0,280.36
20190705,295.86,,,15.0,281.36
20190704,295.86,,,,295.86
20190703,295.86,,,,295.86
20190702,295.86,,,2.0,295.86
20190701,295.86,,,,295.86
20190628,280.86,,,,295.86
20190627,283.86,,,15.0,280.86
20190626,283.86,,,15.0,283.86
20190625,273.86,,,,283.86
20190624,308.86,,,47.0,273.86
20190621,298.86,,,,308.86
20190620,294.06,,,,298.86
20190619,285.56,,,1.5,294.06
20190618,285.56,,,1.5,285.56
20190617,285.56,,,,285.56
20190614,285.56,,,,285.56
20190613,285.56,,,,285.56
20190612,285.56,,,,285.56
20190611,285.56,,,0.5,285.56
20190610,285.56,,,3.0,285.56
20190606,295.56,,,10.0,285.56
20190605,295.56,,,,295.56
20190604,296.06,,,2.5,295.56
20190603,296.56,,,0.5,296.06
20190531,296.56,,,,296.56
20190530,296.56,,,,296.56
20190529,296.56,,,,296.56
20190528,296.56,,,,296.56
20190527,296.56,,,,296.56
20190524,296.56,,,,296.56
20190523,291.56,,,,296.56
20190522,291.56,,,,291.56
20190521,288.56,,,5.0,291.56
20190520,293.56,,,5.0,288.56
20190517,291.56,,,,293.56
20190516,291.56,,,,291.56
20190515,291.56,,,,291.56
20190514,296.56,,,5.0,291.56
20190513,301.56,,,5.0,296.56
20190510,306.56,,,5.0,301.56
20190509,309.56,,,5.0,306.56
20190508,309.56,,,,309.56
20190507,313.56,,,7.0,309.56
20190506,323.06,,,10.0,313.56
20190430,328.06,,,5.0,323.06
20190429,329.06,,,5.0,328.06
20190426,336.06,,,10.0,329.06
20190425,344.06,,,8.0,336.06
20190424,344.06,,,,344.06
20190423,339.06,,,,344.06
20190422,333.06,,,,339.06
20190419,328.06,,,5.0,333.06
20190418,334.06,,,10.0,328.06
20190417,342.06,,,8.97,334.06
20190416,337.06,,,,342.06
20190415,332.06,,,,337.06
20190412,321.56,,,,332.06
20190411,322.06,,,6.4,321.56
20190410,309.06,,,,322.06
20190409,301.06,,,2.0,309.06
20190408,294.06,,,,301.06
20190404,294.06,,,,294.06
20190403,300.06,,,6.0,294.06
20190402,295.06,,,,300.06
20190401,290.06,,,0.5,295.06
20190329,285.56,,,0.5,290.06
20190328,264.56,,,,285.56
20190327,269.56,,,5.0,264.56
20190326,282.56,,,13.0,269.56
20190325,272.56,,,,282.56
20190322,272.56,,,,272.56
20190321,266.56,,,4.0,272.56
20190320,265.56,,,10.0,266.56
20190319,275.56,,,10.0,265.56
20190318,277.06,,,12.0,275.56
20190315,277.06,,,2.0,277.06
20190314,277.06,,,,277.06
20190313,272.06,,,6.0,277.06
20190312,268.87,,,8.0,272.06
20190311,269.56,,,13.69,268.87
20190308,269.56,,,1.25,269.56
20190307,269.56,,,,269.56
20190306,267.56,,,,269.56
20190305,269.56,,,2.0,267.56
20190304,265.06,,,1.5,269.56
20190301,267.56,,,3.5,265.06
20190228,261.56,,,,267.56
20190227,260.56,,,4.25,261.56
20190226,270.56,,,10.0,260.56
20190225,280.56,,,10.0,270.56
20190222,306.56,,,28.5,280.56
20190221,307.56,,,2.0,306.56
20190220,307.56,,,10.0,307.56
20190219,322.56,,,15.0,307.56
20190218,322.56,,,,322.56
20190215,322.56,,,,322.56
20190214,322.56,,,,322.56
20190213,322.56,,,,322.56
20190212,322.56,,,2.0,322.56
20190211,322.56,,,23.5,322.56
20190201,322.56,,,,322.56
20190131,317.56,,,,322.56
20190130,307.56,,,,317.56
20190129,307.56,,,,307.56
20190128,307.56,,,,307.56
20190125,312.56,,,5.0,307.56
20190124,313.56,,,1.0,312.56
20190123,329.56,,,16.0,313.56
20190122,329.06,,,,329.56
20190121,329.06,,,,329.06
20190118,329.06,,,0.5,329.06
20190117,332.06,,,3.0,329.06
20190116,339.06,,,7.0,332.06
20190115,344.06,,,17.0,339.06
20190114,349.06,,,5.0,344.06
20190111,359.06,,,10.0,349.06
20190110,351.06,,,,359.06
20190109,384.06,,,33.0,351.06
20190108,389.06,,,5.0,384.06
20190107,397.06,,,8.0,389.06
20190104,397.06,,,,397.06
20190103,451.06,,,54.0,397.06
20190102,511.06,,,60.0,451.06
20181228,511.06,,,,511.06
20181227,455.06,,,,511.06
20181226,371.06,,,5.0,455.06
20181225,371.06,,,,371.06
20181224,329.06,,,11.0,371.06
20181221,329.06,,,0.5,329.06
20181220,321.06,,,2.0,329.06
20181219,312.56,,,,321.06
20181218,306.06,,,2.0,312.56
20181217,306.06,,,,306.06
20181214,306.06,,,,306.06
20181213,306.06,,,,306.06
20181212,306.06,,,,306.06
20181211,306.06,,,,306.06
20181210,306.06,,,3.0,306.06
20181207,311.06,,,5.0,306.06
20181206,311.06,,,10.0,311.06
20181205,311.06,,,,311.06
20181204,336.06,,,25.5,311.06
20181203,351.06,,,15.0,336.06
20181130,351.06,,,,351.06
20181129,351.06,,,,351.06
20181128,366.06,,,20.0,351.06
20181127,366.06,,,,366.06
20181126,386.06,,,20.0,366.06
20181123,386.56,,,1.0,386.06
20181122,386.56,,,,386.56
20181121,420.56,,,34.0,386.56
20181120,421.56,,,3.0,420.56
20181119,421.56,,,,421.56
20181116,424.56,,,3.0,421.56
20181115,425.06,,,0.5,424.56
20181114,430.36,,,5.3,425.06
20181113,440.36,,,10.0,430.36
20181112,440.36,,,,440.36
20181109,445.36,,,5.0,440.36
20181108,445.36,,,,445.36
20181107,445.36,,,,445.36
20181106,450.36,,,5.0,445.36
20181105,450.36,,,,450.36
20181102,455.36,,,5.0,450.36
20181101,458.36,,,3.0,455.36
20181031,473.36,,,15.0,458.36
20181030,473.36,,,,473.36
20181029,473.36,,,,473.36
20181026,476.36,,,3.5,473.36
20181025,478.36,,,5.0,476.36
20181024,487.36,,,11.0,478.36
20181023,497.76,,,13.4,487.36
20181022,502.76,,,5.0,497.76
20181019,504.76,,,7.0,502.76
20181018,509.76,,,15.0,504.76
20181017,524.76,,,16.27,509.76
20181016,526.26,,,1.5,524.76
20181015,546.26,,,20.0,526.26
20181012,546.26,,,,546.26
20181011,543.76,,,3.9,546.26
20181010,570.26,,,26.5,543.76
20181009,609.26,,,39.0,570.26
20181008,611.69,,,4.43,609.26
20180928,622.69,,,11.5,611.69
20180927,622.69,,,,622.69
20180926,629.69,,,7.0,622.69
20180925,647.69,,,31.0,629.69
20180921,647.69,,,,647.69
20180920,647.69,,,1.0,647.69
20180919,637.69,,,0.3,647.69
20180918,660.79,,,33.1,637.69
20180917,675.29,,,26.5,660.79
20180914,685.79,,,12.5,675.29
20180913,693.79,,,8.0,685.79
20180912,698.79,,,6.0,693.79
20180911,719.59,,,26.8,698.79
20180910,746.9,,,41.0,719.59
20180907,746.59,,,0.94,746.9
20180906,748.59,,,2.0,746.59
20180905,748.59,,,1.9,748.59
20180904,753.59,,,7.0,748.59
20180903,769.59,,,17.5,753.59
20180831,779.59,,,13.5,769.59
20180830,783.09,,,3.5,779.59
20180829,784.09,,,10.25,783.09
20180828,788.09,,,14.0,784.09
20180827,791.09,,,26.0,788.09
20180824,801.59,,,39.0,791.09
20180823,800.59,,,1.0,801.59
20180822,790.59,,,4.3,800.59
20180821,775.59,,,,790.59
20180820,775.59,,,,775.59
20180817,775.59,,,,775.59
20180816,775.59,,,,775.59
20180815,780.59,,,10.0,775.59
20180814,810.59,,,30.0,780.59
20180813,822.59,,,12.0,810.59
20180810,835.59,,,28.0,822.59
20180809,835.59,,,12.0,835.59
20180808,836.59,,,4.4,835.59
20180807,836.59,,,5.0,836.59
20180806,836.59,,,,836.59
20180803,846.59,,,15.0,836.59
20180802,846.59,,,,846.59
20180801,848.29,,,1.7,846.59
20180731,848.29,,,,848.29
20180730,848.29,,,3.0,848.29
20180727,858.29,,,15.0,848.29
20180726,858.29,,,,858.29
20180725,888.29,,,43.3,858.29
20180724,918.29,,,30.0,888.29
20180723,921.29,,,3.0,918.29
20180720,931.29,,,10.0,921.29
20180719,931.29,,,,931.29
20180718,931.29,,,,931.29
20180717,929.79,,,10.0,931.29
20180716,931.29,,,26.5,929.79
20180713,931.29,,,10.0,931.29
20180712,931.29,,,12.0,931.29
20180711,928.29,,,28.4,931.29
20180710,966.29,,,63.0,928.29
20180709,966.29,,,0.53,966.29
20180706,966.29,,,,966.29
20180705,966.29,,,,966.29
20180704,966.29,,,,966.29
20180703,966.29,,,,966.29
20180702,966.29,,,5.0,966.29
20180629,965.29,,,,966.29
20180628,966.29,,,1.0,965.29
20180627,959.29,,,,966.29
20180626,959.29,,,,959.29
20180625,945.29,,,,959.29
20180622,945.29,,,,945.29
20180621,943.29,,,,945.29
20180620,945.29,,,2.0,943.29
20180619,945.29,,,,945.29
20180615,945.29,,,,945.29
20180614,945.29,,,12.0,945.29
20180613,945.29,,,,945.29
20180612,945.29,,,1.5,945.29
20180611,945.29,,,3.0,945.29
20180608,945.29,,,5.0,945.29
20180607,943.29,,,10.0,945.29
20180606,945.29,,,2.0,943.29
20180605,917.79,,,,945.29
20180604,902.79,,,5.0,917.79
20180601,917.79,,,15.0,902.79
20180531,917.79,,,,917.79
20180530,922.79,,,20.0,917.79
20180529,922.79,,,,922.79
20180528,927.79,,,25.0,922.79
20180525,941.79,,,15.0,927.79
20180524,941.79,,,,941.79
20180523,951.79,,,44.0,941.79
20180522,951.79,,,,951.79
20180521,951.79,,,,951.79
20180518,948.79,,,,951.79
20180517,949.29,,,13.0,948.79
20180516,961.29,,,17.0,949.29
20180515,961.29,,,10.0,961.29
20180514,961.29,,,2.0,961.29
20180511,961.29,,,5.0,961.29
20180510,961.29,,,,961.29
20180509,961.29,,,,961.29
20180508,981.29,,,25.0,961.29
20180507,991.79,,,15.5,981.29
20180504,991.79,,,5.0,991.79
20180503,991.79,,,3.0,991.79
20180502,991.79,,,16.7,991.79
20180427,996.79,,,8.5,991.79
20180426,991.79,,,,996.79
20180425,994.29,,,13.8,991.79
20180424,992.79,,,8.9,994.29
20180423,1002.79,,,15.0,992.79
20180420,1005.79,,,10.0,1002.79
20180419,1014.79,,,24.0,1005.79
20180418,1008.79,,,21.97,1014.79
20180417,1025.79,,,17.0,1008.79
20180416,1024.29,,,,1025.79
20180413,1025.79,,,1.5,1024.29
20180412,1025.79,,,3.9,1025.79
20180411,1002.39,,,1.5,1025.79
20180410,1031.79,,,48.4,1002.39
20180409,1031.79,,,5.53,1031.79
20180404,1031.79,,,,1031.79
20180403,1031.79,,,,1031.79
20180402,1031.79,,,,1031.79
20180330,1031.29,,,10.0,1031.79
20180329,1030.79,,,0.5,1031.29
20180328,1031.79,,,1.0,1030.79
20180327,1024.29,,,,1031.79
20180326,1024.29,,,7.5,1024.29
20180323,1032.29,,,8.0,1024.29
20180322,1032.29,,,3.0,1032.29
20180321,1032.29,,,,1032.29
20180320,992.19,,,5.0,1032.29
20180319,1005.79,,,40.1,992.19
20180316,1013.29,,,20.0,1005.79
20180315,1018.79,,,13.5,1013.29
20180314,1017.79,,,5.0,1018.79
20180313,1017.49,,,26.5,1017.79
20180312,1000.99,,,24.5,1017.49
20180309,1021.05,,,26.0,1000.99
20180308,1024.99,,,8.94,1021.05
20180307,1024.99,,,2.0,1024.99
20180306,1021.99,,,2.0,1024.99
20180305,1019.49,,,15.0,1021.99
20180302,1015.49,,,9.5,1019.49
20180301,1027.79,,,15.8,1015.49
20180228,1012.54,,,,1027.79
20180227,1023.79,,,25.25,1012.54
20180226,1005.29,,,4.5,1023.79
20180223,970.29,,,9.0,1005.29
20180222,1013.29,,,44.0,970.29
20180214,1003.29,,,,1013.29
20180213,978.29,,,5.0,1003.29
20180212,966.29,,,,978.29
20180209,938.29,,,,966.29
20180208,966.29,,,28.0,938.29
20180207,966.29,,,3.0,966.29
20180206,970.29,,,9.0,966.29
20180205,975.29,,,5.0,970.29
20180202,960.29,,,,975.29
20180201,975.29,,,15.0,960.29
20180131,975.29,,,,975.29
20180130,975.29,,,,975.29
20180129,969.79,,,,975.29
20180126,959.79,,,5.0,969.79
20180125,977.79,,,18.0,959.79
20180124,932.99,,,,977.79
20180123,903.99,,,1.0,932.99
20180122,900.99,,,,903.99
20180119,891.99,,,3.0,900.99
20180118,893.99,,,12.0,891.99
20180117,903.99,,,10.0,893.99
20180116,893.99,,,,903.99
20180115,878.99,,,10.0,893.99
20180112,867.49,,,,878.99
20180111,868.99,,,1.5,867.49
20180110,843.99,,,,868.99
20180109,778.99,,,,843.99
20180108,780.99,,,2.0,778.99
20180105,780.99,,,,780.99
20180104,780.99,,,,780.99
20180103,780.99,,,,780.99
20180102,780.99,,,,780.99
20171229,780.99,,,,780.99
20171228,780.99,,,,780.99
20171227,779.99,,,,780.99
20171226,779.99,,,1.0,779.99
20171225,780.99,,,1.0,779.99
20171222,780.99,,,,780.99
20171221,778.99,,,,780.99
20171220,778.99,,,2.0,778.99
20171219,780.99,,,2.0,778.99
20171218,780.99,,,,780.99
20171215,780.99,,,,780.99
20171214,780.99,,,,780.99
20171213,780.99,,,,780.99
20171212,780.99,,,,780.99
20171211,778.99,,,,780.99
20171208,780.99,,,2.0,778.99
20171207,770.99,,,,780.99
20171206,780.99,,,10.0,770.99
20171205,778.99,,,,780.99
20171204,780.99,,,2.0,778.99
20171201,765.99,,,,780.99
20171130,765.99,,,,765.99
20171129,750.99,,,,765.99
20171128,750.99,,,,750.99
20171127,724.99,,,,750.99
20171124,713.99,,,1.0,724.99
20171123,715.99,,,2.0,713.99
20171122,669.99,,,,715.99
20171121,671.99,,,2.0,669.99
20171120,671.99,,,,671.99
20171117,671.99,,,,671.99
20171116,658.99,,,,671.99
20171115,658.99,,,,658.99
20171114,643.99,,,,658.99
20171113,643.99,,,,643.99
20171110,641.99,,,,643.99
20171109,628.99,,,2.0,641.99
20171108,628.99,,,,628.99
20171107,608.99,,,,628.99
20171106,593.49,,,,608.99
20171103,593.49,,,,593.49
20171102,575.49,,,,593.49
20171101,573.79,,,,575.49
20171031,575.49,,,1.7,573.79
20171030,565.49,,,,575.49
20171027,578.99,,,23.0,565.49
20171026,585.49,,,6.5,578.99
20171025,584.99,,,10.0,585.49
20171024,584.59,,,10.5,584.99
20171023,576.59,,,7.0,584.59
20171020,591.59,,,25.0,576.59
20171019,582.59,,,13.0,591.59
20171018,570.62,,,20.0,582.59
20171017,597.59,,,31.97,570.62
20171016,593.39,,,5.8,597.59
20171013,603.39,,,10.0,593.39
20171012,595.99,,,,603.39
20171011,598.89,,,4.4,595.99
20171010,557.44,,,6.95,598.89
20171009,579.11,,,22.2,557.44
20170929,569.82,,,0.71,579.11
20170928,593.32,,,25.0,569.82
20170927,619.35,,,26.03,593.32
20170926,638.35,,,20.0,619.35
20170925,629.05,,,0.2,638.35
20170922,636.55,,,15.0,629.05
20170921,641.55,,,8.0,636.55
20170920,648.55,,,7.0,641.55
20170919,631.95,,,0.4,648.55
20170918,603.05,,,12.0,631.95
20170915,627.45,,,54.4,603.05
20170914,646.95,,,33.0,627.45
20170913,653.45,,,13.5,646.95
20170912,653.5,,,27.0,653.45
20170911,656.45,,,27.45,653.5
20170908,642.45,,,12.0,656.45
20170907,661.61,,,28.4,642.45
20170906,671.85,,,20.24,661.61
20170905,681.85,,,10.0,671.85
20170904,664.85,,,,681.85
20170901,662.35,,,7.0,664.85
20170831,661.05,,,14.5,662.35
20170830,665.85,,,5.8,661.05
20170829,646.6,,,6.0,665.85
20170828,672.85,,,30.25,646.6
20170825,680.85,,,14.0,672.85
20170824,671.85,,,8.0,680.85
20170823,686.85,,,37.0,671.85
20170822,717.85,,,32.0,686.85
20170821,720.85,,,3.0,717.85
20170818,720.85,,,,720.85
20170817,715.35,,,,720.85
20170816,715.35,,,,715.35
20170815,713.35,,,,715.35
20170814,713.85,,,2.0,713.35
20170811,715.85,,,2.0,713.85
20170810,702.85,,,,715.85
20170809,701.85,,,2.0,702.85
20170808,699.85,,,5.0,701.85
20170807,699.85,,,,699.85
20170804,697.85,,,,699.85
20170803,699.85,,,2.0,697.85
20170802,699.85,,,,699.85
20170801,699.85,,,,699.85
20170731,699.85,,,,699.85
20170728,694.85,,,,699.85
20170727,683.35,,,7.0,694.85
20170726,681.35,,,,683.35
20170725,672.85,,,2.0,681.35
20170724,680.35,,,10.5,672.85
20170721,680.35,,,3.0,680.35
20170720,683.35,,,3.0,680.35
20170719,683.35,,,,683.35
20170718,685.35,,,2.0,683.35
20170717,683.35,,,,685.35
20170714,683.35,,,2.0,683.35
20170713,685.35,,,2.0,683.35
20170712,681.85,,,,685.35
20170711,670.35,,,,681.85
20170710,670.35,,,,670.35
20170707,670.35,,,,670.35
20170706,668.35,,,,670.35
20170705,670.35,,,2.0,668.35
20170704,670.35,,,,670.35
20170703,670.35,,,,670.35
20170630,670.35,,,,670.35
20170629,668.35,,,,670.35
20170628,670.35,,,2.0,668.35
20170627,668.35,,,,670.35
20170626,665.35,,,2.0,668.35
20170623,667.35,,,5.0,665.35
20170622,670.36,,,3.01,667.35
20170621,670.36,,,,670.36
20170620,670.36,,,,670.36
20170619,658.36,,,,670.36
20170616,658.36,,,12.0,658.36
20170615,658.36,,,12.0,658.36
20170614,670.36,,,12.0,658.36
20170613,670.36,,,,670.36
20170612,670.36,,,,670.36
20170609,670.36,,,,670.36
20170608,670.36,,,,670.36
20170607,668.36,,,,670.36
20170606,670.36,,,2.0,668.36
20170605,670.36,,,,670.36
20170602,672.36,,,2.0,670.36
20170601,672.36,,,,672.36
20170531,672.36,,,,672.36
20170526,667.36,,,,672.36
20170525,662.35,,,,667.36
20170524,642.35,,,,662.35
20170523,610.35,,,,642.35
20170522,610.35,,,,610.35
20170519,610.35,,,,610.35
20170518,608.35,,,,610.35
20170517,608.35,,,2.0,608.35
20170516,610.35,,,2.0,608.35
20170515,610.35,,,,610.35
20170512,610.35,,,,610.35
20170511,610.35,,,,610.35
20170510,610.35,,,,610.35
20170509,608.35,,,,610.35
20170508,610.35,,,2.0,608.35
20170505,610.35,,,,610.35
20170504,610.35,,,,610.35
20170503,610.35,,,,610.35
20170502,609.65,,,1.0,610.35
20170428,593.35,,,6.7,609.65
20170427,606.35,,,23.0,593.35
20170426,601.35,,,5.0,606.35
20170425,611.35,,,10.0,601.35
20170424,600.85,,,,611.35
20170421,575.85,,,,600.85
20170420,564.85,,,5.0,575.85
20170419,547.85,,,5.0,564.85
20170418,548.88,,,27.0,547.85
20170417,543.88,,,,548.88
20170414,546.88,,,3.0,543.88
20170413,546.88,,,,546.88
20170412,545.98,,,,546.88
20170411,546.88,,,0.9,545.98
20170410,544.88,,,,546.88
20170407,546.88,,,2.0,544.88
20170406,526.88,,,,546.88
20170405,544.98,,,20.0,526.88
20170331,546.17,,,1.9,544.98
20170330,521.88,,,0.71,546.17
20170329,519.85,,,25.0,521.88
20170328,526.88,,,27.03,519.85
20170327,544.68,,,20.0,526.88
20170324,558.88,,,27.2,544.68
20170323,583.88,,,33.0,558.88
20170322,594.88,,,18.0,583.88
20170321,613.48,,,21.0,594.88
20170320,625.88,,,12.4,613.48
20170317,569.48,,,,625.88
20170316,574.88,,,38.4,569.48
20170315,584.38,,,33.0,574.88
20170314,582.88,,,23.5,584.38
20170313,581.93,,,25.0,582.88
20170310,593.88,,,25.95,581.93
20170309,572.98,,,7.5,593.88
20170308,559.24,,,26.5,572.98
20170307,565.18,,,15.94,559.24
20170306,565.18,,,,565.18
20170303,558.18,,,,565.18
20170302,550.68,,,7.0,558.18
20170301,581.38,,,36.5,550.68
20170228,608.18,,,32.8,581.38
20170227,627.23,,,49.3,608.18
20170224,645.48,,,32.25,627.23
20170223,652.48,,,17.0,645.48
20170222,647.48,,,10.0,652.48
20170221,662.48,,,15.0,647.48
20170220,655.08,,,,662.48
20170217,662.48,,,7.4,655.08
20170216,628.87,,,4.79,662.48
20170215,663.16,,,44.29,628.87
20170214,666.16,,,13.0,663.16
20170213,651.16,,,10.0,666.16
20170210,662.16,,,36.0,651.16
20170209,687.16,,,27.0,662.16
20170208,684.16,,,2.0,687.16
20170207,697.16,,,13.0,684.16
20170206,702.16,,,5.0,697.16
20170203,725.93,,,23.77,702.16
20170126,730.93,,,5.0,725.93
20170125,730.93,,,,730.93
20170124,754.93,,,24.0,730.93
20170123,754.93,,,,754.93
20170120,754.93,,,,754.93
20170119,759.93,,,5.0,754.93
20170118,771.73,,,11.8,759.93
20170117,784.73,,,13.0,771.73
20170116,784.73,,,,784.73
20170113,784.73,,,,784.73
20170112,784.73,,,,784.73
20170111,784.73,,,,784.73
20170110,784.73,,,,784.73
20170109,784.73,,,,784.73
20170106,825.73,,,41.0,784.73
20170105,844.63,,,18.9,825.73
20170104,844.63,,,,844.63
20170103,849.93,,,5.3,844.63
20161230,849.93,,,,849.93
20161229,849.93,,,,849.93
20161228,849.93,,,,849.93
20161227,849.93,,,,849.93
20161226,849.93,,,,849.93
20161223,849.93,,,,849.93
20161222,849.93,,,,849.93
20161221,849.93,,,,849.93
20161220,849.93,,,,849.93
20161219,849.93,,,,849.93
20161216,849.93,,,,849.93
20161215,849.93,,,,849.93
20161214,849.93,,,,849.93
20161213,849.93,,,,849.93
20161212,849.93,,,,849.93
20161209,849.93,,,,849.93
20161208,849.93,,,,849.93
20161207,858.93,,,9.0,849.93
20161206,858.93,,,,858.93
20161205,858.93,,,,858.93
20161202,858.93,,,,858.93
20161201,851.93,,,,858.93
20161130,851.93,,,,851.93
20161129,851.93,,,,851.93
20161128,835.43,,,,851.93
20161125,820.43,,,,835.43
20161124,806.43,,,,820.43
20161123,801.43,,,,806.43
20161122,801.43,,,,801.43
20161121,801.43,,,,801.43
20161118,794.43,,,,801.43
20161117,792.43,,,,794.43
20161116,761.23,,,3.8,792.43
20161115,751.23,,,,761.23
20161114,741.23,,,,751.23
20161111,736.23,,,,741.23
20161110,729.23,,,,736.23
20161109,727.23,,,,729.23
20161108,724.23,,,2.0,727.23
20161107,719.23,,,,724.23
20161104,719.23,,,,719.23
20161103,721.23,,,2.0,719.23
20161102,721.23,,,,721.23
20161101,721.23,,,,721.23
20161031,720.23,,,,721.23
20161028,713.53,,,,720.23
20161027,690.53,,,,713.53
20161026,685.53,,,,690.53
20161025,675.53,,,,685.53
20161024,675.53,,,,675.53
20161021,675.53,,,,675.53
20161020,670.53,,,,675.53
20161019,665.53,,,,670.53
20161018,640.53,,,,665.53
20161017,640.53,,,,640.53
20161014,637.53,,,,640.53
20161013,637.53,,,,637.53
20161012,637.53,,,,637.53
20161011,634.63,,,,637.53
20161010,634.63,,,,634.63
20160930,632.73,,,,634.63
20160929,633.92,,,1.9,632.73
20160928,609.63,,,0.71,633.92
20160927,582.6,,,,609.63
20160926,562.93,,,0.33,582.6
20160923,535.73,,,,562.93
20160922,508.55,,,1.82,535.73
20160921,490.55,,,,508.55
20160920,469.55,,,,490.55
20160919,480.55,,,16.0,469.55
20160914,457.55,,,,480.55
20160913,444.55,,,0.5,457.55
20160912,455.05,,,10.5,444.55
20160909,454.1,,,,455.05
20160908,448.6,,,,454.1
20160907,425.6,,,5.5,448.6
20160906,409.66,,,,425.6
20160905,415.5,,,5.84,409.66
20160902,415.5,,,,415.5
20160901,415.5,,,,415.5
20160831,379.0,,,,415.5
20160830,381.2,,,35.0,379.0
20160829,393.7,,,45.3,381.2
20160826,409.25,,,32.8,393.7
20160825,411.5,,,5.25,409.25
20160824,406.5,,,,411.5
20160823,391.5,,,,406.5
20160822,391.5,,,,391.5
20160819,391.1,,,,391.5
20160818,388.71,,,0.4,391.1
20160817,378.41,,,2.79,388.71
20160816,392.3,,,16.89,378.41
20160815,392.3,,,,392.3
20160812,361.3,,,,392.3
20160811,341.3,,,,361.3
20160810,339.3,,,,341.3
20160809,331.3,,,,339.3
20160808,331.3,,,,331.3
20160805,319.8,,,,331.3
20160804,307.8,,,,319.8
20160803,307.53,,,,307.8
20160802,308.1,,,2.57,307.53
20160801,308.1,,,,308.1
20160729,309.1,,,1.0,308.1
20160728,304.1,,,,309.1
20160727,305.02,,,0.92,304.1
20160726,281.02,,,,305.02
20160725,286.02,,,5.0,281.02
20160722,286.22,,,0.2,286.02
20160721,281.22,,,,286.22
20160720,269.42,,,,281.22
20160719,256.42,,,,269.42
20160718,256.42,,,,256.42
20160715,256.42,,,,256.42
20160714,256.72,,,0.3,256.42
20160713,256.72,,,,256.72
20160712,256.72,,,,256.72
20160711,256.72,,,,256.72
20160708,216.72,,,1.0,256.72
20160707,197.82,,,,216.72
20160706,197.82,,,,197.82
20160705,195.52,,,,197.82
20160704,192.82,,,0.3,195.52
20160701,192.82,,,,192.82
20160630,191.92,,,1.0,192.82
20160629,193.82,,,1.9,191.92
20160628,193.82,,,,193.82
20160627,193.82,,,,193.82
20160624,193.82,,,,193.82
20160623,193.82,,,,193.82
20160622,193.82,,,,193.82
20160621,193.82,,,,193.82
20160620,177.82,,,,193.82
20160617,177.82,,,,177.82
20160616,177.82,,,,177.82
20160615,178.82,,,1.0,177.82
20160614,178.82,,,,178.82
20160613,168.32,,,,178.82
20160608,178.82,,,10.5,168.32
20160607,180.42,,,1.6,178.82
20160606,174.58,,,,180.42
20160603,177.52,,,2.94,174.58
20160602,177.52,,,,177.52
20160601,177.52,,,,177.52
20160531,142.52,,,,177.52
20160530,99.52,,,,142.52
20160527,66.72,,,,99.52
20160526,61.47,,,,66.72
20160525,66.72,,,5.25,61.47
20160524,66.72,,,,66.72
20160523,66.72,,,,66.72
20160520,66.72,,,,66.72
20160519,66.72,,,,66.72
20160518,66.72,,,,66.72
20160517,67.22,,,0.5,66.72
20160516,67.22,,,,67.22
20160513,68.22,,,1.0,67.22
20160512,75.12,,,6.9,68.22
20160511,79.42,,,4.3,75.12
20160510,80.92,,,1.5,79.42
20160509,80.92,,,,80.92
20160506,80.92,,,,80.92
20160505,80.92,,,,80.92
20160504,83.42,,,2.5,80.92
20160503,83.42,,,,83.42
20160429,83.42,,,,83.42
20160428,85.41,,,1.99,83.42
20160427,87.7,,,2.29,85.41
20160426,89.15,,,1.45,87.7
20160425,90.72,,,1.57,89.15
20160422,91.32,,,0.6,90.72
20160421,91.32,,,,91.32
20160420,93.45,,,2.13,91.32
20160419,95.45,,,2.0,93.45
20160418,95.45,,,,95.45
20160415,95.53,,,0.08,95.45
20160414,95.53,,,,95.53
20160413,95.53,,,,95.53
20160412,97.53,,,2.0,95.53
20160411,97.53,,,,97.53
20160408,98.24,,,0.71,97.53
20160407,100.67,,,2.43,98.24
20160406,100.67,,,,100.67
20160405,100.67,,,,100.67
20160401,100.67,,,,100.67
20160331,100.67,,,,100.67
20160330,100.96,,,1.0,100.67
20160329,103.99,,,3.03,100.96
20160328,105.32,,,1.66,103.99
20160325,106.87,,,1.55,105.32
20160324,106.22,,,1.17,106.87
20160323,110.24,,,4.02,106.22
20160322,111.14,,,0.9,110.24
20160321,113.97,,,2.83,111.14
20160318,115.96,,,1.99,113.97
20160317,115.96,,,,115.96
20160316,120.96,,,5.0,115.96
20160315,120.46,,,,120.96
20160314,128.46,,,8.0,120.46
20160311,131.46,,,3.0,128.46
20160310,138.46,,,7.0,131.46
20160309,132.96,,,,138.46
20160308,144.46,,,11.5,132.96
20160307,145.06,,,0.6,144.46
20160304,145.06,,,,145.06
20160303,145.06,,,,145.06
20160302,145.36,,,0.3,145.06
20160301,145.86,,,0.5,145.36
20160229,143.96,,,0.4,145.86
20160226,150.76,,,6.8,143.96
20160225,153.06,,,2.3,150.76
20160224,153.06,,,,153.06
20160223,153.06,,,,153.06
20160222,153.06,,,,153.06
20160219,153.06,,,,153.06
20160218,152.66,,,,153.06
20160217,151.27,,,1.4,152.66
20160216,142.17,,,7.79,151.27
20160215,177.06,,,34.89,142.17
20160205,177.06,,,,177.06
20160204,177.06,,,,177.06
20160203,177.06,,,,177.06
20160202,174.49,,,,177.06
20160201,180.56,,,6.07,174.49
20160129,179.56,,,,180.56
20160128,180.56,,,1.0,179.56
20160127,179.64,,,,180.56
20160126,182.91,,,3.27,179.64
20160125,178.11,,,0.2,182.91
20160122,182.91,,,5.0,178.11
20160121,183.11,,,0.2,182.91
20160120,184.81,,,1.7,183.11
20160119,184.81,,,,184.81
20160118,184.81,,,,184.81
20160115,184.91,,,0.1,184.81
20160114,184.61,,,,184.91
20160113,185.91,,,1.3,184.61
20160112,189.91,,,4.0,185.91
20160111,190.91,,,1.0,189.91
20160108,189.91,,,,190.91
20160107,191.41,,,1.5,189.91
20160106,191.41,,,,191.41
20160105,191.41,,,,191.41
20160104,191.11,,,,191.41
20151231,190.61,,,0.5,191.11
20151230,189.71,,,1.0,190.61
20151229,189.71,,,,189.71
20151228,189.71,,,,189.71
20151225,191.21,,,1.5,189.71
20151224,191.21,,,,191.21
20151223,191.71,,,0.5,191.21
20151222,191.71,,,,191.71
20151221,191.71,,,,191.71
20151218,191.91,,,0.2,191.71
20151217,191.91,,,,191.91
20151216,190.91,,,,191.91
20151215,198.31,,,7.4,190.91
20151214,198.31,,,,198.31
20151211,198.31,,,,198.31
20151210,198.31,,,,198.31
20151209,187.81,,,,198.31
20151208,187.17,,,0.96,187.81
20151207,199.27,,,12.1,187.17
20151204,225.63,,,29.3,199.27
20151203,249.91,,,24.28,225.63
20151202,249.91,,,,249.91
20151201,249.91,,,,249.91
20151130,249.91,,,,249.91
20151127,249.91,,,,249.91
20151126,249.91,,,,249.91
20151125,244.66,,,,249.91
20151124,244.91,,,0.25,244.66
20151123,244.91,,,,244.91
20151120,245.91,,,1.0,244.91
20151119,247.91,,,2.0,245.91
20151118,247.91,,,,247.91
20151117,247.89,,,0.48,247.91
20151116,249.29,,,1.4,247.89
20151113,250.39,,,2.1,249.29
20151112,250.38,,,6.89,250.39
20151111,302.59,,,56.51,250.38
20151110,310.19,,,9.1,302.59
20151109,329.17,,,18.98,310.19
20151106,330.34,,,1.17,329.17
20151105,331.34,,,1.0,330.34
20151104,329.64,,,0.8,331.34
20151103,336.74,,,7.1,329.64
20151102,348.34,,,11.6,336.74
20151030,348.34,,,,348.34
20151029,352.26,,,5.91,348.34
20151028,381.72,,,31.75,352.26
20151027,411.62,,,31.35,381.72
20151026,469.46,,,59.41,411.62
20151023,499.78,,,30.92,469.46
20151022,542.61,,,42.83,499.78
20151021,549.65,,,9.17,542.61
20151020,579.55,,,31.9,549.65
20151019,612.98,,,33.43,579.55
20151016,656.6,,,43.7,612.98
20151015,669.6,,,13.0,656.6
20151014,669.6,,,,669.6
20151013,673.99,,,6.39,669.6
20151012,680.49,,,6.5,673.99
20151009,680.28,,,0.5,680.49
20151008,727.85,,,50.0,680.28
20150930,733.4,,,6.55,727.85
20150929,734.07,,,3.7,733.4
20150928,755.6,,,23.19,734.07
20150925,778.55,,,24.5,755.6
20150924,785.46,,,8.08,778.55
20150923,803.4,,,21.96,785.46
20150922,823.33,,,20.83,803.4
20150921,821.9,,,1.4,823.33
20150918,827.94,,,8.03,821.9
20150917,856.29,,,28.35,827.94
20150916,851.29,,,,856.29
20150915,856.99,,,5.7,851.29
20150914,858.09,,,9.1,856.99
20150911,873.09,,,18.0,858.09
20150910,907.09,,,41.0,873.09
20150909,930.19,,,23.1,907.09
20150908,918.69,,,,930.19
20150907,966.09,,,48.0,918.69
20150902,983.84,,,18.05,966.09
20150901,996.74,,,13.4,983.84
20150831,1001.84,,,5.5,996.74
20150828,1001.44,,,6.4,1001.84
20150827,1037.21,,,38.07,1001.44
20150826,1046.31,,,9.1,1037.21
20150825,1046.31,,,,1046.31
20150824,1046.31,,,,1046.31
20150821,1046.31,,,,1046.31
20150820,1046.31,,,,1046.31
20150819,1044.91,,,,1046.31
20150818,1047.81,,,10.69,1044.91
20150817,1062.51,,,15.59,1047.81
20150814,1062.4,,,0.89,1062.51
20150813,1056.2,,,3.6,1062.4
20150812,1067.8,,,12.4,1056.2
20150811,1068.6,,,0.8,1067.8
20150810,1046.2,,,,1068.6
20150807,1087.5,,,41.3,1046.2
20150806,1087.5,,,,1087.5
20150805,1088.5,,,1.0,1087.5
20150804,1088.5,,,,1088.5
20150803,1082.43,,,,1088.5
20150731,1083.73,,,1.3,1082.43
20150730,1090.5,,,7.77,1083.73
20150729,1093.5,,,3.0,1090.5
20150728,1090.23,,,,1093.5
20150727,1093.8,,,3.77,1090.23
20150724,1090.6,,,1.8,1093.8
20150723,1090.4,,,,1090.6
20150722,1090.9,,,2.2,1090.4
20150721,1092.6,,,1.7,1090.9
20150720,1093.8,,,1.2,1092.6
20150717,1094.2,,,0.5,1093.8
20150716,1094.3,,,0.1,1094.2
20150715,1093.0,,,,1094.3
20150714,1090.3,,,1.3,1093.0
20150713,1093.3,,,4.0,1090.3
20150710,1094.8,,,1.5,1093.3
20150709,1093.3,,,,1094.8
20150708,1094.8,,,1.5,1093.3
20150707,1094.8,,,,1094.8
20150706,1094.8,,,,1094.8
20150703,1094.8,,,,1094.8
20150702,1094.3,,,,1094.8
20150701,1093.8,,,0.5,1094.3
20150630,1094.8,,,1.0,1093.8
20150629,1094.8,,,,1094.8
20150626,1093.3,,,,1094.8
20150625,1094.8,,,1.5,1093.3
20150624,1094.3,,,,1094.8
20150623,1094.8,,,0.5,1094.3
20150619,1094.6,,,,1094.8
20150618,1094.8,,,0.2,1094.6
20150617,1094.8,,,,1094.8
20150616,1087.4,,,,1094.8
20150615,1094.8,,,7.4,1087.4
20150612,1098.8,,,4.0,1094.8
20150611,1098.8,,,,1098.8
20150610,1098.8,,,,1098.8
20150609,1097.84,,,,1098.8
20150608,1086.7,,,0.96,1097.84
20150605,1069.5,,,12.1,1086.7
20150604,1074.52,,,29.3,1069.5
20150603,1101.3,,,26.78,1074.52
20150602,1101.3,,,,1101.3
20150601,1101.3,,,,1101.3
20150529,1101.3,,,,1101.3
20150528,1101.3,,,,1101.3
20150527,1101.3,,,,1101.3
20150526,1101.05,,,,1101.3
20150525,1101.3,,,0.25,1101.05
20150522,1100.3,,,,1101.3
20150521,1099.3,,,1.0,1100.3
20150520,1101.3,,,2.0,1099.3
20150519,1100.82,,,,1101.3
20150518,1099.9,,,0.48,1100.82
20150515,1099.2,,,1.4,1099.9
20150514,1094.41,,,2.1,1099.2
20150513,1045.79,,,7.89,1094.41
20150512,1058.8,,,22.11,1045.79
20150511,1041.62,,,1.8,1058.8
20150508,1062.43,,,21.98,1041.62
20150507,1064.6,,,3.17,1062.43
20150506,1064.8,,,1.0,1064.6
20150505,1058.5,,,0.8,1064.8
20150504,1054.0,,,7.1,1058.5
20150430,1059.69,,,11.6,1054.0
20150429,1036.85,,,8.91,1059.69
20150428,1039.73,,,34.23,1036.85
20150427,1011.67,,,31.35,1039.73
20150424,1041.79,,,61.04,1011.67
20150423,1021.88,,,22.92,1041.79
20150422,1057.11,,,44.4,1021.88
20150421,1035.21,,,10.0,1057.11
20150420,1035.33,,,33.55,1035.21
20150417,1031.03,,,39.4,1035.33
20150416,1026.43,,,8.4,1031.03
20150415,1042.43,,,16.0,1026.43
20150414,1036.04,,,,1042.43
20150413,1035.93,,,6.39,1036.04
20150410,1041.93,,,6.5,1035.93
20150409,1042.43,,,0.5,1041.93
20150408,1042.43,,,,1042.43
20150407,1042.43,,,,1042.43
20150403,1042.43,,,,1042.43
20150402,992.43,,,,1042.43
20150401,985.88,,,,992.43
20150331,994.18,,,12.0,985.88
20150330,974.69,,,3.7,994.18
20150327,980.19,,,30.0,974.69
20150326,999.61,,,27.5,980.19
20150325,987.35,,,9.7,999.61
20150324,996.52,,,30.0,987.35
20150323,1018.42,,,23.3,996.52
20150320,1011.79,,,1.4,1018.42
20150319,991.47,,,8.03,1011.79
20150318,1019.82,,,28.35,991.47
20150317,1014.12,,,,1019.82
20150316,1015.72,,,10.7,1014.12
20150313,1012.22,,,14.5,1015.72
20150312,989.22,,,18.0,1012.22
20150311,1007.12,,,41.0,989.22
20150310,1043.22,,,36.1,1007.12
20150309,1040.22,,,,1043.22
20150306,1012.72,,,6.0,1040.22
20150305,1035.72,,,34.5,1012.72
20150304,1034.17,,,16.5,1035.72
20150303,1038.82,,,18.05,1034.17
20150302,1046.72,,,13.4,1038.82
20150227,1047.82,,,7.5,1046.72
20150226,1021.15,,,11.4,1047.82
20150225,1056.53,,,44.48,1021.15
20150217,1060.94,,,15.1,1056.53
20150216,1056.05,,,10.7,1060.94
20150213,1070.85,,,15.69,1056.05
20150212,1067.25,,,,1070.85
20150211,1058.45,,,3.6,1067.25
20150210,1072.75,,,15.1,1058.45
20150209,1073.55,,,0.8,1072.75
20150206,1032.25,,,,1073.55
20150205,1032.25,,,,1032.25
20150204,1031.25,,,,1032.25
20150203,1032.25,,,1.0,1031.25
20150202,1032.25,,,,1032.25
20150130,1030.95,,,,1032.25
20150129,1024.48,,,1.3,1030.95
20150128,1029.25,,,7.77,1024.48
20150127,1032.25,,,3.0,1029.25
20150126,1028.48,,,,1032.25
20150123,1030.45,,,3.77,1028.48
20150122,1032.25,,,1.8,1030.45
20150121,1030.05,,,,1032.25
20150120,1030.55,,,2.2,1030.05
20150119,1031.05,,,1.7,1030.55
20150116,1031.75,,,1.2,1031.05
20150115,1032.15,,,0.5,1031.75
20150114,1032.25,,,0.1,1032.15
20150113,1030.95,,,,1032.25
20150112,1028.25,,,1.3,1030.95
20150109,1030.75,,,4.0,1028.25
20150108,1032.25,,,1.5,1030.75
20150107,1035.52,,,4.77,1032.25
20150106,1037.02,,,1.5,1035.52
20150105,1037.09,,,0.07,1037.02
20141231,1036.59,,,,1037.09
20141230,1036.09,,,0.5,1036.59
20141229,1037.09,,,1.0,1036.09
20141226,1037.09,,,,1037.09
20141225,1035.59,,,,1037.09
20141224,1037.09,,,1.5,1035.59
20141223,1037.09,,,,1037.09
20141222,1036.59,,,,1037.09
20141219,1037.09,,,0.5,1036.59
20141218,1036.89,,,,1037.09
20141217,1037.09,,,0.2,1036.89
20141216,1037.09,,,,1037.09
20141215,1029.69,,,,1037.09
20141212,1033.09,,,7.4,1029.69
20141211,1037.09,,,4.0,1033.09
20141210,1037.09,,,,1037.09
20141209,1037.09,,,,1037.09
20141208,1036.13,,,,1037.09
20141205,1024.99,,,0.96,1036.13
20141204,995.69,,,,1024.99
20141203,968.91,,,,995.69
20141202,968.91,,,,968.91
20141201,968.91,,,,968.91
20141128,968.91,,,,968.91
20141127,968.91,,,,968.91
20141126,968.91,,,,968.91
20141125,968.91,,,,968.91
20141124,968.66,,,,968.91
20141121,971.41,,,2.75,968.66
20141120,970.41,,,,971.41
20141119,969.41,,,1.0,970.41
20141118,971.41,,,2.0,969.41
20141117,970.93,,,,971.41
20141114,970.03,,,0.5,970.93
20141113,969.33,,,1.4,970.03
20141112,965.74,,,4.3,969.33
20141111,951.52,,,7.89,965.74
20141110,974.47,,,24.75,951.52
20141107,1035.52,,,4.77,1032.25
20141106,987.16,,,35.04,955.29
20141105,990.53,,,4.37,987.16
20141104,989.73,,,,990.53
20141103,990.53,,,0.8,989.73
20141031,983.43,,,,990.53
20141030,974.43,,,2.6,983.43
20141029,970.12,,,4.6,974.43
20141028,936.48,,,0.59,970.12
20141027,905.89,,,0.76,936.48
20141024,854.7,,,9.85,905.89
20141023,858.93,,,27.15,854.7
20141022,827.28,,,12.75,858.93
20141021,822.68,,,5.4,827.28
20141020,789.13,,,,822.68
20141017,768.28,,,18.55,789.13
20141016,764.28,,,4.4,768.28
20141015,756.68,,,8.4,764.28
20141014,757.68,,,1.0,756.68
20141013,751.29,,,,757.68
20141010,751.28,,,6.49,751.29
20141009,757.78,,,7.0,751.28
20141008,757.78,,,,757.78
20140930,745.78,,,,757.78
20140929,742.08,,,,745.78
20140926,715.78,,,3.7,742.08
20140925,688.28,,,,715.78
20140924,686.08,,,7.5,688.28
20140923,656.08,,,,686.08
20140922,632.78,,,,656.08
20140919,632.18,,,0.8,632.78
20140918,625.45,,,1.3,632.18
20140917,601.48,,,4.38,625.45
20140916,607.9,,,6.42,601.48
20140915,597.2,,,,607.9
20140912,589.4,,,6.7,597.2
20140911,572.4,,,1.0,589.4
20140910,531.4,,,,572.4
20140909,505.3,,,10.0,531.4
20140905,499.3,,,,505.3
20140904,464.8,,,,499.3
20140903,454.3,,,6.0,464.8
20140902,436.25,,,,454.3
20140901,424.35,,,1.5,436.25
20140829,416.85,,,,424.35
20140828,405.45,,,,416.85
20140827,392.57,,,,405.45
20140826,389.07,,,,392.57
20140825,383.57,,,0.5,389.07
20140822,385.37,,,6.9,383.57
20140821,376.17,,,2.1,385.37
20140820,372.47,,,2.0,376.17
20140819,360.87,,,3.5,372.47
20140818,355.87,,,5.7,360.87
20140815,342.08,,,1.9,355.87
20140814,346.83,,,5.15,342.08
20140813,344.23,,,3.2,346.83
20140812,332.47,,,6.9,344.23
20140811,431.02,,,100.35,332.47
20140808,446.62,,,16.9,431.02
20140807,446.62,,,,446.62
20140806,446.42,,,,446.62
20140805,445.42,,,,446.42
20140804,445.42,,,,445.42
20140801,445.42,,,,445.42
20140731,442.72,,,1.2,445.42
20140730,454.1,,,23.75,442.72
20140729,471.48,,,20.47,454.1
20140728,471.31,,,0.59,471.48
20140725,464.9,,,1.36,471.31
20140724,481.35,,,19.45,464.9
20140723,493.85,,,12.5,481.35
20140722,494.95,,,3.5,493.85
20140721,493.75,,,0.5,494.95
20140718,510.75,,,18.8,493.75
20140717,515.05,,,5.1,510.75
20140716,530.05,,,15.5,515.05
20140715,541.25,,,12.2,530.05
20140714,540.95,,,1.0,541.25
20140711,534.45,,,0.5,540.95
20140710,554.25,,,21.3,534.45
20140709,558.25,,,8.77,554.25
20140708,556.75,,,,558.25
20140707,556.75,,,,556.75
20140704,560.75,,,4.0,556.75
20140703,560.75,,,0.07,560.75
20140702,560.75,,,,560.75
20140701,560.25,,,,560.75
20140630,559.25,,,,560.25
20140627,559.25,,,,559.25
20140626,559.25,,,,559.25
20140625,557.75,,,,559.25
20140624,557.75,,,,557.75
20140623,557.75,,,,557.75
20140620,557.25,,,,557.75
20140619,555.95,,,,557.25
20140618,555.75,,,,555.95
20140617,557.35,,,1.6,555.75
20140616,557.35,,,,557.35
20140613,549.95,,,,557.35
20140612,570.35,,,25.4,549.95
20140611,570.35,,,,570.35
20140610,570.35,,,,570.35
20140609,570.35,,,,570.35
20140606,569.39,,,,570.35
20140605,569.39,,,,569.39
20140604,567.39,,,,569.39
20140603,567.39,,,,567.39
20140530,567.39,,,,567.39
20140529,567.39,,,,567.39
20140528,567.39,,,,567.39
20140527,567.39,,,,567.39
20140526,566.89,,,,567.39
20140523,564.14,,,,566.89
20140522,564.14,,,,564.14
20140521,564.14,,,1.0,564.14
20140520,564.14,,,2.0,564.14
20140519,565.14,,,1.0,564.14
20140516,564.64,,,,565.14
20140515,564.64,,,1.0,564.64
20140514,562.54,,,3.0,564.64
20140513,558.21,,,,562.54
20140512,538.79,,,4.33,558.21
20140509,568.82,,,31.53,538.79
20140508,535.28,,,1.5,568.82
20140507,567.65,,,36.54,535.28
20140506,570.05,,,2.4,567.65
20140505,569.25,,,,570.05
20140430,570.05,,,0.8,569.25
20140429,569.55,,,,570.05
20140428,570.05,,,0.5,569.55
20140425,564.2,,,,570.05
20140424,546.27,,,8.02,564.2
20140423,563.47,,,29.95,546.27
20140422,573.52,,,15.25,563.47
20140421,574.52,,,1.0,573.52
20140418,557.37,,,0.8,574.52
20140417,577.22,,,23.95,557.37
20140416,576.25,,,7.03,577.22
20140415,586.15,,,9.9,576.25
20140414,591.62,,,5.47,586.15
20140411,588.13,,,,591.62
20140410,584.13,,,3.0,588.13
20140409,588.13,,,4.0,584.13
20140408,588.13,,,,588.13
20140404,588.13,,,,588.13
20140403,588.13,,,,588.13
20140402,588.13,,,,588.13
20140401,588.13,,,,588.13
20140331,588.13,,,,588.13
20140328,584.93,,,0.5,588.13
20140327,587.43,,,2.5,584.93
20140326,579.93,,,,587.43
20140325,579.93,,,,579.93
20140324,579.93,,,,579.93
20140321,579.13,,,,579.93
20140320,579.13,,,,579.13
20140319,574.75,,,,579.13
20140318,576.73,,,8.4,574.75
20140317,576.73,,,,576.73
20140314,570.03,,,,576.73
20140313,570.03,,,,570.03
20140312,570.03,,,,570.03
20140311,570.03,,,,570.03
20140310,560.03,,,,570.03
20140307,582.03,,,22.0,560.03
20140306,582.03,,,,582.03
20140305,578.03,,,,582.03
20140304,578.03,,,,578.03
20140303,576.53,,,,578.03
20140228,578.03,,,1.5,576.53
20140227,578.03,,,,578.03
20140226,578.03,,,,578.03
20140225,578.03,,,,578.03
20140224,578.03,,,,578.03
20140221,571.13,,,,578.03
20140220,572.53,,,3.5,571.13
20140219,572.53,,,2.0,572.53
20140218,571.03,,,2.0,572.53
20140217,566.93,,,1.6,571.03
20140214,566.03,,,1.0,566.93
20140213,562.88,,,2.0,566.03
20140212,564.48,,,1.8,562.88
20140211,557.58,,,,564.48
20140210,467.38,,,10.15,557.58
20140207,574.14,,,123.66,467.38
20140130,572.94,,,,574.14
20140129,550.39,,,1.2,572.94
20140128,546.32,,,16.4,550.39
20140127,552.03,,,6.3,546.32
20140124,553.26,,,2.59,552.03
20140123,537.43,,,3.62,553.26
20140122,548.78,,,23.85,537.43
20140121,563.73,,,18.45,548.78
20140120,564.73,,,1.5,563.73
20140117,546.43,,,0.5,564.73
20140116,561.33,,,20.0,546.43
20140115,553.23,,,7.4,561.33
20140114,560.48,,,19.45,553.23
20140113,571.28,,,11.8,560.48
20140110,571.78,,,1.0,571.28
20140109,551.98,,,1.5,571.78
20140108,573.78,,,30.57,551.98
20140107,574.78,,,1.0,573.78
20140106,574.78,,,,574.78
20140103,570.78,,,,574.78
20140102,574.71,,,4.0,570.78
