trade_date,data_type,ts_code,ts_name,rank,pct_change,current_price,hot,concept,rank_time
20241107,ETF基金,512690.SH,酒ETF,1,9.8,0.706,,,2024-11-07 21:30:06
20241107,ETF基金,510020.SH,超大盘ETF,1,4.76,3.281,,,2024-11-07 21:30:05
20241107,A股市场,603076.SH,乐惠国际,1,10.01,24.29,,,2024-11-07 21:30:05
20241107,美股市场,AAPL,苹果,1,-0.33,222.72,,,2024-11-07 21:30:06
20241107,美股市场,NTRSO,Northern Trust Corp Series E Pf,1,-2.8,22.6,,,2024-11-07 21:30:05
20241107,A股市场,300059.SZ,东方财富,1,13.46,30.0,,,2024-11-07 21:30:06
20241107,港股市场,008198.HK,加幂科技,1,39.24,0.33,,,2024-11-07 21:30:04
20241107,港股市场,000700.HK,腾讯控股,1,2.05,428.4,,,2024-11-07 21:30:05
20241107,ETF基金,159692.SZ,证券ETF东财,2,8.5,1.468,,,2024-11-07 21:30:06
20241107,ETF基金,517200.SH,互联网ETF,2,3.49,0.682,,,2024-11-07 21:30:05
20241107,A股市场,605003.SH,众望布艺,2,10.01,19.23,,,2024-11-07 21:30:05
20241107,美股市场,TSLA,特斯拉,2,14.75,288.53,,,2024-11-07 21:30:06
20241107,美股市场,SSBK,Southern States Bancshares Inc,2,16.33,37.55,,,2024-11-07 21:30:05
20241107,A股市场,601727.SH,上海电气,2,3.71,11.18,,,2024-11-07 21:30:06
20241107,港股市场,001971.HK,弘阳服务,2,14.0,0.57,,,2024-11-07 21:30:04
20241107,港股市场,006099.HK,招商证券,2,18.12,17.34,,,2024-11-07 21:30:05
20241107,ETF基金,588000.SH,科创50ETF,3,3.23,1.087,,,2024-11-07 21:30:06
20241107,ETF基金,159862.SZ,食品ETF,3,8.23,0.776,,,2024-11-07 21:30:05
20241107,A股市场,605089.SH,味知香,3,10.0,23.32,,,2024-11-07 21:30:05
20241107,美股市场,DJT,特朗普媒体科技集团,3,5.94,35.955,,,2024-11-07 21:30:06
20241107,美股市场,SCNX,Scienture Holdings Inc,3,2.94,8.06,,,2024-11-07 21:30:05
20241107,A股市场,600839.SH,四川长虹,3,0.15,13.26,,,2024-11-07 21:30:06
20241107,港股市场,002152.HK,苏新服务,3,-11.29,6.21,,,2024-11-07 21:30:04
20241107,港股市场,006030.HK,中信证券,3,14.53,26.8,,,2024-11-07 21:30:05
20241107,ETF基金,159330.SZ,沪深300ETF基金,4,2.75,1.233,,,2024-11-07 21:30:06
20241107,ETF基金,159672.SZ,主要消费ETF,4,6.93,0.864,,,2024-11-07 21:30:05
20241107,A股市场,002942.SZ,新农股份,4,10.01,15.71,,,2024-11-07 21:30:05
20241107,美股市场,NVDA,英伟达,4,4.07,145.61,,,2024-11-07 21:30:06
20241107,美股市场,AMH,American Homes 4 Rent-A,4,2.74,36.37,,,2024-11-07 21:30:05
20241107,A股市场,600030.SH,中信证券,4,10.01,34.19,,,2024-11-07 21:30:06
20241107,港股市场,000312.HK,岁宝百货,4,9.38,0.035,,,2024-11-07 21:30:04
20241107,港股市场,000981.HK,中芯国际,4,5.02,28.25,,,2024-11-07 21:30:05
20241107,ETF基金,159599.SZ,芯片ETF基金,5,3.31,1.498,,,2024-11-07 21:30:06
20241107,ETF基金,159736.SZ,饮食ETF,5,8.11,0.8,,,2024-11-07 21:30:05
20241107,A股市场,603908.SH,牧高笛,5,9.99,24.01,,,2024-11-07 21:30:05
20241107,美股市场,MSFT,微软,5,2.12,420.18,,,2024-11-07 21:30:06
20241107,美股市场,CNDT,Conduent Inc,5,11.32,4.13,,,2024-11-07 21:30:05
20241107,A股市场,000066.SZ,中国长城,5,10.01,20.33,,,2024-11-07 21:30:06
20241107,港股市场,009978.HK,方圆生活服务,5,17.54,0.067,,,2024-11-07 21:30:04
20241107,港股市场,002727.HK,上海电气,5,-17.87,3.4,,,2024-11-07 21:30:05
20241107,ETF基金,510300.SH,沪深300ETF,6,3.33,4.248,,,2024-11-07 21:30:06
20241107,ETF基金,515630.SH,保险证券ETF,6,9.65,1.556,,,2024-11-07 21:30:05
20241107,A股市场,600333.SH,长春燃气,6,9.98,5.18,,,2024-11-07 21:30:05
20241107,美股市场,BABA,阿里巴巴,6,-2.5,96.73,,,2024-11-07 21:30:06
20241107,美股市场,OMCC,Old Market Capital Corp,6,-0.35,5.76,,,2024-11-07 21:30:05
20241107,A股市场,000158.SZ,常山北明,6,-7.18,30.66,,,2024-11-07 21:30:06
20241107,港股市场,002418.HK,德银天下,6,-13.33,1.3,,,2024-11-07 21:30:04
20241107,港股市场,001918.HK,融创中国,6,11.76,3.61,,,2024-11-07 21:30:05
20241107,ETF基金,512880.SH,证券ETF,7,8.51,1.364,,,2024-11-07 21:30:06
20241107,ETF基金,159568.SZ,港股互联网ETF,7,3.93,1.456,,,2024-11-07 21:30:05
20241107,A股市场,300915.SZ,海融科技,7,9.92,35.0,,,2024-11-07 21:30:05
20241107,美股市场,LI,理想汽车,7,-3.25,24.71,,,2024-11-07 21:30:06
20241107,美股市场,XELA,Exela Technologies Inc,7,-0.5,1.98,,,2024-11-07 21:30:05
20241107,A股市场,000536.SZ,华映科技,7,9.99,8.92,,,2024-11-07 21:30:06
20241107,港股市场,008417.HK,大地教育,7,15.38,0.015,,,2024-11-07 21:30:04
20241107,港股市场,001810.HK,小米集团-W,7,0.91,27.85,,,2024-11-07 21:30:05
20241107,ETF基金,159337.SZ,中证500ETF基金,8,1.7,1.373,,,2024-11-07 21:30:06
20241107,ETF基金,516900.SH,食品饮料ETF基金,8,7.19,0.701,,,2024-11-07 21:30:05
20241107,A股市场,002140.SZ,东华科技,8,10.04,9.21,,,2024-11-07 21:30:05
20241107,美股市场,XPEV,小鹏汽车,8,-3.98,12.3,,,2024-11-07 21:30:06
20241107,美股市场,LOCO,El Pollo Loco Holdings Inc,8,7.05,12.91,,,2024-11-07 21:30:05
20241107,A股市场,002583.SZ,海能达,8,-9.99,20.91,,,2024-11-07 21:30:06
20241107,港股市场,001183.HK,澳能建设,8,8.42,0.206,,,2024-11-07 21:30:04
20241107,港股市场,003690.HK,美团-W,8,5.6,199.9,,,2024-11-07 21:30:05
20241107,ETF基金,159622.SZ,创新药ETF沪港深,9,1.72,0.828,,,2024-11-07 21:30:06
20241107,ETF基金,512600.SH,必选消费ETF,9,6.89,0.776,,,2024-11-07 21:30:05
20241107,A股市场,002809.SZ,红墙股份,9,7.83,8.95,,,2024-11-07 21:30:05
20241107,美股市场,LGTY,Logility Supply Chain Solutions,9,5.33,11.47,,,2024-11-07 21:30:06
20241107,美股市场,LGTY,Logility Supply Chain Solutions,9,5.33,11.47,,,2024-11-07 21:30:05
20241107,A股市场,002797.SZ,第一创业,9,2.22,10.59,,,2024-11-07 21:30:06
20241107,港股市场,006093.HK,和泓服务,9,1.47,1.38,,,2024-11-07 21:30:04
20241107,港股市场,002202.HK,万科企业,9,6.79,8.33,,,2024-11-07 21:30:05
20241107,ETF基金,159915.SZ,创业板ETF,10,3.73,2.306,,,2024-11-07 21:30:06
20241107,ETF基金,159689.SZ,消费ETF南方,10,6.8,0.864,,,2024-11-07 21:30:05
20241107,A股市场,605136.SH,丽人丽妆,10,10.07,8.09,,,2024-11-07 21:30:05
20241107,美股市场,PDD,拼多多,10,-1.29,120.57,,,2024-11-07 21:30:06
20241107,美股市场,NCMI,National CineMedia Inc,10,-10.55,6.53,,,2024-11-07 21:30:05
20241107,A股市场,002542.SZ,中化岩土,10,10.0,6.82,,,2024-11-07 21:30:06
20241107,港股市场,008115.HK,上海青浦消防,10,14.84,1.47,,,2024-11-07 21:30:04
20241107,港股市场,000020.HK,商汤-W,10,7.41,1.74,,,2024-11-07 21:30:05
20241107,ETF基金,512480.SH,半导体ETF,11,3.05,1.049,,,2024-11-07 21:30:06
20241107,ETF基金,561510.SH,中医药ETF,11,4.35,1.152,,,2024-11-07 21:30:05
20241107,A股市场,688143.SH,长盈通,11,0.0,27.58,,,2024-11-07 21:30:05
20241107,美股市场,TSM,台积电,11,-1.3,193.22,,,2024-11-07 21:30:06
20241107,美股市场,RRR,Red Rock Resorts Inc-A,11,8.18,56.61,,,2024-11-07 21:30:05
20241107,A股市场,600221.SH,海航控股,11,9.9,2.22,,,2024-11-07 21:30:06
20241107,港股市场,002998.HK,创陞控股,11,8.44,1.67,,,2024-11-07 21:30:04
20241107,港股市场,009988.HK,阿里巴巴-W,11,1.32,95.65,,,2024-11-07 21:30:05
20241107,ETF基金,512000.SH,券商ETF,12,9.65,1.318,,,2024-11-07 21:30:06
20241107,ETF基金,510680.SH,上证50ETF基金,12,3.94,2.905,,,2024-11-07 21:30:05
20241107,A股市场,300559.SZ,佳发教育,12,13.63,12.09,,,2024-11-07 21:30:05
20241107,美股市场,JD,京东,12,-3.4,38.67,,,2024-11-07 21:30:06
20241107,美股市场,BFRG,Bullfrog AI Holdings Inc,12,8.19,2.51,,,2024-11-07 21:30:05
20241107,A股市场,300033.SZ,同花顺,12,20.0,327.61,,,2024-11-07 21:30:06
20241107,港股市场,002130.HK,嘉泓物流,12,5.52,3.63,,,2024-11-07 21:30:04
20241107,港股市场,001942.HK,马可数字科技,12,24.17,1.49,,,2024-11-07 21:30:05
20241107,ETF基金,159928.SZ,消费ETF,13,6.21,0.907,,,2024-11-07 21:30:06
20241107,ETF基金,510630.SH,消费30ETF,13,7.26,1.049,,,2024-11-07 21:30:05
20241107,A股市场,300662.SZ,科锐国际,13,10.15,22.69,,,2024-11-07 21:30:05
20241107,美股市场,HURA,TuHURA Biosciences Inc,13,5.82,5.27,,,2024-11-07 21:30:06
20241107,美股市场,INSP,Inspire Medical Systems Inc,13,6.35,211.63,,,2024-11-07 21:30:05
20241107,A股市场,002456.SZ,欧菲光,13,-5.06,15.76,,,2024-11-07 21:30:06
20241107,港股市场,002086.HK,高维科技,13,-13.83,0.405,,,2024-11-07 21:30:04
20241107,港股市场,006066.HK,中信建投证券,13,11.41,12.48,,,2024-11-07 21:30:05
20241107,ETF基金,588200.SH,科创芯片ETF,14,3.63,1.486,,,2024-11-07 21:30:06
20241107,ETF基金,510650.SH,金融地产ETF,14,5.14,2.824,,,2024-11-07 21:30:05
20241107,A股市场,300740.SZ,水羊股份,14,9.42,14.17,,,2024-11-07 21:30:05
20241107,美股市场,AMZN,亚马逊,14,3.8,207.09,,,2024-11-07 21:30:06
20241107,美股市场,WEYS,Weyco Group Inc,14,18.96,41.04,,,2024-11-07 21:30:05
20241107,A股市场,601162.SH,天风证券,14,3.61,6.03,,,2024-11-07 21:30:06
20241107,港股市场,001559.HK,均安控股,14,10.64,0.104,,,2024-11-07 21:30:04
20241107,港股市场,001797.HK,东方甄选,14,10.51,17.04,,,2024-11-07 21:30:05
20241107,ETF基金,513090.SH,香港证券ETF,15,7.89,1.737,,,2024-11-07 21:30:06
20241107,ETF基金,159758.SZ,红利质量ETF,15,5.57,0.966,,,2024-11-07 21:30:05
20241107,A股市场,002216.SZ,三全食品,15,10.0,12.32,,,2024-11-07 21:30:05
20241107,美股市场,QCOM,高通,15,4.27,172.99,,,2024-11-07 21:30:06
20241107,美股市场,CZNC,市民北方,15,7.97,20.6,,,2024-11-07 21:30:05
20241107,A股市场,002510.SZ,天汽模,15,10.05,6.13,,,2024-11-07 21:30:06
20241107,港股市场,000367.HK,庄士机构国际,15,4.05,0.385,,,2024-11-07 21:30:04
20241107,港股市场,001347.HK,华虹半导体,15,3.34,23.2,,,2024-11-07 21:30:05
20241107,ETF基金,159949.SZ,创业板50ETF,16,4.15,1.053,,,2024-11-07 21:30:06
20241107,ETF基金,562390.SH,中药50ETF,16,3.87,1.073,,,2024-11-07 21:30:05
20241107,A股市场,600084.SH,中信尼雅,16,9.98,6.28,,,2024-11-07 21:30:05
20241107,美股市场,INTC,英特尔,16,7.42,25.05,,,2024-11-07 21:30:06
20241107,美股市场,MLYS,Mineralys Therapeutics Inc,16,10.66,14.95,,,2024-11-07 21:30:05
20241107,A股市场,601099.SH,太平洋,16,9.96,5.19,,,2024-11-07 21:30:06
20241107,港股市场,003828.HK,明辉国际,16,-1.32,0.75,,,2024-11-07 21:30:04
20241107,港股市场,002777.HK,富力地产,16,18.54,2.11,,,2024-11-07 21:30:05
20241107,港股市场,000218.HK,申万宏源香港,17,13.99,2.2,,,2024-11-07 21:30:05
20241107,ETF基金,512010.SH,医药ETF,17,3.93,0.397,,,2024-11-07 21:30:06
20241107,ETF基金,513190.SH,港股通金融ETF,17,3.86,1.371,,,2024-11-07 21:30:05
20241107,A股市场,600794.SH,保税科技,17,10.12,3.81,,,2024-11-07 21:30:05
20241107,美股市场,EXE,Expand Energy Corp,17,6.57,92.36,,,2024-11-07 21:30:06
20241107,美股市场,LIEN,Chicago Atlantic BDC Inc,17,-0.31,12.89,,,2024-11-07 21:30:05
20241107,A股市场,600536.SH,中国软件,17,10.0,59.73,,,2024-11-07 21:30:06
20241107,港股市场,000075.HK,渝太地产,17,5.88,0.27,,,2024-11-07 21:30:04
20241107,港股市场,002318.HK,中国平安,18,6.37,51.75,,,2024-11-07 21:30:05
20241107,ETF基金,159841.SZ,证券ETF,18,9.11,1.245,,,2024-11-07 21:30:06
20241107,ETF基金,159699.SZ,恒生消费ETF,18,3.73,0.974,,,2024-11-07 21:30:05
20241107,A股市场,688702.SH,盛科通信-U,18,14.67,68.8,,,2024-11-07 21:30:05
20241107,美股市场,NIO,蔚来,18,-5.3,5.0,,,2024-11-07 21:30:06
20241107,美股市场,IIPR,Innovative Industrial Propertie,18,-7.06,123.0,,,2024-11-07 21:30:05
20241107,A股市场,300377.SZ,赢时胜,18,19.99,31.57,,,2024-11-07 21:30:06
20241107,港股市场,008366.HK,浙江联合投资,18,6.67,0.016,,,2024-11-07 21:30:04
20241107,港股市场,002359.HK,药明康德,19,4.42,57.85,,,2024-11-07 21:30:05
20241107,ETF基金,159851.SZ,金融科技ETF,19,8.03,1.642,,,2024-11-07 21:30:06
20241107,ETF基金,515560.SH,证券ETF建信,19,7.87,1.234,,,2024-11-07 21:30:05
20241107,A股市场,603222.SH,济民健康,19,3.58,6.95,,,2024-11-07 21:30:05
20241107,美股市场,JKS,晶科能源,19,-14.31,24.13,,,2024-11-07 21:30:06
20241107,美股市场,BNZI,Banzai International Inc-A,19,-9.81,1.93,,,2024-11-07 21:30:05
20241107,A股市场,002156.SZ,通富微电,19,-2.56,33.84,,,2024-11-07 21:30:06
20241107,港股市场,001218.HK,永义国际,19,5.15,2.04,,,2024-11-07 21:30:04
20241107,港股市场,002171.HK,科济药业-B,20,41.86,6.71,,,2024-11-07 21:30:05
20241107,ETF基金,512170.SH,医疗ETF,20,3.99,0.365,,,2024-11-07 21:30:06
20241107,ETF基金,515910.SH,质量ETF,20,4.6,0.568,,,2024-11-07 21:30:05
20241107,A股市场,300901.SZ,中胤时尚,20,11.58,13.01,,,2024-11-07 21:30:05
20241107,美股市场,META,Meta Platforms Inc-A,20,-0.07,572.05,,,2024-11-07 21:30:06
20241107,美股市场,CISO,CISO Global Inc,20,6.41,0.88,,,2024-11-07 21:30:05
20241107,A股市场,000564.SZ,供销大集,20,10.08,2.62,,,2024-11-07 21:30:06
20241107,港股市场,008319.HK,思博系统,20,3.64,0.114,,,2024-11-07 21:30:04
20241107,港股市场,002269.HK,药明生物,21,2.1,17.54,,,2024-11-07 21:30:05
20241107,ETF基金,159995.SZ,芯片ETF,21,3.24,1.273,,,2024-11-07 21:30:06
20241107,ETF基金,513970.SH,恒生消费ETF,21,3.74,0.887,,,2024-11-07 21:30:05
20241107,A股市场,002988.SZ,豪美新材,21,9.99,22.79,,,2024-11-07 21:30:05
20241107,美股市场,EH,亿航智能,21,-5.56,17.41,,,2024-11-07 21:30:06
20241107,美股市场,WBUY,Webuy Global Ltd,21,-0.18,0.113,,,2024-11-07 21:30:05
20241107,A股市场,002547.SZ,春兴精工,21,10.13,4.35,,,2024-11-07 21:30:06
20241107,港股市场,001643.HK,现代中药集团,21,27.27,0.42,,,2024-11-07 21:30:04
20241107,港股市场,001024.HK,快手-W,22,3.61,53.15,,,2024-11-07 21:30:05
20241107,ETF基金,510050.SH,上证50ETF,22,3.8,2.925,,,2024-11-07 21:30:06
20241107,ETF基金,560090.SH,证券指数ETF,22,9.62,1.481,,,2024-11-07 21:30:05
20241107,A股市场,300899.SZ,上海凯鑫,22,8.36,23.99,,,2024-11-07 21:30:05
20241107,美股市场,GS,高盛,22,13.1,595.98,,,2024-11-07 21:30:06
20241107,美股市场,FXNC,First National Corp,22,6.32,22.72,,,2024-11-07 21:30:05
20241107,A股市场,002312.SZ,川发龙蟒,22,-10.01,18.51,,,2024-11-07 21:30:06
20241107,港股市场,006133.HK,维太创科,22,3.23,0.192,,,2024-11-07 21:30:04
20241107,港股市场,003908.HK,中金公司,23,7.8,16.58,,,2024-11-07 21:30:05
20241107,ETF基金,159509.SZ,纳指科技ETF,23,-0.19,1.563,,,2024-11-07 21:30:06
20241107,ETF基金,560680.SH,消费ETF龙头,23,6.34,0.989,,,2024-11-07 21:30:05
20241107,A股市场,300943.SZ,春晖智控,23,6.79,14.15,,,2024-11-07 21:30:05
20241107,美股市场,COIN,Coinbase Global Inc-A,23,31.11,254.31,,,2024-11-07 21:30:06
20241107,美股市场,ADCT,ADC Therapeutics SA,23,4.92,3.2,,,2024-11-07 21:30:05
20241107,A股市场,601933.SH,永辉超市,23,9.94,5.2,,,2024-11-07 21:30:06
20241107,港股市场,001758.HK,博骏教育,23,5.13,0.164,,,2024-11-07 21:30:04
20241107,港股市场,006160.HK,百济神州,24,-2.09,121.8,,,2024-11-07 21:30:05
20241107,ETF基金,510210.SH,上证指数ETF,24,2.67,0.845,,,2024-11-07 21:30:06
20241107,ETF基金,516610.SH,医疗服务ETF,24,4.13,0.529,,,2024-11-07 21:30:05
20241107,A股市场,301361.SZ,众智科技,24,9.0,29.68,,,2024-11-07 21:30:05
20241107,美股市场,CSIQ,阿特斯太阳能,24,-19.9,13.08,,,2024-11-07 21:30:06
20241107,美股市场,BUR,伯福德资本,24,6.41,14.61,,,2024-11-07 21:30:05
20241107,A股市场,600811.SH,东方集团,24,10.03,3.4,,,2024-11-07 21:30:06
20241107,港股市场,000919.HK,现代健康科技,24,5.75,0.092,,,2024-11-07 21:30:04
20241107,港股市场,001880.HK,中国中免,25,8.83,61.65,,,2024-11-07 21:30:05
20241107,ETF基金,512660.SH,军工ETF,25,-0.69,1.153,,,2024-11-07 21:30:06
20241107,ETF基金,561000.SH,沪深300ETF增强基金,25,3.51,1.151,,,2024-11-07 21:30:05
20241107,A股市场,870299.BJ,灿能电力,25,29.96,15.4,,,2024-11-07 21:30:05
20241107,美股市场,NAYA,NAYA Biosciences Inc,25,-2.15,0.81,,,2024-11-07 21:30:06
20241107,美股市场,CARA,Cara Therapeutics Inc,25,6.98,0.311,,,2024-11-07 21:30:05
20241107,A股市场,600519.SH,贵州茅台,25,4.97,1649.14,,,2024-11-07 21:30:06
20241107,港股市场,001265.HK,天津津燃公用,25,5.42,0.214,,,2024-11-07 21:30:04
20241107,港股市场,000883.HK,中国海洋石油,26,0.56,18.04,,,2024-11-07 21:30:05
20241107,ETF基金,515790.SH,光伏ETF,26,-0.67,0.889,,,2024-11-07 21:30:06
20241107,ETF基金,515710.SH,食品ETF,26,8.02,0.7,,,2024-11-07 21:30:05
20241107,A股市场,301149.SZ,隆华新材,26,7.87,10.69,,,2024-11-07 21:30:05
20241107,美股市场,NDAQ,纳斯达克,26,1.9,77.59,,,2024-11-07 21:30:06
20241107,美股市场,MOLN,Molecular Partners AG ADR,26,8.52,6.24,,,2024-11-07 21:30:05
20241107,A股市场,000100.SZ,TCL科技,26,0.39,5.15,,,2024-11-07 21:30:06
20241107,港股市场,000865.HK,建德国际控股,26,5.56,0.019,,,2024-11-07 21:30:04
20241107,港股市场,000813.HK,世茂集团,27,29.27,1.59,,,2024-11-07 21:30:05
20241107,ETF基金,159338.SZ,中证A500ETF,27,2.53,1.014,,,2024-11-07 21:30:06
20241107,ETF基金,530000.SH,上证50ETF天弘,27,3.78,1.264,,,2024-11-07 21:30:05
20241107,A股市场,600168.SH,武汉控股,27,10.1,5.34,,,2024-11-07 21:30:05
20241107,美股市场,PENG,Penguin Solutions Inc,27,5.81,17.47,,,2024-11-07 21:30:06
20241107,美股市场,ACRV,Acrivon Therapeutics Inc,27,6.9,8.37,,,2024-11-07 21:30:05
20241107,A股市场,000750.SZ,国海证券,27,9.92,5.54,,,2024-11-07 21:30:06
20241107,港股市场,008140.HK,人和科技,27,-1.87,0.105,,,2024-11-07 21:30:04
20241107,港股市场,006862.HK,海底捞,28,9.27,17.92,,,2024-11-07 21:30:05
20241107,ETF基金,159339.SZ,A500ETF,28,2.41,1.021,,,2024-11-07 21:30:06
20241107,ETF基金,159670.SZ,消费ETF基金,28,5.27,1.018,,,2024-11-07 21:30:05
20241107,A股市场,605016.SH,百龙创园,28,7.99,19.05,,,2024-11-07 21:30:05
20241107,美股市场,GOOGL,谷歌-A,28,3.99,176.51,,,2024-11-07 21:30:06
20241107,美股市场,CIVB,Civista Bancshares Inc,28,7.79,22.55,,,2024-11-07 21:30:05
20241107,A股市场,002717.SZ,岭南股份,28,9.97,3.31,,,2024-11-07 21:30:06
20241107,港股市场,008163.HK,声扬集团,28,20.97,0.075,,,2024-11-07 21:30:04
20241107,港股市场,009868.HK,小鹏汽车-W,29,1.21,50.0,,,2024-11-07 21:30:05
20241107,ETF基金,513050.SH,中概互联网ETF,29,2.78,1.259,,,2024-11-07 21:30:06
20241107,ETF基金,159821.SZ,BOCI创业板ETF,29,4.16,0.877,,,2024-11-07 21:30:05
20241107,A股市场,605108.SH,同庆楼,29,8.77,23.2,,,2024-11-07 21:30:05
20241107,美股市场,FFIE,法拉第未来,29,-4.71,1.82,,,2024-11-07 21:30:06
20241107,美股市场,HQI,HireQuest Inc,29,8.75,14.66,,,2024-11-07 21:30:05
20241107,A股市场,002253.SZ,川大智胜,29,-9.99,21.08,,,2024-11-07 21:30:06
20241107,港股市场,001431.HK,原生态牧业,29,8.28,0.17,,,2024-11-07 21:30:04
20241107,港股市场,002628.HK,中国人寿,30,8.66,17.82,,,2024-11-07 21:30:05
20241107,ETF基金,513330.SH,恒生互联网ETF,30,2.93,0.457,,,2024-11-07 21:30:06
20241107,ETF基金,516200.SH,证券ETF指数基金,30,7.99,1.297,,,2024-11-07 21:30:05
20241107,A股市场,000679.SZ,大连友谊,30,10.12,4.46,,,2024-11-07 21:30:05
20241107,美股市场,AMD,超威半导体,30,2.43,145.1,,,2024-11-07 21:30:06
20241107,美股市场,PMCB,PharmaCyte Biotech Inc,30,6.9,1.86,,,2024-11-07 21:30:05
20241107,A股市场,000716.SZ,黑芝麻,30,10.0,7.15,,,2024-11-07 21:30:06
20241107,港股市场,000959.HK,世纪娱乐国际,30,6.4,0.216,,,2024-11-07 21:30:04
20241107,港股市场,001468.HK,京基金融国际,31,7.69,0.84,,,2024-11-07 21:30:05
20241107,ETF基金,159941.SZ,纳指ETF,31,1.51,1.14,,,2024-11-07 21:30:06
20241107,ETF基金,159555.SZ,2000增强ETF,31,3.33,1.086,,,2024-11-07 21:30:05
20241107,A股市场,301055.SZ,张小泉,31,9.58,15.55,,,2024-11-07 21:30:05
20241107,美股市场,KC,金山云,31,13.9,3.77,,,2024-11-07 21:30:06
20241107,美股市场,LFMD,LifeMD Inc,31,13.45,5.06,,,2024-11-07 21:30:05
20241107,A股市场,603019.SH,中科曙光,31,4.84,75.6,,,2024-11-07 21:30:06
20241107,港股市场,000379.HK,恒嘉融资租赁,31,0.0,0.04,,,2024-11-07 21:30:04
20241107,港股市场,001359.HK,中国信达,32,4.27,1.71,,,2024-11-07 21:30:05
20241107,ETF基金,159952.SZ,创业板ETF广发,32,3.53,1.407,,,2024-11-07 21:30:06
20241107,ETF基金,159848.SZ,证券ETF基金,32,8.3,1.083,,,2024-11-07 21:30:05
20241107,A股市场,688299.SH,长阳科技,32,9.65,16.82,,,2024-11-07 21:30:05
20241107,美股市场,BILI,哔哩哔哩,32,-4.57,22.16,,,2024-11-07 21:30:06
20241107,美股市场,AVIR,Atea Pharmaceuticals Inc,32,6.55,3.58,,,2024-11-07 21:30:05
20241107,A股市场,600705.SH,中航产融,32,9.91,4.88,,,2024-11-07 21:30:06
20241107,港股市场,001124.HK,沿海家园,32,10.0,0.22,,,2024-11-07 21:30:04
20241107,港股市场,000175.HK,吉利汽车,33,-1.38,14.34,,,2024-11-07 21:30:05
20241107,ETF基金,518880.SH,黄金ETF,33,-2.24,5.86,,,2024-11-07 21:30:06
20241107,ETF基金,517550.SH,消费ETF沪港深,33,4.32,0.772,,,2024-11-07 21:30:05
20241107,A股市场,000428.SZ,华天酒店,33,10.14,3.8,,,2024-11-07 21:30:05
20241107,美股市场,OXY,西方石油,33,1.96,51.39,,,2024-11-07 21:30:06
20241107,美股市场,RGP,Resources Connection Inc,33,10.09,8.95,,,2024-11-07 21:30:05
20241107,A股市场,000099.SZ,中信海直,33,2.13,30.67,,,2024-11-07 21:30:06
20241107,港股市场,001527.HK,天洁环境,33,0.0,1.79,,,2024-11-07 21:30:04
20241107,港股市场,001336.HK,新华保险,34,9.41,29.65,,,2024-11-07 21:30:05
20241107,ETF基金,588190.SH,科创100ETF,34,2.58,0.954,,,2024-11-07 21:30:06
20241107,ETF基金,159729.SZ,互联网ETF,34,4.71,0.8,,,2024-11-07 21:30:05
20241107,A股市场,300829.SZ,金丹科技,34,7.35,17.53,,,2024-11-07 21:30:05
20241107,美股市场,SMCI,超微电脑,34,-18.05,22.7,,,2024-11-07 21:30:06
20241107,美股市场,MLTX,MoonLake Immunotherapeutics-A,34,8.08,51.48,,,2024-11-07 21:30:05
20241107,A股市场,600340.SH,华夏幸福,34,9.88,3.67,,,2024-11-07 21:30:06
20241107,港股市场,008019.HK,皓文控股,34,0.0,0.79,,,2024-11-07 21:30:04
20241107,港股市场,006881.HK,中国银河,35,6.91,8.35,,,2024-11-07 21:30:05
20241107,ETF基金,588080.SH,科创板50ETF,35,3.33,1.054,,,2024-11-07 21:30:06
20241107,ETF基金,512640.SH,金融地产ETF基金,35,4.73,2.46,,,2024-11-07 21:30:05
20241107,A股市场,301110.SZ,青木科技,35,8.82,43.2,,,2024-11-07 21:30:05
20241107,美股市场,SCNX,Scienture Holdings Inc,35,2.94,8.06,,,2024-11-07 21:30:06
20241107,美股市场,BOLD,Boundless Bio Inc,35,6.02,3.17,,,2024-11-07 21:30:05
20241107,A股市场,001696.SZ,宗申动力,35,-9.97,25.74,,,2024-11-07 21:30:06
20241107,港股市场,000262.HK,迪臣发展国际,35,11.94,0.075,,,2024-11-07 21:30:04
20241107,港股市场,001528.HK,红星美凯龙,36,22.54,2.12,,,2024-11-07 21:30:05
20241107,ETF基金,159842.SZ,券商ETF,36,8.51,1.288,,,2024-11-07 21:30:06
20241107,ETF基金,520520.SH,恒生港股消费ETF,36,3.69,1.041,,,2024-11-07 21:30:05
20241107,A股市场,301151.SZ,冠龙节能,36,6.54,17.27,,,2024-11-07 21:30:05
20241107,美股市场,JPM,摩根大通,36,11.54,247.06,,,2024-11-07 21:30:06
20241107,美股市场,POCI,Precision Optics Corp Inc,36,6.73,4.6,,,2024-11-07 21:30:05
20241107,A股市场,002607.SZ,中公教育,36,9.97,3.53,,,2024-11-07 21:30:06
20241107,港股市场,001536.HK,煜荣集团,36,6.82,0.188,,,2024-11-07 21:30:04
20241107,港股市场,002611.HK,国泰君安,37,6.02,13.04,,,2024-11-07 21:30:05
20241107,ETF基金,513180.SH,恒生科技指数ETF,37,2.09,0.636,,,2024-11-07 21:30:06
20241107,ETF基金,515010.SH,券商ETF基金,37,8.84,1.552,,,2024-11-07 21:30:05
20241107,A股市场,600976.SH,健民集团,37,6.69,46.73,,,2024-11-07 21:30:05
20241107,美股市场,AVGO,博通,37,3.25,179.55,,,2024-11-07 21:30:06
20241107,美股市场,LNKB,LINKBANCORP Inc,37,7.24,7.55,,,2024-11-07 21:30:05
20241107,A股市场,002428.SZ,云南锗业,37,10.0,29.6,,,2024-11-07 21:30:06
20241107,港股市场,008126.HK,G.A.控股,37,6.82,0.047,,,2024-11-07 21:30:04
20241107,港股市场,000763.HK,中兴通讯,38,2.72,20.8,,,2024-11-07 21:30:05
20241107,ETF基金,560610.SH,A500指数ETF,38,2.63,1.014,,,2024-11-07 21:30:06
20241107,ETF基金,159838.SZ,医药50ETF,38,3.5,0.591,,,2024-11-07 21:30:05
20241107,A股市场,603516.SH,淳中科技,38,9.99,33.26,,,2024-11-07 21:30:05
20241107,美股市场,GOOG,谷歌-C,38,4.04,178.33,,,2024-11-07 21:30:06
20241107,美股市场,DWTX,Dogwood Therapeutics Inc,38,-3.68,4.45,,,2024-11-07 21:30:05
20241107,A股市场,601066.SH,中信建投,38,10.02,32.29,,,2024-11-07 21:30:06
20241107,港股市场,006108.HK,新锐医药,38,6.38,0.05,,,2024-11-07 21:30:04
20241107,港股市场,006806.HK,申万宏源,39,7.88,3.15,,,2024-11-07 21:30:05
20241107,ETF基金,512200.SH,房地产ETF,39,4.03,1.831,,,2024-11-07 21:30:06
20241107,ETF基金,515850.SH,券商指数ETF,39,8.53,1.666,,,2024-11-07 21:30:05
20241107,A股市场,301217.SZ,铜冠铜箔,39,7.01,11.9,,,2024-11-07 21:30:05
20241107,美股市场,BTBT,比特数字,39,17.14,4.1,,,2024-11-07 21:30:06
20241107,美股市场,VTYX,Ventyx Biosciences Inc,39,6.88,2.33,,,2024-11-07 21:30:05
20241107,A股市场,600619.SH,海立股份,39,10.01,16.93,,,2024-11-07 21:30:06
20241107,港股市场,000510.HK,时富金融服务集团,39,14.93,0.385,,,2024-11-07 21:30:04
20241107,港股市场,006680.HK,金力永磁,40,-6.69,10.04,,,2024-11-07 21:30:05
20241107,ETF基金,588220.SH,科创100ETF基金,40,2.25,0.956,,,2024-11-07 21:30:06
20241107,ETF基金,159643.SZ,疫苗ETF,40,3.42,0.665,,,2024-11-07 21:30:05
20241107,A股市场,600729.SH,重庆百货,40,10.02,25.7,,,2024-11-07 21:30:05
20241107,美股市场,BRK_A,伯克希尔哈撒韦-A,40,5.45,703000.0,,,2024-11-07 21:30:06
20241107,美股市场,MPAA,Motorcar Parts of America Inc,40,8.38,5.82,,,2024-11-07 21:30:05
20241107,A股市场,688981.SH,中芯国际,40,6.09,101.89,,,2024-11-07 21:30:06
20241107,港股市场,001073.HK,大禹金融,40,4.72,0.111,,,2024-11-07 21:30:04
20241107,港股市场,002015.HK,理想汽车-W,41,2.19,97.8,,,2024-11-07 21:30:05
20241107,ETF基金,588830.SH,科创新能源ETF,41,0.67,1.346,,,2024-11-07 21:30:06
20241107,ETF基金,159576.SZ,深证100ETF广发,41,3.98,1.255,,,2024-11-07 21:30:05
20241107,A股市场,000759.SZ,中百集团,41,9.9,4.44,,,2024-11-07 21:30:05
20241107,美股市场,DQ,大全新能源,41,-8.11,21.3,,,2024-11-07 21:30:06
20241107,美股市场,JMSB,John Marshall Bancorp Inc,41,11.46,24.5,,,2024-11-07 21:30:05
20241107,A股市场,000799.SZ,酒鬼酒,41,10.01,58.16,,,2024-11-07 21:30:06
20241107,港股市场,000472.HK,新丝路文旅,41,18.85,0.145,,,2024-11-07 21:30:04
20241107,港股市场,009922.HK,九毛九,42,12.98,4.09,,,2024-11-07 21:30:05
20241107,ETF基金,159919.SZ,沪深300ETF,42,3.15,4.353,,,2024-11-07 21:30:06
20241107,ETF基金,159843.SZ,食品饮料ETF,42,7.91,0.75,,,2024-11-07 21:30:05
20241107,A股市场,300332.SZ,天壕能源,42,7.88,6.3,,,2024-11-07 21:30:05
20241107,美股市场,BIDU,百度,42,-1.04,90.92,,,2024-11-07 21:30:06
20241107,美股市场,OPAD,Offerpad Solutions Inc-A,42,11.39,3.52,,,2024-11-07 21:30:05
20241107,A股市场,000795.SZ,英洛华,42,10.04,12.06,,,2024-11-07 21:30:06
20241107,港股市场,000335.HK,美建集团,42,5.13,0.82,,,2024-11-07 21:30:04
20241107,港股市场,000388.HK,香港交易所,43,3.79,334.2,,,2024-11-07 21:30:05
20241107,ETF基金,515170.SH,食品饮料ETF,43,8.02,0.66,,,2024-11-07 21:30:06
20241107,ETF基金,159940.SZ,金融地产ETF,43,5.88,1.26,,,2024-11-07 21:30:05
20241107,A股市场,600882.SH,妙可蓝多,43,8.05,18.26,,,2024-11-07 21:30:05
20241107,美股市场,TIGR,老虎证券,43,-1.34,6.62,,,2024-11-07 21:30:06
20241107,美股市场,DTSQU,DT Cloud Star Acquisition Corp ,43,0.3,10.14,,,2024-11-07 21:30:05
20241107,A股市场,000981.SZ,山子高科,43,10.3,1.82,,,2024-11-07 21:30:06
20241107,港股市场,008063.HK,环球大通集团,43,16.67,0.028,,,2024-11-07 21:30:04
20241107,港股市场,000354.HK,中国软件国际,44,4.41,6.39,,,2024-11-07 21:30:05
20241107,ETF基金,159740.SZ,恒生科技ETF,44,2.46,0.625,,,2024-11-07 21:30:06
20241107,ETF基金,159891.SZ,医疗ETF基金,44,3.49,0.474,,,2024-11-07 21:30:05
20241107,A股市场,688205.SH,德科立,44,10.09,77.7,,,2024-11-07 21:30:05
20241107,美股市场,DWTX,Dogwood Therapeutics Inc,44,-3.68,4.45,,,2024-11-07 21:30:06
20241107,美股市场,RKDA,阿凯迪亚生物科学,44,10.64,4.16,,,2024-11-07 21:30:05
20241107,A股市场,002094.SZ,青岛金王,44,-9.96,8.86,,,2024-11-07 21:30:06
20241107,港股市场,001446.HK,鸿福堂,44,9.38,0.175,,,2024-11-07 21:30:04
20241107,港股市场,000960.HK,龙湖集团,45,8.66,14.56,,,2024-11-07 21:30:05
20241107,ETF基金,563220.SH,中证A500ETF富国,45,2.53,1.053,,,2024-11-07 21:30:06
20241107,ETF基金,562890.SH,中证A50指数ETF,45,3.42,1.209,,,2024-11-07 21:30:05
20241107,A股市场,300650.SZ,太龙股份,45,6.6,12.12,,,2024-11-07 21:30:05
20241107,美股市场,FSLR,第一太阳能,45,-10.13,194.02,,,2024-11-07 21:30:06
20241107,美股市场,HURA,TuHURA Biosciences Inc,45,5.82,5.27,,,2024-11-07 21:30:05
20241107,A股市场,600733.SH,北汽蓝谷,45,0.72,9.76,,,2024-11-07 21:30:06
20241107,港股市场,000518.HK,同得仕(集团),45,0.53,0.191,,,2024-11-07 21:30:04
20241107,港股市场,000558.HK,力劲科技,46,-5.66,3.67,,,2024-11-07 21:30:05
20241107,ETF基金,159592.SZ,A50ETF基金,46,3.2,1.195,,,2024-11-07 21:30:06
20241107,ETF基金,513750.SH,港股非银ETF,46,4.7,1.315,,,2024-11-07 21:30:05
20241107,A股市场,605188.SH,国光连锁,46,6.02,7.4,,,2024-11-07 21:30:05
20241107,美股市场,ASML,阿斯麦,46,-2.22,661.43,,,2024-11-07 21:30:06
20241107,美股市场,ICAD,iCAD Inc,46,3.91,1.86,,,2024-11-07 21:30:05
20241107,A股市场,002945.SZ,华林证券,46,9.97,16.76,,,2024-11-07 21:30:06
20241107,港股市场,002489.HK,集海资源,46,0.0,0.78,,,2024-11-07 21:30:04
20241107,港股市场,006837.HK,海通证券,47,5.57,7.39,,,2024-11-07 21:30:05
20241107,ETF基金,159813.SZ,半导体ETF,47,3.54,0.82,,,2024-11-07 21:30:06
20241107,ETF基金,516130.SH,消费龙头ETF,47,4.42,0.827,,,2024-11-07 21:30:05
20241107,A股市场,301075.SZ,多瑞医药,47,7.42,21.72,,,2024-11-07 21:30:05
20241107,美股市场,UMC,联华电子,47,0.86,7.02,,,2024-11-07 21:30:06
20241107,美股市场,RGCO,RGC Resources Inc,47,13.04,23.49,,,2024-11-07 21:30:05
20241107,A股市场,002085.SZ,万丰奥威,47,-8.81,21.95,,,2024-11-07 21:30:06
20241107,港股市场,000760.HK,新天地产集团,47,11.5,0.223,,,2024-11-07 21:30:04
20241107,港股市场,002443.HK,汽车街,48,-15.25,20.0,,,2024-11-07 21:30:05
20241107,ETF基金,512710.SH,军工龙头ETF,48,-2.39,0.694,,,2024-11-07 21:30:06
20241107,ETF基金,510710.SH,上证50ETF博时,48,3.58,3.85,,,2024-11-07 21:30:05
20241107,A股市场,300254.SZ,仟源医药,48,6.43,10.09,,,2024-11-07 21:30:05
20241107,美股市场,NTES,网易,48,-0.22,80.0,,,2024-11-07 21:30:06
20241107,美股市场,CMTG,Claros Mortgage Trust Inc,48,9.34,7.26,,,2024-11-07 21:30:05
20241107,A股市场,601136.SH,首创证券,48,10.0,24.75,,,2024-11-07 21:30:06
20241107,港股市场,001538.HK,中奥到家,48,5.08,0.31,,,2024-11-07 21:30:04
20241107,港股市场,001456.HK,国联证券,49,9.3,5.17,,,2024-11-07 21:30:05
20241107,ETF基金,159971.SZ,创业板ETF富国,49,3.53,1.615,,,2024-11-07 21:30:06
20241107,ETF基金,159877.SZ,医疗产业ETF,49,4.12,0.632,,,2024-11-07 21:30:05
20241107,A股市场,872953.BJ,国子软件,49,29.99,42.61,,,2024-11-07 21:30:05
20241107,美股市场,MU,美光科技,49,6.01,111.83,,,2024-11-07 21:30:06
20241107,美股市场,MERC,美世国际,49,8.25,6.82,,,2024-11-07 21:30:05
20241107,A股市场,002416.SZ,爱施德,49,-10.0,19.27,,,2024-11-07 21:30:06
20241107,港股市场,000997.HK,普汇中金国际,49,3.7,0.028,,,2024-11-07 21:30:04
20241107,港股市场,009993.HK,金辉控股,50,18.06,3.66,,,2024-11-07 21:30:05
20241107,ETF基金,513130.SH,恒生科技ETF,50,2.45,0.627,,,2024-11-07 21:30:06
20241107,ETF基金,561130.SH,国货ETF,50,4.07,0.843,,,2024-11-07 21:30:05
20241107,A股市场,300632.SZ,光莆股份,50,5.77,13.02,,,2024-11-07 21:30:05
20241107,美股市场,ALB,美国雅保,50,-3.21,96.58,,,2024-11-07 21:30:06
20241107,美股市场,VVX,V2X Inc,50,9.8,68.82,,,2024-11-07 21:30:05
20241107,A股市场,300085.SZ,银之杰,50,6.12,57.06,,,2024-11-07 21:30:06
20241107,港股市场,001568.HK,承达集团,50,9.76,0.45,,,2024-11-07 21:30:04
20241107,港股市场,001211.HK,比亚迪股份,51,-0.92,280.4,,,2024-11-07 21:30:05
20241107,ETF基金,159934.SZ,黄金ETF,51,-2.36,5.793,,,2024-11-07 21:30:06
20241107,ETF基金,560220.SH,中证2000ETF广发,51,3.26,1.108,,,2024-11-07 21:30:05
20241107,A股市场,300791.SZ,仙乐健康,51,7.0,28.9,,,2024-11-07 21:30:05
20241107,美股市场,BEKE,贝壳,51,-0.49,22.49,,,2024-11-07 21:30:06
20241107,美股市场,HTCO,Caravelle International Group,51,-6.78,1.1,,,2024-11-07 21:30:05
20241107,A股市场,600702.SH,舍得酒业,51,10.0,78.52,,,2024-11-07 21:30:06
20241107,港股市场,008037.HK,中国生物科技服务,51,8.24,0.46,,,2024-11-07 21:30:04
20241107,港股市场,006033.HK,电讯数码控股,52,0.0,0.74,,,2024-11-07 21:30:04
20241107,港股市场,001375.HK,中州证券,52,11.06,2.21,,,2024-11-07 21:30:05
20241107,ETF基金,588050.SH,科创ETF,52,3.21,1.06,,,2024-11-07 21:30:06
20241107,ETF基金,159931.SZ,金融ETF,52,4.83,1.954,,,2024-11-07 21:30:05
20241107,A股市场,301558.SZ,三态股份,52,5.9,9.15,,,2024-11-07 21:30:05
20241107,美股市场,EDU,新东方,52,-2.93,60.06,,,2024-11-07 21:30:06
20241107,美股市场,NIXX,Nixxy Inc,52,-6.78,2.75,,,2024-11-07 21:30:05
20241107,A股市场,601127.SH,赛力斯,52,1.24,135.87,,,2024-11-07 21:30:06
20241107,港股市场,008241.HK,英记茶庄集团,53,-6.76,0.138,,,2024-11-07 21:30:04
20241107,港股市场,009618.HK,京东集团-SW,53,1.05,153.6,,,2024-11-07 21:30:05
20241107,ETF基金,513300.SH,纳斯达克ETF,53,2.95,1.953,,,2024-11-07 21:30:06
20241107,ETF基金,515960.SH,医药健康ETF,53,3.41,0.789,,,2024-11-07 21:30:05
20241107,A股市场,600903.SH,贵州燃气,53,5.59,7.75,,,2024-11-07 21:30:05
20241107,美股市场,LLY,礼来,53,-3.68,776.38,,,2024-11-07 21:30:06
20241107,美股市场,TFII,TFI International Inc,53,10.33,149.45,,,2024-11-07 21:30:05
20241107,A股市场,300094.SZ,国联水产,53,20.1,4.9,,,2024-11-07 21:30:06
20241107,港股市场,008120.HK,国农金融投资,54,13.04,0.052,,,2024-11-07 21:30:04
20241107,港股市场,006886.HK,华泰证券,54,4.89,15.88,,,2024-11-07 21:30:05
20241107,ETF基金,516860.SH,金融科技ETF,54,8.13,1.41,,,2024-11-07 21:30:06
20241107,ETF基金,510950.SH,上证50ETF指数,54,3.67,1.159,,,2024-11-07 21:30:05
20241107,A股市场,603866.SH,桃李面包,54,6.86,6.7,,,2024-11-07 21:30:05
20241107,美股市场,KO,可口可乐,54,-2.55,63.7,,,2024-11-07 21:30:06
20241107,美股市场,SPG_J,Simon Property Group Inc Series,54,0.31,63.95,,,2024-11-07 21:30:05
20241107,A股市场,600171.SH,上海贝岭,54,-3.26,45.16,,,2024-11-07 21:30:06
20241107,港股市场,001063.HK,新确科技,55,1.4,0.145,,,2024-11-07 21:30:04
20241107,港股市场,000285.HK,比亚迪电子,55,-5.6,31.2,,,2024-11-07 21:30:05
20241107,ETF基金,159819.SZ,人工智能ETF,55,2.55,0.926,,,2024-11-07 21:30:06
20241107,ETF基金,517800.SH,人工智能50ETF,55,4.62,0.747,,,2024-11-07 21:30:05
20241107,A股市场,835174.BJ,五新隧装,55,21.46,32.04,,,2024-11-07 21:30:05
20241107,美股市场,PLTR,Palantir Technologies Inc-A,55,8.61,55.53,,,2024-11-07 21:30:06
20241107,美股市场,WNEB,Western New England Bancorp Inc,55,2.75,8.97,,,2024-11-07 21:30:05
20241107,A股市场,600518.SH,康美药业,55,9.86,2.34,,,2024-11-07 21:30:06
20241107,港股市场,000368.HK,德合集团,56,0.0,0.29,,,2024-11-07 21:30:04
20241107,港股市场,003896.HK,金山云,56,7.0,2.14,,,2024-11-07 21:30:05
20241107,ETF基金,513060.SH,恒生医疗ETF,56,1.98,0.413,,,2024-11-07 21:30:06
20241107,ETF基金,588450.SH,科创50ETF增强,56,3.59,1.329,,,2024-11-07 21:30:05
20241107,A股市场,601086.SH,国芳集团,56,9.91,4.99,,,2024-11-07 21:30:05
20241107,美股市场,ARM,Arm Holdings plc ADR,56,2.87,144.68,,,2024-11-07 21:30:06
20241107,美股市场,GTLS_B,查特工业(优先股),56,9.18,63.3,,,2024-11-07 21:30:05
20241107,A股市场,300339.SZ,润和软件,56,2.21,68.79,,,2024-11-07 21:30:06
20241107,港股市场,000910.HK,中国三迪,57,20.0,0.048,,,2024-11-07 21:30:04
20241107,港股市场,006682.HK,第四范式,57,4.25,36.8,,,2024-11-07 21:30:05
20241107,ETF基金,512760.SH,芯片ETF,57,2.79,1.18,,,2024-11-07 21:30:06
20241107,ETF基金,512570.SH,证券ETF易方达,57,7.97,1.354,,,2024-11-07 21:30:05
20241107,A股市场,001215.SZ,千味央厨,57,10.0,35.75,,,2024-11-07 21:30:05
20241107,美股市场,BGNE,百济神州,57,-2.55,202.73,,,2024-11-07 21:30:06
20241107,美股市场,NARI,Inari Medical Inc,57,6.43,53.27,,,2024-11-07 21:30:05
20241107,A股市场,002178.SZ,延华智能,57,10.0,9.68,,,2024-11-07 21:30:06
20241107,港股市场,003321.HK,伟鸿集团控股,58,6.82,0.047,,,2024-11-07 21:30:04
20241107,港股市场,009633.HK,农夫山泉,58,4.12,34.15,,,2024-11-07 21:30:05
20241107,ETF基金,510500.SH,中证500ETF,58,1.93,6.343,,,2024-11-07 21:30:06
20241107,ETF基金,562860.SH,生物疫苗ETF,58,3.04,0.678,,,2024-11-07 21:30:05
20241107,A股市场,603170.SH,宝立食品,58,6.81,14.28,,,2024-11-07 21:30:05
20241107,美股市场,MRNA,Moderna Inc,58,-2.78,51.81,,,2024-11-07 21:30:06
20241107,美股市场,AIMD,Ainos Inc,58,14.67,0.505,,,2024-11-07 21:30:05
20241107,A股市场,002400.SZ,省广集团,58,10.03,7.79,,,2024-11-07 21:30:06
20241107,港股市场,001429.HK,天任集团,59,3.57,0.029,,,2024-11-07 21:30:04
20241107,港股市场,009626.HK,哔哩哔哩-W,59,1.77,178.6,,,2024-11-07 21:30:05
20241107,ETF基金,512070.SH,证券保险ETF,59,8.14,0.943,,,2024-11-07 21:30:06
20241107,ETF基金,563080.SH,中证A50ETF易方达,59,3.14,1.215,,,2024-11-07 21:30:05
20241107,A股市场,002589.SZ,瑞康医药,59,10.13,3.37,,,2024-11-07 21:30:05
20241107,美股市场,NVO,诺和诺德,59,-4.33,105.36,,,2024-11-07 21:30:06
20241107,美股市场,CPT,卡姆登物业信托,59,-0.47,117.44,,,2024-11-07 21:30:05
20241107,A股市场,000793.SZ,华闻集团,59,10.18,3.03,,,2024-11-07 21:30:06
20241107,港股市场,008018.HK,汇财金融投资,60,4.94,0.085,,,2024-11-07 21:30:04
20241107,港股市场,000570.HK,中国中药,60,2.08,2.45,,,2024-11-07 21:30:05
20241107,ETF基金,513400.SH,道琼斯ETF,60,2.71,1.135,,,2024-11-07 21:30:06
20241107,ETF基金,560080.SH,中药ETF,60,4.97,1.183,,,2024-11-07 21:30:05
20241107,A股市场,002646.SZ,天佑德酒,60,8.99,11.4,,,2024-11-07 21:30:05
20241107,美股市场,IQ,爱奇艺,60,-2.71,2.51,,,2024-11-07 21:30:06
20241107,美股市场,GNTY,Guaranty Bancshares Inc,60,7.75,35.99,,,2024-11-07 21:30:05
20241107,A股市场,300465.SZ,高伟达,60,20.0,16.5,,,2024-11-07 21:30:06
20241107,港股市场,008293.HK,星亚控股,61,-12.99,0.067,,,2024-11-07 21:30:04
20241107,港股市场,006178.HK,光大证券,61,8.78,8.92,,,2024-11-07 21:30:05
20241107,ETF基金,159992.SZ,创新药ETF,61,2.83,0.763,,,2024-11-07 21:30:06
20241107,ETF基金,510190.SH,上证50ETF指数基金,61,3.13,3.96,,,2024-11-07 21:30:05
20241107,A股市场,300385.SZ,雪浪环境,61,6.6,5.33,,,2024-11-07 21:30:05
20241107,美股市场,FUTU,富途控股,61,-2.45,96.655,,,2024-11-07 21:30:06
20241107,美股市场,TOI,The Oncology Institute Inc,61,5.36,0.295,,,2024-11-07 21:30:05
20241107,A股市场,002146.SZ,荣盛发展,61,10.14,2.39,,,2024-11-07 21:30:06
20241107,港股市场,000108.HK,国锐生活,62,-5.56,0.85,,,2024-11-07 21:30:04
20241107,港股市场,002331.HK,李宁,62,5.76,17.64,,,2024-11-07 21:30:05
20241107,ETF基金,159857.SZ,光伏ETF,62,-0.79,0.75,,,2024-11-07 21:30:06
20241107,ETF基金,516820.SH,医疗创新ETF,62,4.2,0.372,,,2024-11-07 21:30:05
20241107,A股市场,300592.SZ,华凯易佰,62,6.83,13.13,,,2024-11-07 21:30:05
20241107,美股市场,BAC,美国银行,62,8.43,45.41,,,2024-11-07 21:30:06
20241107,美股市场,RZLT,Rezolute Inc,62,6.8,5.81,,,2024-11-07 21:30:05
20241107,A股市场,000721.SZ,西安饮食,62,10.05,10.62,,,2024-11-07 21:30:06
20241107,港股市场,001161.HK,奥思集团,63,3.61,0.86,,,2024-11-07 21:30:04
20241107,港股市场,001801.HK,信达生物,63,-1.83,37.45,,,2024-11-07 21:30:05
20241107,ETF基金,512670.SH,国防ETF,63,-2.02,0.777,,,2024-11-07 21:30:06
20241107,ETF基金,516560.SH,养老ETF,63,3.74,0.832,,,2024-11-07 21:30:05
20241107,A股市场,603057.SH,紫燕食品,63,5.07,17.82,,,2024-11-07 21:30:05
20241107,美股市场,F,福特汽车,63,5.57,11.19,,,2024-11-07 21:30:06
20241107,美股市场,GALT,Galectin Therapeutics Inc,63,7.87,2.81,,,2024-11-07 21:30:05
20241107,A股市场,600157.SH,永泰能源,63,2.96,1.74,,,2024-11-07 21:30:06
20241107,港股市场,001416.HK,CTR HOLDINGS,64,-14.06,0.055,,,2024-11-07 21:30:04
20241107,港股市场,009880.HK,优必选,64,-1.31,105.4,,,2024-11-07 21:30:05
20241107,ETF基金,159869.SZ,游戏ETF,64,0.56,1.087,,,2024-11-07 21:30:06
20241107,ETF基金,515550.SH,国联中证500ETF,64,4.09,1.4,,,2024-11-07 21:30:05
20241107,A股市场,603696.SH,安记食品,64,4.31,8.47,,,2024-11-07 21:30:05
20241107,美股市场,PFE,辉瑞,64,-2.25,27.36,,,2024-11-07 21:30:06
20241107,美股市场,NREF,NexPoint Real Estate Finance In,64,6.46,15.82,,,2024-11-07 21:30:05
20241107,A股市场,603205.SH,N健尔康,64,378.36,70.08,,,2024-11-07 21:30:06
20241107,港股市场,002289.HK,创美药业,65,3.33,9.3,,,2024-11-07 21:30:04
20241107,港股市场,003678.HK,弘业期货,65,7.23,3.56,,,2024-11-07 21:30:05
20241107,ETF基金,513500.SH,标普500ETF,65,0.79,2.045,,,2024-11-07 21:30:06
20241107,ETF基金,513070.SH,港股消费50ETF,65,3.31,1.154,,,2024-11-07 21:30:05
20241107,A股市场,002956.SZ,西麦食品,65,5.39,14.09,,,2024-11-07 21:30:05
20241107,美股市场,WFC,富国银行,65,13.11,72.47,,,2024-11-07 21:30:06
20241107,美股市场,MRM,MEDIROM Healthcare Technologies,65,8.27,3.01,,,2024-11-07 21:30:05
20241107,A股市场,600559.SH,老白干酒,65,10.0,24.08,,,2024-11-07 21:30:06
20241107,港股市场,001792.HK,CMON,66,-4.17,0.023,,,2024-11-07 21:30:04
20241107,港股市场,001919.HK,中远海控,66,0.16,12.22,,,2024-11-07 21:30:05
20241107,ETF基金,515220.SH,煤炭ETF,66,2.71,1.251,,,2024-11-07 21:30:06
20241107,ETF基金,159683.SZ,运输ETF,66,2.06,0.99,,,2024-11-07 21:30:05
20241107,A股市场,002908.SZ,德生科技,66,10.06,9.96,,,2024-11-07 21:30:05
20241107,美股市场,DUO,房多多,66,-7.38,1.13,,,2024-11-07 21:30:06
20241107,美股市场,FLO,花苑食品,66,0.4,22.49,,,2024-11-07 21:30:05
20241107,A股市场,600779.SH,水井坊,66,9.99,55.58,,,2024-11-07 21:30:06
20241107,港股市场,000137.HK,金辉集团,67,0.0,0.8,,,2024-11-07 21:30:04
20241107,港股市场,002319.HK,蒙牛乳业,67,5.33,18.98,,,2024-11-07 21:30:05
20241107,ETF基金,515630.SH,保险证券ETF,67,9.65,1.556,,,2024-11-07 21:30:06
20241107,ETF基金,510200.SH,上证券商ETF,67,7.4,1.436,,,2024-11-07 21:30:05
20241107,A股市场,002818.SZ,富森美,67,3.97,13.88,,,2024-11-07 21:30:05
20241107,美股市场,MS,摩根士丹利,67,11.61,131.49,,,2024-11-07 21:30:06
20241107,美股市场,BCSAU,Blockchain Coinvestors Acquisit,67,0.0,11.4,,,2024-11-07 21:30:05
20241107,A股市场,000858.SZ,五 粮 液,67,7.27,162.24,,,2024-11-07 21:30:06
20241107,港股市场,001598.HK,21世纪教育,68,-2.26,0.13,,,2024-11-07 21:30:04
20241107,港股市场,003800.HK,协鑫科技,68,-5.99,1.57,,,2024-11-07 21:30:05
20241107,ETF基金,159766.SZ,旅游ETF,68,4.73,0.753,,,2024-11-07 21:30:06
20241107,ETF基金,517990.SH,医药ETF沪港深,68,2.45,0.794,,,2024-11-07 21:30:05
20241107,A股市场,300435.SZ,中泰股份,68,5.36,12.77,,,2024-11-07 21:30:05
20241107,美股市场,NIXX,Nixxy Inc,68,-6.78,2.75,,,2024-11-07 21:30:06
20241107,美股市场,ACON,Aclarion Inc,68,6.87,0.196,,,2024-11-07 21:30:05
20241107,A股市场,300024.SZ,机器人,68,-3.84,20.3,,,2024-11-07 21:30:06
20241107,港股市场,000898.HK,万事昌国际,69,10.47,0.95,,,2024-11-07 21:30:04
20241107,港股市场,009636.HK,九方智投控股,69,10.04,20.05,,,2024-11-07 21:30:05
20241107,ETF基金,560080.SH,中药ETF,69,4.97,1.183,,,2024-11-07 21:30:06
20241107,ETF基金,563090.SH,上证50ETF增强,69,3.29,1.1,,,2024-11-07 21:30:05
20241107,A股市场,833873.BJ,中设咨询,69,29.96,8.85,,,2024-11-07 21:30:05
20241107,美股市场,ILLR,Triller Group Inc,69,21.27,3.82,,,2024-11-07 21:30:06
20241107,美股市场,REG,Regency Centers Corp,69,-0.46,72.82,,,2024-11-07 21:30:05
20241107,A股市场,000627.SZ,天茂集团,69,10.03,4.28,,,2024-11-07 21:30:06
20241107,港股市场,003938.HK,LFG投资控股,70,20.0,0.18,,,2024-11-07 21:30:04
20241107,港股市场,000241.HK,阿里健康,70,5.21,4.44,,,2024-11-07 21:30:05
20241107,ETF基金,159713.SZ,稀土ETF,70,-0.47,0.845,,,2024-11-07 21:30:06
20241107,ETF基金,513590.SH,香港消费ETF,70,3.01,0.821,,,2024-11-07 21:30:05
20241107,A股市场,600530.SH,交大昂立,70,9.97,3.75,,,2024-11-07 21:30:05
20241107,美股市场,BRK_B,伯克希尔哈撒韦-B,70,5.36,468.9,,,2024-11-07 21:30:06
20241107,美股市场,VOR,Vor Biopharma Inc,70,10.26,0.86,,,2024-11-07 21:30:05
20241107,A股市场,002426.SZ,胜利精密,70,10.2,2.81,,,2024-11-07 21:30:06
20241107,港股市场,000352.HK,富阳,71,0.0,0.094,,,2024-11-07 21:30:04
20241107,港股市场,003958.HK,东方证券,71,7.94,5.98,,,2024-11-07 21:30:05
20241107,ETF基金,513100.SH,纳指ETF,71,1.54,1.512,,,2024-11-07 21:30:06
20241107,ETF基金,159666.SZ,交通运输ETF,71,2.23,1.01,,,2024-11-07 21:30:05
20241107,A股市场,688369.SH,致远互联,71,9.1,23.02,,,2024-11-07 21:30:05
20241107,美股市场,OKUR,OnKure Therapeutics Inc-A,71,-3.52,16.99,,,2024-11-07 21:30:06
20241107,美股市场,GKOS,Glaukos Corp,71,10.0,140.64,,,2024-11-07 21:30:05
20241107,A股市场,600318.SH,新力金融,71,10.01,12.2,,,2024-11-07 21:30:06
20241107,港股市场,001402.HK,超智能控股,72,3.7,0.28,,,2024-11-07 21:30:04
20241107,港股市场,001093.HK,石药集团,72,2.06,5.44,,,2024-11-07 21:30:05
20241107,ETF基金,159985.SZ,豆粕ETF,72,2.52,1.952,,,2024-11-07 21:30:06
20241107,ETF基金,560580.SH,电力ETF南方,72,1.6,1.077,,,2024-11-07 21:30:05
20241107,A股市场,600444.SH,国机通用,72,6.88,17.1,,,2024-11-07 21:30:05
20241107,美股市场,NFLX,奈飞,72,2.13,780.21,,,2024-11-07 21:30:06
20241107,美股市场,RDNT,RadNet Inc,72,2.65,69.85,,,2024-11-07 21:30:05
20241107,A股市场,000415.SZ,渤海租赁,72,-10.06,4.38,,,2024-11-07 21:30:06
20241107,A股市场,000568.SZ,泸州老窖,73,10.0,153.89,,,2024-11-07 21:30:06
20241107,港股市场,000124.HK,粤海置地,73,10.98,0.455,,,2024-11-07 21:30:04
20241107,港股市场,006618.HK,京东健康,73,6.67,30.4,,,2024-11-07 21:30:05
20241107,ETF基金,159920.SZ,恒生ETF,73,2.4,1.28,,,2024-11-07 21:30:06
20241107,ETF基金,562510.SH,旅游ETF,73,4.4,0.759,,,2024-11-07 21:30:05
20241107,A股市场,301283.SZ,聚胶股份,73,6.01,28.41,,,2024-11-07 21:30:05
20241107,美股市场,SQM,智利矿业化工,73,-5.1,37.6,,,2024-11-07 21:30:06
20241107,美股市场,FR,第一工业地产信托,73,-0.4,52.84,,,2024-11-07 21:30:05
20241107,A股市场,000860.SZ,顺鑫农业,74,10.0,20.9,,,2024-11-07 21:30:06
20241107,港股市场,001596.HK,翼辰实业,74,0.0,2.52,,,2024-11-07 21:30:04
20241107,港股市场,009869.HK,海伦司,74,13.31,3.32,,,2024-11-07 21:30:05
20241107,ETF基金,510150.SH,消费ETF,74,4.48,0.56,,,2024-11-07 21:30:06
20241107,ETF基金,512900.SH,证券ETF基金,74,8.37,1.347,,,2024-11-07 21:30:05
20241107,A股市场,000715.SZ,中兴商业,74,10.07,7.43,,,2024-11-07 21:30:05
20241107,美股市场,OMCC,Old Market Capital Corp,74,-0.35,5.76,,,2024-11-07 21:30:06
20241107,美股市场,ETON,Eton Pharmaceuticals Inc,74,2.97,8.67,,,2024-11-07 21:30:05
20241107,A股市场,000639.SZ,西王食品,75,10.12,4.68,,,2024-11-07 21:30:06
20241107,港股市场,001123.HK,中港照相,75,0.0,0.115,,,2024-11-07 21:30:04
20241107,港股市场,003759.HK,康龙化成,75,2.71,16.66,,,2024-11-07 21:30:05
20241107,ETF基金,510310.SH,沪深300ETF易方达,75,3.32,4.078,,,2024-11-07 21:30:06
20241107,ETF基金,159856.SZ,互联网龙头ETF,75,4.17,0.675,,,2024-11-07 21:30:05
20241107,A股市场,301093.SZ,华兰股份,75,6.47,24.37,,,2024-11-07 21:30:05
20241107,美股市场,HTCO,Caravelle International Group,75,-6.78,1.1,,,2024-11-07 21:30:06
20241107,美股市场,SNES,SenesTech Inc,75,8.37,2.85,,,2024-11-07 21:30:05
20241107,A股市场,002673.SZ,西部证券,76,5.7,9.09,,,2024-11-07 21:30:06
20241107,港股市场,002663.HK,应力控股,76,0.0,0.4,,,2024-11-07 21:30:04
20241107,港股市场,001776.HK,广发证券,76,6.58,13.28,,,2024-11-07 21:30:05
20241107,ETF基金,588030.SH,科创100指数ETF,76,2.79,0.957,,,2024-11-07 21:30:06
20241107,ETF基金,159647.SZ,中药ETF,76,4.31,1.088,,,2024-11-07 21:30:05
20241107,A股市场,831010.BJ,凯添燃气,76,29.36,9.43,,,2024-11-07 21:30:05
20241107,美股市场,BA,波音,76,-2.54,147.16,,,2024-11-07 21:30:06
20241107,美股市场,OPRX,OptimizeRx Corp,76,19.77,6.12,,,2024-11-07 21:30:05
20241107,A股市场,600280.SH,中央商场,77,10.03,4.39,,,2024-11-07 21:30:06
20241107,港股市场,001831.HK,十方控股,77,0.0,0.072,,,2024-11-07 21:30:04
20241107,港股市场,001635.HK,大众公用,77,2.99,2.41,,,2024-11-07 21:30:05
20241107,ETF基金,588060.SH,科创50ETF龙头,77,3.3,0.657,,,2024-11-07 21:30:06
20241107,ETF基金,516290.SH,光伏龙头ETF,77,-0.54,0.552,,,2024-11-07 21:30:05
20241107,A股市场,300167.SZ,*ST迪威,77,10.73,2.27,,,2024-11-07 21:30:05
20241107,美股市场,DDL,叮咚买菜,77,12.94,4.45,,,2024-11-07 21:30:06
20241107,美股市场,ADC,艾格里不动产,77,-1.17,73.19,,,2024-11-07 21:30:05
20241107,A股市场,300380.SZ,安硕信息,78,20.01,52.78,,,2024-11-07 21:30:06
20241107,港股市场,000092.HK,冠军科技集团,78,16.23,0.265,,,2024-11-07 21:30:04
20241107,港股市场,001788.HK,国泰君安国际,78,7.26,1.33,,,2024-11-07 21:30:05
20241107,ETF基金,159993.SZ,证券ETF龙头,78,8.61,1.425,,,2024-11-07 21:30:06
20241107,ETF基金,516790.SH,医疗保健ETF,78,3.81,0.626,,,2024-11-07 21:30:05
20241107,A股市场,601956.SH,东贝集团,78,3.85,5.39,,,2024-11-07 21:30:05
20241107,美股市场,CVX,雪佛龙,78,2.81,157.72,,,2024-11-07 21:30:06
20241107,美股市场,AIRS,AirSculpt Technologies Inc,78,12.81,7.66,,,2024-11-07 21:30:05
20241107,A股市场,002261.SZ,拓维信息,79,-1.41,24.55,,,2024-11-07 21:30:06
20241107,港股市场,008187.HK,积木集团,79,72.73,0.76,,,2024-11-07 21:30:04
20241107,港股市场,009926.HK,康方生物,79,-0.97,66.35,,,2024-11-07 21:30:05
20241107,ETF基金,159862.SZ,食品ETF,79,8.23,0.776,,,2024-11-07 21:30:06
20241107,ETF基金,159635.SZ,基建50ETF,79,3.54,1.14,,,2024-11-07 21:30:05
20241107,A股市场,605338.SH,巴比食品,79,5.1,17.51,,,2024-11-07 21:30:05
20241107,美股市场,COST,开市客,79,1.02,899.25,,,2024-11-07 21:30:06
20241107,美股市场,LUXHP,LuxUrban Hotels Inc Series A Pf,79,8.45,16.43,,,2024-11-07 21:30:05
20241107,A股市场,600111.SH,北方稀土,80,-0.15,26.61,,,2024-11-07 21:30:06
20241107,港股市场,008341.HK,艾硕控股,80,-4.14,0.162,,,2024-11-07 21:30:04
20241107,港股市场,001398.HK,工商银行,80,3.16,4.9,,,2024-11-07 21:30:05
20241107,ETF基金,159736.SZ,饮食ETF,80,8.11,0.8,,,2024-11-07 21:30:06
20241107,ETF基金,560980.SH,光伏30ETF,80,-0.87,0.569,,,2024-11-07 21:30:05
20241107,A股市场,003000.SZ,劲仔食品,80,5.49,13.26,,,2024-11-07 21:30:05
20241107,美股市场,YUMC,百胜中国,80,3.08,49.83,,,2024-11-07 21:30:06
20241107,美股市场,ELS,宜居生活资产信托,80,-1.95,68.72,,,2024-11-07 21:30:05
20241107,A股市场,300070.SZ,碧水源,81,20.0,6.36,,,2024-11-07 21:30:06
20241107,港股市场,008367.HK,倩碧控股,81,9.09,0.024,,,2024-11-07 21:30:04
20241107,港股市场,002600.HK,中国铝业,81,5.57,5.5,,,2024-11-07 21:30:05
20241107,ETF基金,159929.SZ,医药ETF,81,3.49,1.393,,,2024-11-07 21:30:06
20241107,ETF基金,159322.SZ,黄金产业ETF,81,-1.5,0.982,,,2024-11-07 21:30:05
20241107,A股市场,600778.SH,友好集团,81,5.95,5.88,,,2024-11-07 21:30:05
20241107,美股市场,TCOM,携程,81,-1.99,67.06,,,2024-11-07 21:30:06
20241107,美股市场,KRO,康诺斯全球,81,8.91,12.96,,,2024-11-07 21:30:05
20241107,A股市场,000980.SZ,众泰汽车,82,-1.67,2.94,,,2024-11-07 21:30:06
20241107,港股市场,000755.HK,大方广瑞德,82,15.0,0.023,,,2024-11-07 21:30:04
20241107,港股市场,000941.HK,中国移动,82,0.63,71.45,,,2024-11-07 21:30:05
20241107,ETF基金,159892.SZ,恒生医药ETF,82,1.19,0.512,,,2024-11-07 21:30:06
20241107,ETF基金,560260.SH,医疗ETF龙头,82,3.42,0.907,,,2024-11-07 21:30:05
20241107,A股市场,001318.SZ,阳光乳业,82,3.97,11.78,,,2024-11-07 21:30:05
20241107,美股市场,CAN,嘉楠科技,82,12.98,1.48,,,2024-11-07 21:30:06
20241107,美股市场,SJ,思享无限,82,16.33,1.0,,,2024-11-07 21:30:05
20241107,A股市场,300010.SZ,豆神教育,83,-15.0,9.52,,,2024-11-07 21:30:06
20241107,港股市场,000309.HK,新华通讯频媒,83,9.76,0.045,,,2024-11-07 21:30:04
20241107,港股市场,001357.HK,美图公司,83,-0.35,2.88,,,2024-11-07 21:30:05
20241107,ETF基金,512400.SH,有色金属ETF,83,-0.18,1.118,,,2024-11-07 21:30:06
20241107,ETF基金,515170.SH,食品饮料ETF,83,8.02,0.66,,,2024-11-07 21:30:05
20241107,A股市场,836826.BJ,盖世食品,83,29.96,15.4,,,2024-11-07 21:30:05
20241107,美股市场,MSTR,MicroStrategy Inc-A,83,13.17,257.81,,,2024-11-07 21:30:06
20241107,美股市场,MYE,Myers Industries Inc,83,7.29,12.22,,,2024-11-07 21:30:05
20241107,A股市场,601318.SH,中国平安,84,5.83,60.84,,,2024-11-07 21:30:06
20241107,港股市场,006113.HK,UTS MARKETING,84,2.22,0.92,,,2024-11-07 21:30:04
20241107,港股市场,001772.HK,赣锋锂业,84,-0.88,22.6,,,2024-11-07 21:30:05
20241107,ETF基金,159605.SZ,中概互联ETF,84,2.92,0.987,,,2024-11-07 21:30:06
20241107,ETF基金,510660.SH,医药卫生ETF,84,3.17,2.248,,,2024-11-07 21:30:05
20241107,A股市场,000869.SZ,张  裕Ａ,84,6.16,25.0,,,2024-11-07 21:30:05
20241107,美股市场,TAL,好未来,84,-0.86,11.52,,,2024-11-07 21:30:06
20241107,美股市场,GMGI,Golden Matrix Group Inc,84,11.76,2.85,,,2024-11-07 21:30:05
20241107,A股市场,002036.SZ,联创电子,85,9.96,11.26,,,2024-11-07 21:30:06
20241107,港股市场,008087.HK,中国三三传媒,85,-20.0,0.088,,,2024-11-07 21:30:04
20241107,港股市场,002238.HK,广汽集团,85,3.04,3.05,,,2024-11-07 21:30:05
20241107,ETF基金,560090.SH,证券指数ETF,85,9.62,1.481,,,2024-11-07 21:30:06
20241107,ETF基金,510800.SH,50ETF基金,85,3.54,1.286,,,2024-11-07 21:30:05
20241107,A股市场,002982.SZ,湘佳股份,85,9.99,20.37,,,2024-11-07 21:30:05
20241107,美股市场,XOM,埃克森美孚,85,1.71,121.0,,,2024-11-07 21:30:06
20241107,美股市场,NAYA,NAYA Biosciences Inc,85,-2.15,0.81,,,2024-11-07 21:30:05
20241107,A股市场,002765.SZ,蓝黛科技,86,9.96,11.26,,,2024-11-07 21:30:06
20241107,港股市场,000543.HK,太平洋网络,86,2.99,0.345,,,2024-11-07 21:30:04
20241107,港股市场,002899.HK,紫金矿业,86,-1.68,16.38,,,2024-11-07 21:30:05
20241107,ETF基金,511090.SH,30年国债ETF,86,-0.14,115.511,,,2024-11-07 21:30:06
20241107,ETF基金,561960.SH,央企回报ETF,86,2.61,1.179,,,2024-11-07 21:30:05
20241107,A股市场,688262.SH,国芯科技,86,4.5,23.24,,,2024-11-07 21:30:05
20241107,美股市场,ZK,极氪,86,-5.97,25.04,,,2024-11-07 21:30:06
20241107,美股市场,DSGN,Design Therapeutics Inc,86,6.83,5.94,,,2024-11-07 21:30:05
20241107,A股市场,600760.SH,中航沈飞,87,-5.9,55.52,,,2024-11-07 21:30:06
20241107,港股市场,008432.HK,太平洋酒吧,87,-1.64,0.06,,,2024-11-07 21:30:04
20241107,港股市场,000291.HK,华润啤酒,87,8.47,32.0,,,2024-11-07 21:30:05
20241107,ETF基金,512800.SH,银行ETF,87,2.14,1.429,,,2024-11-07 21:30:06
20241107,ETF基金,510230.SH,金融ETF,87,4.74,1.37,,,2024-11-07 21:30:05
20241107,A股市场,301303.SZ,真兰仪表,87,5.13,14.54,,,2024-11-07 21:30:05
20241107,美股市场,APH,安费诺,87,3.53,72.17,,,2024-11-07 21:30:06
20241107,美股市场,SNPX,Synaptogenix Inc,87,6.32,3.03,,,2024-11-07 21:30:05
20241107,A股市场,300803.SZ,指南针,88,10.0,120.34,,,2024-11-07 21:30:06
20241107,港股市场,000037.HK,远东酒店实业,88,-1.79,0.55,,,2024-11-07 21:30:04
20241107,港股市场,003968.HK,招商银行,88,3.1,39.95,,,2024-11-07 21:30:05
20241107,ETF基金,159852.SZ,软件ETF,88,4.77,0.856,,,2024-11-07 21:30:06
20241107,ETF基金,512960.SH,央企结构调整ETF,88,2.83,1.38,,,2024-11-07 21:30:05
20241107,A股市场,000838.SZ,财信发展,88,10.07,3.28,,,2024-11-07 21:30:05
20241107,美股市场,RUN,Sunrun Inc,88,-29.63,11.9,,,2024-11-07 21:30:06
20241107,美股市场,UAA,安德玛-A,88,-1.24,8.75,,,2024-11-07 21:30:05
20241107,A股市场,600467.SH,好当家,89,10.17,2.6,,,2024-11-07 21:30:06
20241107,港股市场,001449.HK,立德教育,89,0.0,0.27,,,2024-11-07 21:30:04
20241107,港股市场,002382.HK,舜宇光学科技,89,0.56,54.0,,,2024-11-07 21:30:05
20241107,ETF基金,562500.SH,机器人ETF,89,1.03,0.787,,,2024-11-07 21:30:06
20241107,ETF基金,516180.SH,光伏ETF平安,89,-0.81,0.731,,,2024-11-07 21:30:05
20241107,A股市场,300155.SZ,安居宝,89,10.43,5.61,,,2024-11-07 21:30:05
20241107,美股市场,CAT,卡特彼勒,89,8.74,416.88,,,2024-11-07 21:30:06
20241107,美股市场,SLVM,Sylvamo Corp,89,7.29,94.3,,,2024-11-07 21:30:05
20241107,A股市场,600622.SH,光大嘉宝,90,9.85,6.02,,,2024-11-07 21:30:06
20241107,港股市场,000023.HK,东亚银行,90,0.41,9.79,,,2024-11-07 21:30:04
20241107,港股市场,001951.HK,锦欣生殖,90,5.28,3.59,,,2024-11-07 21:30:05
20241107,ETF基金,513310.SH,中韩半导体ETF,90,2.91,1.519,,,2024-11-07 21:30:06
20241107,ETF基金,159321.SZ,黄金股票ETF,90,-1.69,0.93,,,2024-11-07 21:30:05
20241107,A股市场,300181.SZ,佐力药业,90,7.8,17.28,,,2024-11-07 21:30:05
20241107,美股市场,FREY,FREYR Battery Inc,90,66.67,1.75,,,2024-11-07 21:30:06
20241107,美股市场,KAR,OPENLANE Inc,90,6.39,17.48,,,2024-11-07 21:30:05
20241107,A股市场,000727.SZ,冠捷科技,91,10.1,3.16,,,2024-11-07 21:30:06
20241107,港股市场,001410.HK,安领国际,91,4.28,0.195,,,2024-11-07 21:30:04
20241107,港股市场,009676.HK,十月稻田,91,0.74,9.54,,,2024-11-07 21:30:05
20241107,ETF基金,159351.SZ,A500指数ETF,91,2.57,1.039,,,2024-11-07 21:30:06
20241107,ETF基金,510060.SH,央企ETF,91,2.79,2.579,,,2024-11-07 21:30:05
20241107,A股市场,603296.SH,华勤技术,91,4.0,57.99,,,2024-11-07 21:30:05
20241107,美股市场,MCD,麦当劳,91,-1.12,294.0,,,2024-11-07 21:30:06
20241107,美股市场,TDTH,Trident Digital Tech Holdings L,91,-7.38,2.51,,,2024-11-07 21:30:05
20241107,A股市场,000016.SZ,深康佳Ａ,92,0.31,6.38,,,2024-11-07 21:30:06
20241107,港股市场,001000.HK,北青传媒,92,-9.52,0.38,,,2024-11-07 21:30:04
20241107,港股市场,006098.HK,碧桂园服务,92,4.57,6.18,,,2024-11-07 21:30:05
20241107,ETF基金,159682.SZ,创业50ETF,92,3.76,1.02,,,2024-11-07 21:30:06
20241107,ETF基金,516070.SH,碳中和50ETF,92,0.2,0.493,,,2024-11-07 21:30:05
20241107,A股市场,300863.SZ,卡倍亿,92,13.65,46.89,,,2024-11-07 21:30:05
20241107,美股市场,ORCL,甲骨文,92,5.51,181.24,,,2024-11-07 21:30:06
20241107,A股市场,601628.SH,中国人寿,93,9.99,49.1,,,2024-11-07 21:30:06
20241107,港股市场,000862.HK,远见控股,93,-4.0,0.024,,,2024-11-07 21:30:04
20241107,港股市场,001339.HK,中国人民保险集团,93,4.66,4.27,,,2024-11-07 21:30:05
20241107,ETF基金,159828.SZ,医疗ETF,93,3.93,0.45,,,2024-11-07 21:30:06
20241107,ETF基金,159898.SZ,医疗器械指数ETF,93,3.13,0.561,,,2024-11-07 21:30:05
20241107,A股市场,603557.SH,ST起步,93,5.24,2.21,,,2024-11-07 21:30:05
20241107,美股市场,VIPS,唯品会,93,0.69,14.68,,,2024-11-07 21:30:06
20241107,A股市场,600606.SH,绿地控股,94,10.08,2.73,,,2024-11-07 21:30:06
20241107,港股市场,001303.HK,汇力资源,94,4.62,0.34,,,2024-11-07 21:30:04
20241107,港股市场,001316.HK,耐世特,94,4.45,3.05,,,2024-11-07 21:30:05
20241107,ETF基金,159612.SZ,标普500ETF,94,1.51,1.617,,,2024-11-07 21:30:06
20241107,ETF基金,516910.SH,物流ETF,94,2.05,1.095,,,2024-11-07 21:30:05
20241107,A股市场,300564.SZ,筑博设计,94,10.58,15.15,,,2024-11-07 21:30:05
20241107,美股市场,WMT,沃尔玛,94,-0.29,83.44,,,2024-11-07 21:30:06
20241107,A股市场,301633.SZ,N港迪,95,261.44,137.13,,,2024-11-07 21:30:06
20241107,港股市场,001712.HK,龙资源,95,2.67,1.54,,,2024-11-07 21:30:04
20241107,港股市场,000300.HK,美的集团,95,-1.2,70.05,,,2024-11-07 21:30:05
20241107,ETF基金,513360.SH,教育ETF,95,3.72,0.558,,,2024-11-07 21:30:06
20241107,ETF基金,512070.SH,证券保险ETF,95,8.14,0.943,,,2024-11-07 21:30:05
20241107,A股市场,605090.SH,九丰能源,95,6.86,29.6,,,2024-11-07 21:30:05
20241107,美股市场,UNH,联合健康,95,5.23,596.69,,,2024-11-07 21:30:06
20241107,A股市场,300044.SZ,赛为智能,96,10.22,7.66,,,2024-11-07 21:30:06
20241107,港股市场,080291.HK,华润啤酒-R,96,9.23,29.6,,,2024-11-07 21:30:04
20241107,港股市场,009696.HK,天齐锂业,96,-0.72,27.5,,,2024-11-07 21:30:05
20241107,ETF基金,512100.SH,中证1000ETF,96,1.88,2.605,,,2024-11-07 21:30:06
20241107,ETF基金,159993.SZ,证券ETF龙头,96,8.61,1.425,,,2024-11-07 21:30:05
20241107,A股市场,300571.SZ,平治信息,96,4.01,27.24,,,2024-11-07 21:30:05
20241107,美股市场,MNSO,名创优品,96,-3.27,18.35,,,2024-11-07 21:30:06
20241107,A股市场,603099.SH,长白山,97,9.99,44.81,,,2024-11-07 21:30:06
20241107,港股市场,001980.HK,天鸽互动,97,1.75,0.58,,,2024-11-07 21:30:04
20241107,港股市场,002429.HK,友宝在线,97,-1.24,4.76,,,2024-11-07 21:30:05
20241107,ETF基金,159637.SZ,新能源车龙头ETF,97,1.27,0.64,,,2024-11-07 21:30:06
20241107,ETF基金,516600.SH,消费服务ETF,97,3.63,0.628,,,2024-11-07 21:30:05
20241107,A股市场,603777.SH,来伊份,97,5.24,11.05,,,2024-11-07 21:30:05
20241107,美股市场,ADBE,奥多比,97,3.78,504.83,,,2024-11-07 21:30:06
20241107,A股市场,300015.SZ,爱尔眼科,98,8.91,16.5,,,2024-11-07 21:30:06
20241107,港股市场,000132.HK,兴业控股,98,4.05,0.385,,,2024-11-07 21:30:04
20241107,港股市场,001385.HK,上海复旦,98,4.12,17.2,,,2024-11-07 21:30:05
20241107,ETF基金,159825.SZ,农业ETF,98,2.37,0.735,,,2024-11-07 21:30:06
20241107,ETF基金,510600.SH,申万上证50ETF,98,3.57,3.595,,,2024-11-07 21:30:05
20241107,A股市场,300609.SZ,汇纳科技,98,7.73,33.18,,,2024-11-07 21:30:05
20241107,美股市场,DJCO,每日期刊,98,14.87,585.66,,,2024-11-07 21:30:06
20241107,A股市场,600010.SH,包钢股份,99,-1.39,2.13,,,2024-11-07 21:30:06
20241107,港股市场,000114.HK,HERALD HOLD,99,0.0,0.47,,,2024-11-07 21:30:04
20241107,港股市场,009660.HK,地平线机器人-W,99,-2.23,4.83,,,2024-11-07 21:30:05
20241107,ETF基金,516780.SH,稀土ETF,99,-0.26,1.14,,,2024-11-07 21:30:06
20241107,ETF基金,588330.SH,双创龙头ETF,99,2.86,0.612,,,2024-11-07 21:30:05
20241107,A股市场,301150.SZ,中一科技,99,7.69,24.38,,,2024-11-07 21:30:05
20241107,美股市场,AXP,美国运通,99,6.97,295.16,,,2024-11-07 21:30:06
20241107,A股市场,002693.SZ,双成药业,100,-1.79,27.98,,,2024-11-07 21:30:06
20241107,港股市场,008329.HK,海王英特龙,100,8.21,0.145,,,2024-11-07 21:30:04
20241107,港股市场,002357.HK,中航科工,100,-3.06,4.43,,,2024-11-07 21:30:05
20241107,ETF基金,515030.SH,新能源车ETF,100,2.03,1.307,,,2024-11-07 21:30:06
20241107,ETF基金,159541.SZ,创业板综ETF万家,100,3.08,1.204,,,2024-11-07 21:30:05
20241107,A股市场,603059.SH,倍加洁,100,7.51,24.2,,,2024-11-07 21:30:05
