trade_date,data_type,ts_code,ts_name,rank,pct_change,current_price,hot,concept,rank_time,rank_reason
20240102,港股,00700.HK,腾讯控股,1,0.95,0.0,570214.0,,2024-01-02 15:30:41,
20240102,热基,270023.OF,广发全球精选股票人民币(QDII),1,0.03,3.128,,,2024-01-02 15:30:42,
20240102,美股,FFIE,法拉第未来,1,-10.81,0.0,73860.0,,2024-01-02 15:30:41,
20240102,期货,EC2404,欧线集运2404,1,20.0,0.0,,,2024-01-02 15:30:43,
20240102,热股,002962.SZ,五方光电,1,-3.96,22.54,2332082.0,"[""MR（混合现实）"", ""共封装光学（CPO）""]",2024-01-02 15:30:01,
20240102,概念板块,885571.TI,核电,1,2.7,0.0,248512.5,,2024-01-02 15:30:43,
20240102,行业板块,881157.TI,证券,1,-1.26,0.0,359073.0,,2024-01-02 15:30:43,
20240102,港股,01810.HK,小米集团-W,2,-0.64,0.0,293055.0,,2024-01-02 15:30:41,
20240102,热基,004685.OF,金元顺安元启灵活配置混合,2,0.0,4.4114,,,2024-01-02 15:30:42,
20240102,美股,BABA,阿里巴巴,2,0.35,0.0,62011.0,,2024-01-02 15:30:41,
20240102,期货,FG2405,玻璃2405,2,-1.16,0.0,,,2024-01-02 15:30:43,
20240102,热股,002395.SZ,双象股份,2,9.98,22.15,1665318.0,"[""丙烯酸"", ""MR（混合现实）""]",2024-01-02 15:30:01,1、公司光学级PMMA材料可以用在VR 、MR等设备；光学PMMA是VR设备中导光板、背光模组必备的光学材料。公司是我国首家实现规模化量产高端光学级 PMMA 材料的内资企业，现有光学级 PMMA 材料产能 8 万吨/年。5月6日互动易回复，公司30万吨PMMA/MS新材料项目正在建设中。\n2、公司是国内唯一一家同时具备超细纤维超真皮革、PU合成革和PVC人造革产品生产能力的企业，主营业务为超细纤维超真皮革、PU合成革、PVC人造革的生产和销售，经营进料加工和“三来一补”业务。主要产品有超细纤维超真皮革、PU合成革、PVC人造革、PMMA、PMMA板材。
20240102,概念板块,886046.TI,MR（混合现实）,2,-1.55,0.0,226448.0,,2024-01-02 15:30:43,
20240102,行业板块,881105.TI,煤炭开采加工,2,3.51,0.0,226855.0,,2024-01-02 15:30:43,
20240102,港股,03690.HK,美团-W,3,-3.54,0.0,149141.0,,2024-01-02 15:30:41,
20240102,热基,000834.OF,大成纳斯达克100ETF联接(QDII)A,3,-0.1,4.05,,,2024-01-02 15:30:42,
20240102,美股,TSLA,特斯拉,3,-1.86,0.0,49109.0,,2024-01-02 15:30:41,
20240102,期货,SA2405,纯碱2405,3,-1.85,0.0,,,2024-01-02 15:30:43,
20240102,热股,603628.SH,清源股份,3,1.57,21.33,1586759.0,"[""光伏概念"", ""储能""]",2024-01-02 15:30:02,
20240102,概念板块,885531.TI,光伏概念,3,0.21,0.0,163330.5,,2024-01-02 15:30:43,
20240102,行业板块,881164.TI,传媒,3,-0.43,0.0,184592.5,,2024-01-02 15:30:43,
20240102,港股,09999.HK,网易-S,4,4.2,0.0,125661.0,,2024-01-02 15:30:41,
20240102,热基,006105.OF,宏利印度股票(QDII),4,0.4,1.3974,,,2024-01-02 15:30:42,
20240102,美股,PDD,拼多多,4,0.66,0.0,30021.0,,2024-01-02 15:30:41,
20240102,期货,LC2407,碳酸锂2407,4,,0.0,,,2024-01-02 15:30:43,
20240102,热股,002682.SZ,龙洲股份,4,-2.38,8.6,1350012.0,"[""网约车"", ""福建自贸区""]",2024-01-02 15:30:02,
20240102,概念板块,885914.TI,煤炭概念,4,2.3,0.0,139882.5,,2024-01-02 15:30:43,
20240102,行业板块,881120.TI,电力设备,4,-0.09,0.0,162165.5,,2024-01-02 15:30:43,
20240102,港股,01797.HK,东方甄选,5,-0.72,0.0,123094.0,,2024-01-02 15:30:41,
20240102,热基,040046.OF,华安纳斯达克100ETF联接(QDII)A,5,-0.1,5.232,,,2024-01-02 15:30:42,
20240102,美股,NVDA,英伟达,5,0.0,0.0,29589.0,,2024-01-02 15:30:41,
20240102,期货,MA2405,甲醇2405,5,-1.88,0.0,,,2024-01-02 15:30:43,
20240102,热股,002306.SZ,中科云网,5,-7.72,5.38,1300991.0,"[""BC电池"", ""TOPCON电池""]",2024-01-02 15:30:03,
20240102,概念板块,886063.TI,PEEK材料,5,1.6,0.0,106241.0,,2024-01-02 15:30:43,
20240102,行业板块,881134.TI,食品加工制造,5,0.6,0.0,155182.0,,2024-01-02 15:30:43,
20240102,港股,02015.HK,理想汽车-W,6,-5.23,0.0,120942.0,,2024-01-02 15:30:41,
20240102,热基,005698.OF,华夏全球科技先锋混合(QDII)(人民币),6,-0.13,1.3931,,,2024-01-02 15:30:42,
20240102,美股,AAPL,苹果,6,-0.54,0.0,23063.0,,2024-01-02 15:30:41,
20240102,期货,RB2405,螺纹钢2405,6,1.18,0.0,,,2024-01-02 15:30:43,
20240102,热股,002584.SZ,西陇科学,6,10.01,10.77,1268590.0,"[""重组蛋白"", ""消毒剂""]",2024-01-02 15:30:03,1、2022年9月30日互动易回复：公司生产的碘化钾产品包含碘化钾化学试剂和碘化钾原料药两种，碘化钾原料药目前为25kg/桶规格。\n2、23年9月初，永和阳光（嘉兴青石西陇股权投资基金（西陇科学持股95.14%）持股49.39%。）开发的阿尔茨海默症检测产品β淀粉样蛋白1-42（Aβ1-42）测定试剂盒获得了医疗器械注册证，这是国内首个用于阿尔兹海默病检测的化学发光试剂盒，目前仍是该领域独家品种。 \n3、23年12月28日互动：公司磷酸铁锂正极材料生产需要采购碳酸锂作为原材料之一。23年7月13日互动易回复：公司目前生产的产品包含光刻胶配套的试剂如剥离液、显影液、蚀刻液、清洗液等。 \n4、公司的主营业务为化学试剂的研发、生产、销售，部分化工原料贸易、原料药及食品添加剂生产及销售等业务。
20240102,概念板块,886052.TI,核污染防治,6,2.81,0.0,73905.0,,2024-01-02 15:30:43,
20240102,行业板块,881145.TI,电力,6,1.86,0.0,153144.5,,2024-01-02 15:30:43,
20240102,港股,09868.HK,小鹏汽车-W,7,-0.35,0.0,116592.0,,2024-01-02 15:30:41,
20240102,热基,001614.OF,东方区域发展混合,7,-0.01,1.3072,,,2024-01-02 15:30:42,
20240102,美股,NTES,网易,7,4.32,0.0,21588.0,,2024-01-02 15:30:41,
20240102,期货,SR2405,白糖2405,7,-0.32,0.0,,,2024-01-02 15:30:43,
20240102,热股,603178.SH,圣龙股份,7,3.0,47.74,973518.0,"[""华为汽车"", ""汽车热管理""]",2024-01-02 15:30:04,
20240102,概念板块,885829.TI,丙烯酸,7,4.19,0.0,61609.5,,2024-01-02 15:30:43,
20240102,行业板块,881160.TI,景点及旅游,7,2.0,0.0,129439.5,,2024-01-02 15:30:43,
20240102,港股,01942.HK,马可数字科技,8,3.73,0.0,88449.0,,2024-01-02 15:30:41,
20240102,热基,017519.OF,汇添富北证50成份指数A,8,0.0,1.0964,,,2024-01-02 15:30:42,
20240102,美股,LI,理想汽车,8,1.63,0.0,21033.0,,2024-01-02 15:30:41,
20240102,期货,RU2405,橡胶2405,8,0.74,0.0,,,2024-01-02 15:30:43,
20240102,热股,605179.SH,一鸣食品,8,5.68,15.64,972350.0,"[""乳业"", ""社区团购""]",2024-01-02 15:30:04,
20240102,概念板块,885733.TI,航运概念,8,2.99,0.0,42935.0,,2024-01-02 15:30:43,
20240102,行业板块,881148.TI,港口航运,8,2.75,0.0,118693.5,,2024-01-02 15:30:43,
20240102,港股,00981.HK,中芯国际,9,-2.52,0.0,80024.0,,2024-01-02 15:30:41,
20240102,热基,160213.OF,国泰纳斯达克100指数(QDII),9,-0.1,7.083,,,2024-01-02 15:30:42,
20240102,美股,NIO,蔚来,9,-3.82,0.0,20900.0,,2024-01-02 15:30:41,
20240102,期货,LH2403,生猪2403,9,0.91,0.0,,,2024-01-02 15:30:43,
20240102,热股,601166.SH,兴业银行,9,-8.51,14.83,968209.0,"[""海峡两岸"", ""跨境支付（CIPS）""]",2024-01-02 15:30:04,
20240102,概念板块,885700.TI,军工,9,0.67,0.0,39407.0,,2024-01-02 15:30:43,
20240102,行业板块,881122.TI,光学光电子,9,-0.1,0.0,109694.0,,2024-01-02 15:30:43,
20240102,港股,00493.HK,国美零售,10,-4.76,0.0,79835.0,,2024-01-02 15:30:41,
20240102,热基,210002.OF,金鹰红利价值混合A,10,-0.01,1.8294,,,2024-01-02 15:30:42,
20240102,美股,YANG,富时中国50三倍做空,10,-2.14,0.0,17138.0,,2024-01-02 15:30:41,
20240102,期货,FU2403,燃油2403,10,1.25,0.0,,,2024-01-02 15:30:43,
20240102,热股,002952.SZ,亚世光电,10,10.01,42.64,957339.0,"[""电子纸"", ""柔性屏""]",2024-01-02 15:30:05,1、11月23日互动：公司液晶光阀产品可应用于激光雷达、电焊面罩、影院3D投影、车载自动变光遮阳板及光学测距仪等众多领域。 \n2、公司的主营业务为定制化液晶显示器件的设计、研发、生产和销售。公司具备硅基OLED模组生产及设计能力。已实现交付的VR产品并非硅基OLED。\n3、22年9月6日公司在互动平台表示，公司非常重视电子纸产品市场，目前电子纸生产线为10条，并在逐步扩大生产规模以满足产品的市场供应，计划未来将达到20条生产线。 \n4、23年半年报显示：公司外销占比达86.94%。 \n5、深交所上周五晚间发布监管公告，当周对“亚世光电”“*ST左江”进行重点监控，共对9起上市公司重大事项进行核查。
20240102,概念板块,886050.TI,算力租赁,10,-1.37,0.0,36744.5,,2024-01-02 15:30:43,
20240102,行业板块,884188.TI,白酒,10,-2.59,0.0,108185.5,,2024-01-02 15:30:43,
20240102,港股,09988.HK,阿里巴巴-SW,11,-0.99,0.0,74558.0,,2024-01-02 15:30:41,
20240102,热基,012414.OF,招商中证白酒指数C,11,-0.01,0.9467,,,2024-01-02 15:30:42,
20240102,美股,XPEV,小鹏汽车,11,2.24,0.0,16404.0,,2024-01-02 15:30:41,
20240102,期货,V2405,PVC2405,11,0.24,0.0,,,2024-01-02 15:30:43,
20240102,热股,002915.SZ,中欣氟材,11,0.0,18.26,917953.0,"[""PEEK材料"", ""氟化工概念""]",2024-01-02 15:30:05,
20240102,概念板块,885951.TI,预制菜,11,1.11,0.0,34683.0,,2024-01-02 15:30:43,
20240102,行业板块,881121.TI,半导体及元件,11,-1.6,0.0,107111.5,,2024-01-02 15:30:43,
20240102,港股,02269.HK,药明生物,12,-2.87,0.0,73689.0,,2024-01-02 15:30:41,
20240102,热基,270042.OF,广发纳指100ETF联接人民币(QDII)A,12,-0.09,5.119,,,2024-01-02 15:30:42,
20240102,美股,JD,京东,12,1.33,0.0,15012.0,,2024-01-02 15:30:41,
20240102,期货,M2405,豆粕2405,12,-2.84,0.0,,,2024-01-02 15:30:43,
20240102,热股,002176.SZ,江特电机,12,0.37,13.55,904494.0,"[""稀缺资源"", ""锂电池""]",2024-01-02 15:30:05,
20240102,概念板块,885860.TI,中船系,12,1.82,0.0,34363.5,,2024-01-02 15:30:43,
20240102,行业板块,881155.TI,银行,12,-0.27,0.0,105281.5,,2024-01-02 15:30:43,
20240102,行业板块,881141.TI,中药,13,1.49,0.0,104955.0,,2024-01-02 15:30:43,
20240102,港股,06698.HK,星空华文,13,-6.87,0.0,71473.0,,2024-01-02 15:30:41,
20240102,热基,519185.OF,万家精选混合A,13,-0.01,1.7079,,,2024-01-02 15:30:42,
20240102,美股,SNTG,叁腾科技,13,182.49,0.0,12005.0,,2024-01-02 15:30:41,
20240102,期货,SP2405,纸浆2405,13,2.59,0.0,,,2024-01-02 15:30:43,
20240102,热股,300093.SZ,金刚光伏,13,2.08,30.49,886997.0,"[""HJT电池"", ""钙钛矿电池""]",2024-01-02 15:30:06,
20240102,概念板块,886033.TI,共封装光学（CPO）,13,-1.22,0.0,31148.0,,2024-01-02 15:30:43,
20240102,行业板块,881166.TI,国防军工,14,1.02,0.0,96927.5,,2024-01-02 15:30:43,
20240102,港股,02318.HK,中国平安,14,-3.96,0.0,65427.0,,2024-01-02 15:30:41,
20240102,热基,161725.OF,招商中证白酒指数A,14,-0.01,0.949,,,2024-01-02 15:30:42,
20240102,美股,EDU,新东方,14,3.74,0.0,11135.0,,2024-01-02 15:30:41,
20240102,期货,AO2402,氧化铝2402,14,7.97,0.0,,,2024-01-02 15:30:43,
20240102,热股,600506.SH,统一股份,14,-10.01,16.37,880830.0,"[""碳中和"", ""土地流转""]",2024-01-02 15:30:06,公司近期无消息面影响，今日跌停属于资金获利了结。
20240102,概念板块,885709.TI,虚拟现实,14,-0.62,0.0,30928.5,,2024-01-02 15:30:43,
20240102,行业板块,881153.TI,房地产开发,15,-0.77,0.0,95420.0,,2024-01-02 15:30:43,
20240102,港股,01918.HK,融创中国,15,-2.0,0.0,63920.0,,2024-01-02 15:30:41,
20240102,热基,017513.OF,广发北证50成份指数C,15,0.0,1.14,,,2024-01-02 15:30:42,
20240102,美股,YINN,富时中国3倍做多ETF,15,1.95,0.0,9347.0,,2024-01-02 15:30:41,
20240102,期货,C2405,玉米2405,15,0.04,0.0,,,2024-01-02 15:30:43,
20240102,热股,002578.SZ,闽发铝业,15,10.04,4.93,854359.0,"[""光伏概念"", ""宁德时代概念""]",2024-01-02 15:30:06,1、截至1月2日13电44分：上期所氧化铝主力合约触及涨停，涨幅7.97%，报3588元/吨。\n2、公司几年来一直做光伏支架和边框等配套产品，是公司的主要工业材产品之一。\n3、公司属于国有企业，最终控制人为上饶市国有资产监督管理委员会。公司的主营业务为建筑铝型材、工业铝型材和建筑铝模板的研发、生产、销售，主要产品为铝锭、铝棒、铝型材、铝模板。\n4、公司成立专门的事业部进行新能源汽车铝型材业务拓展，公司会加大新能源汽车铝型材业务的布局，目前公司新能源汽车铝型材供应量随着市场的需求逐步提升。目前，公司应用于新能源电池托盘和电池壳体的铝型材产品已经开始供货。
20240102,概念板块,886053.TI,BC电池,15,-1.71,0.0,30387.5,,2024-01-02 15:30:43,
20240102,行业板块,884222.TI,光伏设备,16,-1.28,0.0,88378.0,,2024-01-02 15:30:43,
20240102,港股,09880.HK,优必选,16,-1.76,0.0,58642.0,,2024-01-02 15:30:41,
20240102,热基,017512.OF,广发北证50成份指数A,16,0.0,1.1432,,,2024-01-02 15:30:42,
20240102,美股,BILI,哔哩哔哩,16,2.79,0.0,8116.0,,2024-01-02 15:30:41,
20240102,期货,I2405,铁矿石2405,16,2.93,0.0,,,2024-01-02 15:30:43,
20240102,热股,603536.SH,惠发食品,16,5.15,16.33,849152.0,"[""预制菜"", ""新零售""]",2024-01-02 15:30:07,
20240102,概念板块,885431.TI,新能源汽车,16,-0.14,0.0,27211.0,,2024-01-02 15:30:43,
20240102,行业板块,881167.TI,非金属材料,17,4.16,0.0,86874.5,,2024-01-02 15:30:43,
20240102,港股,02007.HK,碧桂园,17,-1.28,0.0,56518.0,,2024-01-02 15:30:41,
20240102,热基,002833.OF,华夏新锦绣混合A,17,0.0,1.8018,,,2024-01-02 15:30:42,
20240102,美股,MSFT,微软,17,0.2,0.0,8080.0,,2024-01-02 15:30:41,
20240102,期货,SC2402,原油2402,17,0.58,0.0,,,2024-01-02 15:30:43,
20240102,热股,600630.SH,龙头股份,17,-5.1,13.95,845285.0,"[""网红经济"", ""物业管理""]",2024-01-02 15:30:07,
20240102,概念板块,885800.TI,消费电子概念,17,-1.04,0.0,25752.5,,2024-01-02 15:30:43,
20240102,行业板块,881126.TI,汽车零部件,18,0.32,0.0,86535.0,,2024-01-02 15:30:43,
20240102,港股,00020.HK,商汤-W,18,0.0,0.0,56179.0,,2024-01-02 15:30:41,
20240102,热基,164824.OF,工银印度基金人民币,18,0.53,1.4216,,,2024-01-02 15:30:42,
20240102,美股,BIDU,百度,18,1.08,0.0,7701.0,,2024-01-02 15:30:41,
20240102,期货,CF2405,棉花2405,18,0.32,0.0,,,2024-01-02 15:30:43,
20240102,热股,601127.SH,赛力斯,18,-3.74,73.35,809367.0,"[""华为汽车"", ""车联网""]",2024-01-02 15:30:08,
20240102,概念板块,885573.TI,猪肉,18,0.04,0.0,23903.5,,2024-01-02 15:30:43,
20240102,行业板块,881124.TI,消费电子,19,-0.71,0.0,83689.0,,2024-01-02 15:30:43,
20240102,港股,09626.HK,哔哩哔哩-W,19,0.37,0.0,52531.0,,2024-01-02 15:30:41,
20240102,热基,001167.OF,金鹰科技创新股票A,19,-0.01,1.2789,,,2024-01-02 15:30:42,
20240102,美股,TAL,好未来,19,7.03,0.0,6095.0,,2024-01-02 15:30:41,
20240102,期货,UR2405,尿素2405,19,1.04,0.0,,,2024-01-02 15:30:43,
20240102,热股,603004.SH,鼎龙科技,19,2.97,37.07,784002.0,"[""专精特新"", ""人民币贬值受益""]",2024-01-02 15:30:08,
20240102,概念板块,885710.TI,锂电池,19,-0.16,0.0,22944.0,,2024-01-02 15:30:43,
20240102,行业板块,881163.TI,计算机应用,20,-0.9,0.0,82215.5,,2024-01-02 15:30:43,
20240102,港股,01880.HK,中国中免,20,-5.02,0.0,51332.0,,2024-01-02 15:30:41,
20240102,热基,110020.OF,易方达沪深300ETF联接A,20,0.0,1.3339,,,2024-01-02 15:30:42,
20240102,美股,QQQ,纳斯达克100指数ETF,20,-0.43,0.0,5541.0,,2024-01-02 15:30:41,
20240102,期货,SH2405,烧碱2405,20,0.39,0.0,,,2024-01-02 15:30:43,
20240102,热股,002783.SZ,凯龙股份,20,-2.5,11.3,762053.0,"[""民爆概念"", ""光伏概念""]",2024-01-02 15:30:09,
20240102,概念板块,886021.TI,国企改革,20,0.62,0.0,20782.5,,2024-01-02 15:30:43,
20240102,港股,00175.HK,吉利汽车,21,-2.79,0.0,50730.0,,2024-01-02 15:30:41,
20240102,热基,006479.OF,广发纳指100ETF联接人民币(QDII)C,21,-0.09,5.0557,,,2024-01-02 15:30:42,
20240102,美股,YY,欢聚,21,0.81,0.0,5381.0,,2024-01-02 15:30:41,
20240102,热股,002786.SZ,银宝山新,21,-4.11,15.4,732480.0,"[""天津自贸区"", ""华为汽车""]",2024-01-02 15:30:09,
20240102,港股,02359.HK,药明康德,22,-5.66,0.0,49334.0,,2024-01-02 15:30:41,
20240102,热基,008163.OF,南方标普中国A股大盘红利低波50ETF联接A,22,-0.03,1.1482,,,2024-01-02 15:30:42,
20240102,美股,BRK.A,伯克希尔哈撒韦 A,22,-0.44,0.0,5182.0,,2024-01-02 15:30:41,
20240102,热股,300264.SZ,佳创视讯,22,4.63,8.59,723022.0,"[""云游戏"", ""Web3.0""]",2024-01-02 15:30:09,
20240102,港股,01024.HK,快手-W,23,-2.08,0.0,48140.0,,2024-01-02 15:30:41,
20240102,热基,017525.OF,华夏北证50成份指数A,23,0.0,1.1015,,,2024-01-02 15:30:42,
20240102,美股,PGJ,金龙中国指数ETF,23,1.13,0.0,5142.0,,2024-01-02 15:30:41,
20240102,热股,002238.SZ,天威视讯,23,-9.92,13.99,703787.0,"[""深圳国企改革"", ""短剧游戏""]",2024-01-02 15:30:10,今日跌停属于资金获利了结。
20240102,港股,01211.HK,比亚迪股份,24,-2.24,0.0,41544.0,,2024-01-02 15:30:41,
20240102,热基,014283.OF,华夏北交所创新中小企业精选两年定开混合发起式,24,-0.01,1.0488,,,2024-01-02 15:30:42,
20240102,美股,NDAQ,纳斯达克,24,-0.17,0.0,4584.0,,2024-01-02 15:30:41,
20240102,热股,000705.SZ,浙江震元,24,0.09,10.9,682783.0,"[""阿尔茨海默概念"", ""流感""]",2024-01-02 15:30:10,
20240102,港股,09866.HK,蔚来-SW,25,-6.45,0.0,40780.0,,2024-01-02 15:30:41,
20240102,热基,166301.OF,华商新趋势优选灵活配置混合,25,-0.01,8.902,,,2024-01-02 15:30:42,
20240102,美股,KO,可口可乐,25,0.31,0.0,4524.0,,2024-01-02 15:30:41,
20240102,热股,601012.SH,隆基绿能,25,-3.06,22.2,680631.0,"[""BC电池"", ""HJT电池""]",2024-01-02 15:30:11,
20240102,港股,09888.HK,百度集团-SW,26,-0.6,0.0,39853.0,,2024-01-02 15:30:41,
20240102,热基,017204.OF,华宝海外科技股票(QDII-LOF)C,26,0.02,1.3822,,,2024-01-02 15:30:42,
20240102,美股,SXTC,苏轩堂,26,97.51,0.0,4485.0,,2024-01-02 15:30:41,
20240102,热股,600178.SH,东安动力,26,-2.9,14.4,649714.0,"[""长安汽车概念"", ""黑龙江自贸区""]",2024-01-02 15:30:11,
20240102,港股,00553.HK,南京熊猫电子股份,27,-1.73,0.0,39107.0,,2024-01-02 15:30:41,
20240102,热基,050025.OF,博时标普500ETF联接(QDII)A,27,0.0,3.7545,,,2024-01-02 15:30:42,
20240102,美股,META,Meta,27,-1.22,0.0,4424.0,,2024-01-02 15:30:41,
20240102,热股,002241.SZ,歌尔股份,27,-1.24,20.75,620148.0,"[""MR（混合现实）"", ""消费电子概念""]",2024-01-02 15:30:12,
20240102,港股,01347.HK,华虹半导体,28,-2.33,0.0,38961.0,,2024-01-02 15:30:41,
20240102,热基,001375.OF,金元顺安优质精选灵活配置混合C,28,-0.01,1.7819,,,2024-01-02 15:30:42,
20240102,美股,AMZN,亚马逊,28,-0.94,0.0,4409.0,,2024-01-02 15:30:41,
20240102,热股,300269.SZ,联建光电,28,16.85,6.45,614761.0,"[""MicroLED概念"", ""MiniLED""]",2024-01-02 15:30:12,
20240102,港股,09618.HK,京东集团-SW,29,-2.67,0.0,37754.0,,2024-01-02 15:30:41,
20240102,热基,012728.OF,国泰中证动漫游戏ETF联接A,29,0.0,1.1076,,,2024-01-02 15:30:42,
20240102,美股,EH,亿航智能,29,-1.52,0.0,4396.0,,2024-01-02 15:30:41,
20240102,热股,301566.SZ,达利凯普,29,5.93,30.71,614104.0,"[""注册制次新股"", ""新股与次新股""]",2024-01-02 15:30:12,
20240102,港股,00708.HK,恒大汽车,30,-12.75,0.0,37508.0,,2024-01-02 15:30:41,
20240102,热基,018112.OF,工银北证50成份指数A,30,-0.01,1.2421,,,2024-01-02 15:30:42,
20240102,美股,TSM,台积电,30,-0.67,0.0,4199.0,,2024-01-02 15:30:41,
20240102,热股,601096.SH,宏盛华源,30,-4.64,5.34,574179.0,"[""装配式建筑"", ""注册制次新股""]",2024-01-02 15:30:13,
20240102,港股,02331.HK,李宁,31,-6.12,0.0,36751.0,,2024-01-02 15:30:41,
20240102,热基,000979.OF,景顺长城沪港深精选股票,31,0.0,1.912,,,2024-01-02 15:30:42,
20240102,美股,AMD,美国超微,31,-0.91,0.0,4054.0,,2024-01-02 15:30:41,
20240102,热股,003015.SZ,日久光电,31,4.42,12.28,550430.0,"[""消费电子概念"", ""柔性屏""]",2024-01-02 15:30:13,
20240102,港股,09898.HK,微博-SW,32,-2.51,0.0,36513.0,,2024-01-02 15:30:41,
20240102,热基,001230.OF,鹏华医药科技A,32,0.0,1.177,,,2024-01-02 15:30:42,
20240102,美股,HYW,海银控股,32,0.0,0.0,3946.0,,2024-01-02 15:30:41,
20240102,热股,300364.SZ,中文在线,32,1.63,26.15,547728.0,"[""短剧游戏"", ""快手概念""]",2024-01-02 15:30:14,
20240102,港股,01357.HK,美图公司,33,2.78,0.0,35726.0,,2024-01-02 15:30:41,
20240102,热基,100032.OF,富国中证红利指数增强A,33,-0.1,0.971,,,2024-01-02 15:30:42,
20240102,美股,DOYU,斗鱼,33,6.5,0.0,3911.0,,2024-01-02 15:30:41,
20240102,热股,603396.SH,金辰股份,33,10.01,60.12,545365.0,"[""HJT电池"", ""TOPCON电池""]",2024-01-02 15:30:14,"1、公司主营业务是高端智能装备的研发设计、制造和销售,面向光伏高效电池及高效组件制造、智慧港口等领域提供智能制造解决方案。\n2、23年8月1日互动：公司TOPCon电池设备已与伊特纳能源科技（淮北）有限公司等客户签订销售合同，金辰智能制造华东基地主要产品方案为光伏组件自动化生产线和光伏电池自动化设备。\n3、子公司佳氢智能，主要定位于制氢装备自动化生产线，为公司自动化设备在制氢装备相关领域的拓展奠定基础。"
20240102,港股,02382.HK,舜宇光学科技,34,-4.66,0.0,35380.0,,2024-01-02 15:30:41,
20240102,热基,006195.OF,国金量化多因子A,34,0.0,2.0953,,,2024-01-02 15:30:42,
20240102,美股,KWEB,中证海外中国互联网,34,1.35,0.0,3867.0,,2024-01-02 15:30:41,
20240102,热股,000625.SZ,长安汽车,34,-3.51,16.24,508011.0,"[""长安汽车概念"", ""华为汽车""]",2024-01-02 15:30:15,
20240102,港股,02202.HK,万科企业,35,-4.29,0.0,35224.0,,2024-01-02 15:30:41,
20240102,热基,014978.OF,华安纳斯达克100ETF联接(QDII)C,35,-0.1,5.152,,,2024-01-02 15:30:42,
20240102,美股,XOP,石油天然气勘探开发,35,-0.88,0.0,3734.0,,2024-01-02 15:30:41,
20240102,热股,603280.SH,南方路机,35,2.84,27.5,492113.0,"[""新型城镇化"", ""中俄贸易概念""]",2024-01-02 15:30:15,
20240102,港股,00763.HK,中兴通讯,36,-4.01,0.0,34609.0,,2024-01-02 15:30:41,
20240102,热基,008763.OF,天弘越南市场A,36,1.03,1.3352,,,2024-01-02 15:30:42,
20240102,美股,NVO,诺和诺德,36,-0.02,0.0,3595.0,,2024-01-02 15:30:41,
20240102,热股,300799.SZ,*ST左江,36,7.92,31.08,481969.0,"[""东数西算（算力）"", ""网络安全""]",2024-01-02 15:30:15,
20240102,港股,09961.HK,携程集团-S,37,0.94,0.0,33258.0,,2024-01-02 15:30:41,
20240102,热基,012769.OF,华夏中证动漫游戏ETF发起式联接C,37,0.0,1.086,,,2024-01-02 15:30:42,
20240102,美股,GEM,新兴市场股票指数ETF,37,0.13,0.0,3080.0,,2024-01-02 15:30:41,
20240102,热股,603530.SH,神马电力,37,9.98,22.81,468718.0,"[""柔性直流输电"", ""智能电网""]",2024-01-02 15:30:16,1、公司主要从事电力系统变电站复合外绝缘、输配电线路复合外绝缘和橡胶密封件等产品的研发、生产与销售。公司变电站复合外绝缘产品主要包括变电站复合绝缘子(空心复合绝缘子、支柱复合绝缘子)、变压器复合套管、开关复合套管等；输配电线路复合外绝缘产品主要包括线路复合绝缘子和复合横担(输电塔复合横担和配电网复合横担)。\n2、公司研发出了使用在不同环境，具有不同性能要求的密封件产品，包含：丁腈橡胶，丙烯酸酯橡胶，三元乙丙橡胶，氟橡胶，氟硅橡胶等。除此以外，近几年公司还研制出了氢化丁腈橡胶，NP橡胶和丁基橡胶等，满足客户的定制化需求。
20240102,港股,03333.HK,中国恒大,38,-6.38,0.0,32595.0,,2024-01-02 15:30:41,
20240102,热基,007280.OF,摩根日本精选股票(QDII)A,38,0.53,1.5453,,,2024-01-02 15:30:42,
20240102,美股,GME,游戏驿站,38,-2.99,0.0,3040.0,,2024-01-02 15:30:41,
20240102,热股,603729.SH,龙韵股份,38,-4.01,31.85,456197.0,"[""文化传媒"", ""抖音概念""]",2024-01-02 15:30:16,
20240102,港股,00992.HK,联想集团,39,1.28,0.0,31780.0,,2024-01-02 15:30:41,
20240102,热基,012768.OF,华夏中证动漫游戏ETF发起式联接A,39,0.0,1.0935,,,2024-01-02 15:30:42,
20240102,美股,ZJYL,中进医疗,39,42.56,0.0,3006.0,,2024-01-02 15:30:41,
20240102,热股,600610.SH,中毅达,39,1.28,9.51,454453.0,"[""磷化工"", ""国企改革""]",2024-01-02 15:30:17,
20240102,港股,03759.HK,康龙化成,40,-3.03,0.0,30815.0,,2024-01-02 15:30:41,
20240102,热基,002236.OF,大成中证360互联网+大数据100指数A,40,0.0,2.195,,,2024-01-02 15:30:42,
20240102,美股,CGA,中国绿色农业,40,59.47,0.0,2985.0,,2024-01-02 15:30:41,
20240102,热股,300812.SZ,易天股份,40,4.54,43.48,449674.0,"[""MR（混合现实）"", ""MicroLED概念""]",2024-01-02 15:30:17,
20240102,热股,300750.SZ,宁德时代,41,-3.94,156.83,448871.0,"[""钠离子电池"", ""动力电池回收""]",2024-01-02 15:30:17,
20240102,港股,09885.HK,药师帮,41,1.82,0.0,29444.0,,2024-01-02 15:30:41,
20240102,热基,000218.OF,国泰黄金ETF联接A,41,0.0,1.7665,,,2024-01-02 15:30:42,
20240102,美股,YHGJ,运鸿绿色CTI,41,0.8,0.0,2958.0,,2024-01-02 15:30:41,
20240102,热股,603168.SH,莎普爱思,42,-4.25,12.84,443617.0,"[""眼科医疗"", ""生物医药""]",2024-01-02 15:30:17,
20240102,港股,09901.HK,新东方-S,42,5.7,0.0,29354.0,,2024-01-02 15:30:41,
20240102,热基,001917.OF,招商量化精选股票A,42,-0.01,2.1877,,,2024-01-02 15:30:42,
20240102,美股,BGNE,百济神州,42,0.49,0.0,2839.0,,2024-01-02 15:30:41,
20240102,热股,001339.SZ,智微智能,43,-5.24,32.58,441932.0,"[""机器视觉"", ""安防""]",2024-01-02 15:30:18,
20240102,港股,01468.HK,京基金融国际,43,-18.0,0.0,29214.0,,2024-01-02 15:30:41,
20240102,热基,017517.OF,招商北证50成份指数发起式A,43,-0.01,1.1574,,,2024-01-02 15:30:42,
20240102,美股,ZH,知乎,43,-1.16,0.0,2825.0,,2024-01-02 15:30:41,
20240102,热股,002660.SZ,茂硕电源,44,10.02,13.62,440052.0,"[""柔性屏"", ""节能照明""]",2024-01-02 15:30:18,1、公司属于国有企业，最终控制人为济南市人民政府国有资产监督管理委员会。主营业务是消费电子电源和LED电源。主要的产品为SPS开关电源、LED驱动电源、光伏逆变器、光伏发电等。\n2、5月7日互动易回复：公司新设的润硕科技有限公司主要业务包含储能、逆变器业务，公司发挥现有业务协同效应，进一步优化现有产品结构，进行产业链延伸，打造业内领先的储能、逆变器产品。\n3、全资子公司深圳茂硕新能源技术研究院接控股7号网，七号网是一个知识产权在线交易平台，围绕知识产权交易链条，汇聚全球资源，提供线上线下全方位、分层次、一站式的知识产权交易、管理等创新服务。
20240102,港股,01766.HK,中国中车,44,-0.29,0.0,27854.0,,2024-01-02 15:30:41,
20240102,热基,005827.OF,易方达蓝筹精选混合,44,-0.01,1.7135,,,2024-01-02 15:30:42,
20240102,美股,TQQQ,纳斯达克100三倍做多,44,-1.38,0.0,2815.0,,2024-01-02 15:30:41,
20240102,热股,001318.SZ,阳光乳业,45,2.9,15.27,416027.0,"[""乳业"", ""新零售""]",2024-01-02 15:30:18,
20240102,港股,03968.HK,招商银行,45,-2.21,0.0,27446.0,,2024-01-02 15:30:41,
20240102,热基,001668.OF,汇添富全球互联混合(QDII)A,45,0.17,2.986,,,2024-01-02 15:30:42,
20240102,美股,GOOGL,谷歌A,45,-0.39,0.0,2808.0,,2024-01-02 15:30:41,
20240102,热股,603779.SH,威龙股份,46,-9.85,9.88,409772.0,"[""新零售"", ""白酒概念""]",2024-01-02 15:30:19,
20240102,港股,06618.HK,京东健康,46,-2.56,0.0,27403.0,,2024-01-02 15:30:41,
20240102,热基,017091.OF,景顺长城纳斯达克科技ETF联接(QDII)A人民币,46,-0.02,1.4687,,,2024-01-02 15:30:42,
20240102,美股,COIN,Coinbase Global,46,-6.68,0.0,2751.0,,2024-01-02 15:30:41,
20240102,热股,002587.SZ,奥拓电子,47,-5.48,8.1,405678.0,"[""MR（混合现实）"", ""虚拟现实""]",2024-01-02 15:30:19,
20240102,港股,00960.HK,龙湖集团,47,-7.36,0.0,26436.0,,2024-01-02 15:30:41,
20240102,美股,INTC,英特尔,47,-0.28,0.0,2597.0,,2024-01-02 15:30:41,
20240102,热股,002632.SZ,道明光学,48,10.02,10.87,404705.0,"[""柔性屏"", ""节能照明""]",2024-01-02 15:30:19,1、公司的主营业务为公共安全防护材料、功能薄膜新材料、微纳光学显示材料及超精密模具及光学器件加工。主要产品包括反光膜、反光布、铝塑膜、PC/PMMA复合板材、石墨烯散热膜、LCD用多功能复合型增亮膜卷材、光学膜片材。\n2、公司以3000万元增资南京迈得特光学有限公司，获其34%的股权。迈得特产品主要应用于激光发射设备、虚拟现实（VR）和增强现实（AR）头盔、战斗头盔、安防监控设备、人脸识别设备、生物医疗设备等多个高端领域的终端产品。\n3、 根据道明光学官微，道明超导石墨烯散热片已成功在努比亚红魔8S Pro、8/8pro/8pro+、Z50型号手机、OPPO Find N3 Flip、华为手表watch4 Pro及Robo & Kala、联想等品牌产品应用。\n4、 公司铝塑膜主要应用于手机、电脑、充电宝等相关消费电子产品、储能、新能源汽车及车载驱动用的高能量密度、高安全性软包锂离子电池的封装。
20240102,港股,09669.HK,北森控股,48,2.91,0.0,26276.0,,2024-01-02 15:30:41,
20240102,热基,090019.OF,大成景恒混合A,48,0.0,2.381,,,2024-01-02 15:30:42,
20240102,美股,GOTU,高途,48,1.4,0.0,2486.0,,2024-01-02 15:30:41,
20240102,热股,603003.SH,龙宇股份,49,-5.87,13.0,397208.0,"[""算力租赁"", ""东数西算（算力）""]",2024-01-02 15:30:20,
20240102,港股,01919.HK,中远海控,49,1.15,0.0,25197.0,,2024-01-02 15:30:41,
20240102,热基,161024.OF,富国中证军工指数A,49,-0.1,0.952,,,2024-01-02 15:30:42,
20240102,美股,QCOM,高通,49,-0.84,0.0,2457.0,,2024-01-02 15:30:41,
20240102,热股,300556.SZ,丝路视觉,50,-7.65,34.03,397063.0,"[""MR（混合现实）"", ""空间计算""]",2024-01-02 15:30:20,
20240102,港股,09863.HK,零跑汽车,50,-4.76,0.0,25167.0,,2024-01-02 15:30:41,
20240102,热基,000043.OF,嘉实美国成长股票(QDII),50,-0.11,3.745,,,2024-01-02 15:30:42,
20240102,美股,LLY,礼来,50,0.36,0.0,2445.0,,2024-01-02 15:30:41,
20240102,热股,002512.SZ,达华智能,51,-2.21,6.19,390792.0,"[""鸿蒙概念"", ""6G概念""]",2024-01-02 15:30:20,
20240102,热基,620007.OF,金元顺安优质精选灵活配置混合A,51,-0.01,1.7833,,,2024-01-02 15:30:42,
20240102,热股,001300.SZ,三柏硕,52,2.37,20.76,385320.0,"[""足球概念"", ""跨境电商""]",2024-01-02 15:30:21,
20240102,热基,290012.OF,泰信行业精选混合A,52,0.0,1.828,,,2024-01-02 15:30:42,
20240102,热股,002771.SZ,真视通,53,-3.83,27.39,380118.0,"[""算力租赁"", ""时空大数据""]",2024-01-02 15:30:21,
20240102,热基,004890.OF,中邮健康文娱灵活配置混合,53,-0.01,1.8953,,,2024-01-02 15:30:42,
20240102,热股,002639.SZ,雪人股份,54,7.73,8.08,377657.0,"[""氢能源"", ""燃料电池""]",2024-01-02 15:30:22,
20240102,热股,002561.SZ,徐家汇,55,2.52,10.97,377231.0,"[""社区团购"", ""新零售""]",2024-01-02 15:30:22,
20240102,热基,001965.OF,圆信永丰兴源A,55,-0.01,1.8711,,,2024-01-02 15:30:42,
20240102,热股,603212.SH,赛伍技术,56,1.73,17.67,376176.0,"[""HJT电池"", ""BC电池""]",2024-01-02 15:30:22,
20240102,热基,003359.OF,大成中证360互联网+大数据100指数C,56,0.0,2.109,,,2024-01-02 15:30:42,
20240102,热股,605118.SH,力鼎光电,57,10.0,26.61,374990.0,"[""消费电子概念"", ""富士康概念""]",2024-01-02 15:30:23,1、公司自成立起专注于光学镜头产业，拥有设计、生产、销售完整的业务体系和丰富的行业经验，能够为安防视频监控、车载镜头、机器视觉、智能家居、视讯会议、无人机、VR/AR设备、运动DV、动作捕捉、3D Sensing、计算机视觉等下游应用领域客户提供专业的光学成像解决方案和高品质的光学镜头产品。\n2、公司光学镜头产品主要出口至中国香港、中国台湾、日本、韩国、欧盟、美国、加拿大、泰国等国家和地区。公司半年报显示，公司境外收入占比达81.31%。
20240102,热基,006075.OF,博时标普500联接C,57,-0.01,3.6694,,,2024-01-02 15:30:42,
20240102,热股,301236.SZ,软通动力,58,0.65,46.5,367887.0,"[""华为昇腾"", ""华为欧拉""]",2024-01-02 15:30:23,
20240102,热基,260112.OF,景顺长城能源基建混合A,58,0.0,2.16,,,2024-01-02 15:30:42,
20240102,热股,002456.SZ,欧菲光,59,-1.95,8.54,362967.0,"[""星闪概念"", ""毫米波雷达""]",2024-01-02 15:30:23,
20240102,热基,519212.OF,万家宏观择时多策略A,59,-0.01,2.3202,,,2024-01-02 15:30:42,
20240102,热股,300672.SZ,国科微,60,11.4,65.66,358948.0,"[""汽车芯片"", ""国家大基金持股""]",2024-01-02 15:30:24,
20240102,热基,001593.OF,天弘创业板ETF联接C,60,0.0,0.7594,,,2024-01-02 15:30:42,
20240102,热股,002855.SZ,捷荣技术,61,-2.95,36.5,356270.0,"[""智能家居"", ""智能制造""]",2024-01-02 15:30:24,
20240102,热基,002170.OF,东吴移动互联C,61,-0.01,2.4006,,,2024-01-02 15:30:42,
20240102,热股,001314.SZ,亿道信息,62,-4.8,68.48,354811.0,"[""MR（混合现实）"", ""空间计算""]",2024-01-02 15:30:25,
20240102,热基,016563.OF,金鹰红利价值混合C,62,-0.01,1.8175,,,2024-01-02 15:30:42,
20240102,热股,002031.SZ,巨轮智能,63,-0.24,4.13,347928.0,"[""减速器"", ""工业母机""]",2024-01-02 15:30:25,
20240102,热基,001322.OF,东吴新趋势价值线混合,63,0.0,1.3468,,,2024-01-02 15:30:42,
20240102,热股,002164.SZ,宁波东力,64,3.7,7.0,343668.0,"[""减速器"", ""风电""]",2024-01-02 15:30:25,
20240102,热基,016532.OF,嘉实纳斯达克100ETF发起联接(QDII)A人民币,64,-0.1,1.4048,,,2024-01-02 15:30:42,
20240102,热股,600775.SH,南京熊猫,65,-3.47,12.79,340969.0,"[""脑机接口"", ""卫星导航""]",2024-01-02 15:30:26,
20240102,热基,400015.OF,东方新能源汽车主题混合,65,-0.01,1.9833,,,2024-01-02 15:30:42,
20240102,热股,002323.SZ,雅博股份,66,-2.88,2.36,337999.0,"[""HJT电池"", ""光伏建筑一体化""]",2024-01-02 15:30:26,
20240102,热基,008888.OF,华夏国证半导体芯片ETF联接C,66,-0.01,0.843,,,2024-01-02 15:30:42,
20240102,热股,600468.SH,百利电气,67,0.15,6.71,330076.0,"[""超导概念"", ""柔性直流输电""]",2024-01-02 15:30:27,
20240102,热基,004997.OF,广发高端制造股票A,67,-0.01,1.5275,,,2024-01-02 15:30:42,
20240102,热股,301526.SZ,国际复材,68,-4.52,5.28,327657.0,"[""风电"", ""国企改革""]",2024-01-02 15:30:27,
20240102,热基,004753.OF,广发中证传媒ETF联接C,68,0.0,0.7333,,,2024-01-02 15:30:42,
20240102,热股,300172.SZ,中电环保,69,12.85,6.06,326869.0,"[""土壤修复"", ""PM2.5""]",2024-01-02 15:30:27,
20240102,热基,017515.OF,易方达北证50成份指数A,69,0.0,1.0748,,,2024-01-02 15:30:42,
20240102,热股,301076.SZ,新瀚新材,70,7.99,36.63,322183.0,"[""PEEK材料"", ""专精特新""]",2024-01-02 15:30:28,
20240102,热基,014162.OF,万家人工智能混合C,70,-0.01,1.8593,,,2024-01-02 15:30:42,
20240102,热股,002903.SZ,宇环数控,71,-0.31,25.47,311709.0,"[""工业母机"", ""新型工业化""]",2024-01-02 15:30:28,
20240102,热股,603333.SH,尚纬股份,72,9.98,6.28,307679.0,"[""特高压"", ""光伏概念""]",2024-01-02 15:30:28,1、公司是集高端特种电缆产品的研发、生产、销售和服务于一体的国家高新技术企业。公司主要产品包括核电站用电缆、轨道交通用电缆、中压交联电缆、高压电力电缆、太阳能光伏发电用电缆、矿用电缆、船用电缆、风力发电用电缆、军工航天航空用电缆、海上石油平台用电缆等，并被广泛应用于核电、轨道交通、国网电力、光电、风电、化工、石油石化等诸多领域。\n2、在核电领域，尚纬股份提供核电站用核级电缆、常规岛电缆、控制电缆等系列产品，是国内少数能够提供核级电缆的制造商之一。\n3、公司与海螺创业于2022年1月共同出资设立合资公司海创尚纬，运营年产20万吨动力储能电池负极材料一体化项目的首期4万吨项目，预计投资金额为16亿元。同年5月，首期4万吨负极材料暨配套基础设施项目开工兴建。\n4、公司产品服务于黄河水电公司300MW光伏发电项目、肃州光伏发电项目、芮城西陌光伏发电示范项目等光伏项目建设。
20240102,热基,519191.OF,万家新利,72,-0.01,1.8492,,,2024-01-02 15:30:42,
20240102,热股,000595.SZ,宝塔实业,73,10.04,5.7,303513.0,"[""国产航母"", ""机器人概念""]",2024-01-02 15:30:29,1、公司属于国有企业，最终控制人为宁夏回族自治区人民政府。公司从事的主要业务为轴承、船舶电器及汽车前轴的生产与销售。\n2、2月13日互动易回复：公司全资子公司宁夏西北轴承装备制造有限公司承接业务涉及机器人立柱、行走轴加工业务。7月10日互动易回复：公司差速器轴承和减速器轴承与国内部分重载汽车企业、减速器制造商有业务合作。\n3、9月22日互动：公司光伏支架业务非公司当前核心业务，目前业务正常开展。
20240102,热基,162719.OF,广发道琼斯石油指数人民币(QDII-LOF)A,73,-1.69,2.2822,,,2024-01-02 15:30:42,
20240102,热股,002862.SZ,实丰文化,74,-1.37,20.83,298023.0,"[""NFT概念"", ""手机游戏""]",2024-01-02 15:30:29,
20240102,热基,015245.OF,南华丰汇混合,74,0.0,1.2588,,,2024-01-02 15:30:42,
20240102,热股,603392.SH,万泰生物,75,2.82,77.25,297700.0,"[""猴痘概念"", ""抗原检测""]",2024-01-02 15:30:30,
20240102,热基,000369.OF,广发全球医疗保健(QDII)A(人民币),75,0.31,2.239,,,2024-01-02 15:30:42,
20240102,热股,605056.SH,咸亨国际,76,5.32,16.42,295262.0,"[""机器人概念"", ""核电""]",2024-01-02 15:30:30,
20240102,热基,010709.OF,安信医药健康股票A,76,-0.01,1.2167,,,2024-01-02 15:30:42,
20240102,热股,000536.SZ,华映科技,77,-4.09,3.75,292592.0,"[""消费电子概念"", ""福建自贸区""]",2024-01-02 15:30:30,
20240102,热基,008115.OF,天弘中证红利低波动100ETF联接C,77,0.0,1.4586,,,2024-01-02 15:30:42,
20240102,热股,000858.SZ,五粮液,78,-3.07,136.0,289850.0,"[""白酒概念"", ""超级品牌""]",2024-01-02 15:30:31,
20240102,热基,012320.OF,东财消费电子指数增强C,78,-0.01,0.6902,,,2024-01-02 15:30:42,
20240102,热股,002442.SZ,龙星化工,79,-3.06,6.66,285117.0,"[""煤化工"", ""智能制造""]",2024-01-02 15:30:31,
20240102,热基,210009.OF,金鹰核心资源混合A,79,-0.01,1.7582,,,2024-01-02 15:30:42,
20240102,热股,000628.SZ,高新发展,80,0.02,49.69,284580.0,"[""算力租赁"", ""华为昇腾""]",2024-01-02 15:30:31,
20240102,热股,002888.SZ,惠威科技,81,-7.37,23.25,283078.0,"[""智能音箱"", ""无线耳机""]",2024-01-02 15:30:32,
20240102,热基,005125.OF,红利基金C,81,-0.01,1.4251,,,2024-01-02 15:30:42,
20240102,热股,300045.SZ,华力创通,82,-5.14,23.08,277194.0,"[""6G概念"", ""毫米波雷达""]",2024-01-02 15:30:33,
20240102,热股,605167.SH,利柏特,83,10.01,10.44,276851.0,"[""核电"", ""智能制造""]",2024-01-02 15:30:33,1、12月29日公司公众号：12月26日，利柏特与拓烯科技特约经销商合作协议签署仪式在利柏特佘山基地顺利举行，双方就TAMT®拓美特®系列SOOC产品的合作进行了深入的交流。TAMT®拓美特®系列SOOC产品是一种由低碳烯烃与特种环烯烃以加成聚合方式而形成的共聚物，主要应用于高端光学和医用聚合物领域，比如光学镜头、光学数据存储、光栅和传感器，以及预灌封注射器、疫苗瓶等医用卫生包装材料。\n2、公司是国内少数具备大型工业模块设计和制造能力以及“设计-采购-模块化-施工”（EPFC）的全产业链环节及一体化服务能力的企业。公司具有大型工业模块的设计和制造能力，实现全产业链环节和一体化服务。目前公司已具备化工、能源油气、矿业处理行业的工业模块设计和制造项目业绩。\n3、公司专注于工业模块的设计和制造，目前已开展电解氢装置模块化技术研究，制氢模块是公司的产品之一，可应用于获取高纯度氢气。\n4、核电领域，公司具有代表性的产品为核电气体分离装置，该装置用于核电制氦，是热核聚变实验堆辅助装备之一。
20240102,热基,161130.OF,易方达纳斯达克100ETF联接(QDII-LOF)A(人民币,83,-0.09,2.7675,,,2024-01-02 15:30:42,
20240102,热股,002362.SZ,汉王科技,84,2.15,26.17,272920.0,"[""人脸识别"", ""电子身份证""]",2024-01-02 15:30:34,
20240102,热基,017223.OF,富国中证电池主题ETF发起式联接C,84,0.0,0.6723,,,2024-01-02 15:30:42,
20240102,热股,002177.SZ,御银股份,85,9.91,4.88,270877.0,"[""互联网金融"", ""数字货币""]",2024-01-02 15:30:34,"1、公司主要从事智能金融设备行业相关运营服务和自有物业打造的产业园运营业务。公司是国内金融设备整体解决服务商(ATM机器),深耕十余年,是国内较领先运用生物识别技术于金融自助设备中的高端服务商,创新性的打造智慧银行等高科技产品。\n2、12月4日公告：已收到转让佛山海晟金融租赁9%股份的转让款合集3.06亿元。\n3、21年半年报：顺应央行数字货币的推出，公司成立数字货币研发中心，开展数字货币的相关研发。"
20240102,热基,006229.OF,中欧医疗创新股票C,85,-0.01,1.2025,,,2024-01-02 15:30:42,
20240102,热股,601360.SH,三六零,86,-3.33,8.71,263592.0,"[""云办公"", ""ChatGPT概念""]",2024-01-02 15:30:34,
20240102,热基,320007.OF,诺安成长混合,86,0.0,1.23,,,2024-01-02 15:30:42,
20240102,热股,603266.SH,天龙股份,87,-4.38,27.48,263029.0,"[""胎压监测"", ""汽车热管理""]",2024-01-02 15:30:35,
20240102,热基,162102.OF,金鹰中小盘精选混合A,87,0.0,0.9376,,,2024-01-02 15:30:42,
20240102,热股,600792.SH,云煤能源,88,10.09,5.13,260493.0,"[""煤炭概念"", ""石墨电极""]",2024-01-02 15:30:35,1、2023年煤炭ETF上涨超10%，在市场波动的情况下，煤炭企业在高现金流背景下不断提高分红比例，因此也受到了资金的青睐。目前中证煤炭指数近12个月股息率仍然高达8.03%，相较其他红利类指数，其股息率有明显优势。\n2、公司是云南省最大的焦化企业，控股股东为昆钢控股，主营业务为煤焦化板块和重型机械板块两大板块，主要产品包括焦炭、煤气、煤化工副产品、煤炭等。 \n3、2023年上半年，公司共生产焦炭117.47万吨，煤化工产品6.80万吨，外销煤气2.63亿立方米，机加工产品0.18万吨，耐磨产品1.03万吨。\n4、公司属于国有企业。公司的最终控制人为云南省人民政府国有资产监督管理委员会。
20240102,热基,161005.OF,富国天惠成长混合(LOF),88,-0.01,2.3938,,,2024-01-02 15:30:42,
20240102,热股,000063.SZ,中兴通讯,89,-3.32,25.6,258284.0,"[""国产操作系统"", ""液冷服务器""]",2024-01-02 15:30:35,
20240102,热基,014319.OF,德邦半导体产业混合发起式A,89,-0.01,0.926,,,2024-01-02 15:30:42,
20240102,热股,600519.SH,贵州茅台,90,-2.37,1685.01,254326.0,"[""白酒概念"", ""超级品牌""]",2024-01-02 15:30:36,
20240102,热基,011103.OF,天弘中证光伏C,90,0.0,0.7463,,,2024-01-02 15:30:42,
20240102,热股,603598.SH,引力传媒,91,-3.43,19.97,250535.0,"[""快手概念"", ""拼多多概念""]",2024-01-02 15:30:36,
20240102,热基,005844.OF,东方人工智能主题混合A,91,-0.01,0.9878,,,2024-01-02 15:30:42,
20240102,热股,000766.SZ,通化金马,92,-1.3,19.68,248652.0,"[""阿尔茨海默概念"", ""肝炎概念""]",2024-01-02 15:30:37,
20240102,热基,000242.OF,景顺长城策略精选灵活配置混合A,92,0.0,2.787,,,2024-01-02 15:30:42,
20240102,热股,603021.SH,山东华鹏,93,3.95,6.85,247354.0,"[""新材料概念"", ""烧碱""]",2024-01-02 15:30:37,
20240102,热股,600186.SH,莲花健康,94,-2.15,5.92,241450.0,"[""算力租赁"", ""东数西算（算力）""]",2024-01-02 15:30:37,
20240102,热基,016971.OF,华夏恒生香港上市生物科技ETF发起式联接(QDII)C,94,0.0,0.8342,,,2024-01-02 15:30:42,
20240102,热股,601888.SH,中国中免,95,-3.69,80.6,238403.0,"[""同花顺漂亮100"", ""免税店""]",2024-01-02 15:30:38,
20240102,热基,004854.OF,广发中证全指汽车指数A,95,-0.01,1.2945,,,2024-01-02 15:30:42,
20240102,热股,601022.SH,宁波远洋,96,10.01,12.2,237321.0,"[""航运概念"", ""统一大市场""]",2024-01-02 15:30:38,1、近日，由于多艘船只行至红海水域时遭到也门胡塞武装袭击，四家国际航运企业陆续宣布暂停在红海航行。苏伊士运河处理着全球约12%的货物运输，30%的集装箱贸易和近10%的原油贸易，12%的成品油贸易。欧线上涨11%至1029美元/TEU，油运有跟涨可能，马士基油轮已经准备在租约中增加绕行条款。2023年12月31日，马士基公司确认，“马士基杭州”轮在从新加坡到埃及苏伊士港途经曼德海峡时遇袭，马士基决定在未来48小时暂停经过该地区的航行。\n2、23年11月1日，宁波远洋旗下“宁远宁波”轮装载着2157标准箱煤炭、PVC、大米等货物从天津港太平洋国际集装箱码头驶离，开启其服务宁波远洋内贸主干精品航线——“天津-宁波-虎门”线的首个完整航程。\n3、公司属于国有企业，最终控制人为浙江省国有资产监督管理委员会。上市日期为2022-12-08，主营为国际、沿海和长江航线的航运业务、船舶代理业务及干散货货运代理业务。 \n4、据公司招股意向书：宁波远洋分拆上市有利于助推“一带一路”、长江经济带、长三角一体化等国家战略实施。
20240102,热基,008764.OF,天弘越南市场C,96,1.03,1.3213,,,2024-01-02 15:30:42,
20240102,热股,300418.SZ,昆仑万维,97,-2.22,36.57,236331.0,"[""手机游戏"", ""网络游戏""]",2024-01-02 15:30:39,
20240102,热基,019495.OF,摩根富时发达市场REITs指数(QDII)人民币C,97,0.69,1.3026,,,2024-01-02 15:30:42,
20240102,热股,002594.SZ,比亚迪,98,-2.73,192.6,234991.0,"[""盐湖提锂"", ""同花顺漂亮100""]",2024-01-02 15:30:39,
20240102,热基,015300.OF,华夏纳斯达克100ETF发起式联接(QDII)C,98,-0.56,1.2775,,,2024-01-02 15:30:42,
20240102,热股,002292.SZ,奥飞娱乐,99,-2.51,8.53,231100.0,"[""快手概念"", ""手机游戏""]",2024-01-02 15:30:39,
20240102,热股,001217.SZ,华尔泰,100,9.99,15.53,229318.0,"[""锂电池"", ""化肥""]",2024-01-02 15:30:40,1、据南方都市报，12月26日，全国人大常委会法工委主任沈春耀向十四届全国人大常委会第七次会议报告2023年备案审查工作情况。备案审查报告公布多起典型案例。其中一案例涉及燃放烟花爆竹。法工委经审查认为，大气污染防治法、国务院制定的烟花爆竹安全管理条例等法律、行政法规对于销售、燃放符合质量标准的烟花爆竹未作全面禁止性规定，同时授权县级以上人民政府可以划定限制或者禁止燃放烟花爆竹的时段和区域；有关地方性法规关于全面禁止销售、燃放烟花爆竹的规定，与大气污染防治法和烟花爆竹安全管理条例的有关规定不一致；关于全面禁售、禁燃的问题，认识上有分歧，实践中也较难执行，应当按照上位法规定的精神予以修改。报告称，经沟通，制定机关已同意对相关规定尽快作出修改。\n2、12月25日，公司于互动平台表示，公司硝酸产品可用于制造烟花、爆竹的发色剂，公司硝酸下游客户中有从事烟花、爆竹生产的企业。\n3、公司自成立以来一直致力于化工产品的研发、生产与销售，已发展成为以合成氨、硝酸、硫酸、双氧水等基础化工产品为基础，以精细化工产品为方向的综合型化工企业。
20240102,热基,006373.OF,国富全球科技互联混合(QDII)人民币,100,-0.16,2.6741,,,2024-01-02 15:30:42,
20240102,热基,002252.OF,融通成长30灵活配置混合A,101,0.0,2.47,,,2024-01-02 15:30:42,
20240102,热基,005561.OF,创金合信中证红利低波动指数A,102,-0.01,1.7021,,,2024-01-02 15:30:42,
20240102,热基,008280.OF,国泰中证煤炭ETF联接C,103,0.0,2.0282,,,2024-01-02 15:30:42,
20240102,热基,000628.OF,大成高新技术产业股票A,104,0.0,3.503,,,2024-01-02 15:30:42,
20240102,热基,004011.OF,华泰柏瑞鼎利混合C,105,0.01,1.526,,,2024-01-02 15:30:42,
20240102,热基,017895.OF,汇添富纳斯达克生物科技ETF发起式联接(QDII)人民币C,106,-0.06,1.1053,,,2024-01-02 15:30:42,
20240102,热基,110003.OF,易方达上证50增强A,107,-0.01,1.6879,,,2024-01-02 15:30:42,
20240102,可转债,123131.SZ,奥飞转债,2751,1.13,0.0,2751.0,,2024-01-02 15:30:42,
20240102,可转债,123078.SZ,飞凯转债,2760,-1.65,0.0,2760.0,,2024-01-02 15:30:42,
20240102,可转债,110055.SH,伊力转债,2768,-1.23,0.0,2768.0,,2024-01-02 15:30:42,
20240102,可转债,110083.SH,苏租转债,2773,2.08,0.0,2773.0,,2024-01-02 15:30:42,
20240102,可转债,113053.SH,隆22转债,2837,0.12,0.0,2836.5,,2024-01-02 15:30:42,
20240102,可转债,123187.SZ,超达转债,2878,0.23,0.0,2878.0,,2024-01-02 15:30:42,
20240102,可转债,123213.SZ,天源转债,2988,1.86,0.0,2988.0,,2024-01-02 15:30:42,
20240102,可转债,128118.SZ,瀛通转债,3000,0.25,0.0,2999.5,,2024-01-02 15:30:42,
20240102,可转债,127027.SZ,能化转债,3034,2.18,0.0,3034.0,,2024-01-02 15:30:42,
20240102,可转债,123209.SZ,聚隆转债,3080,0.32,0.0,3080.0,,2024-01-02 15:30:42,
20240102,可转债,123177.SZ,测绘转债,3082,-0.29,0.0,3081.5,,2024-01-02 15:30:42,
20240102,可转债,123167.SZ,商络转债,3108,0.22,0.0,3107.5,,2024-01-02 15:30:42,
20240102,可转债,123206.SZ,开能转债,3251,0.6,0.0,3250.5,,2024-01-02 15:30:42,
20240102,可转债,128120.SZ,联诚转债,3268,-0.17,0.0,3267.5,,2024-01-02 15:30:42,
20240102,可转债,123201.SZ,纽泰转债,3329,-0.34,0.0,3329.0,,2024-01-02 15:30:42,
20240102,可转债,123129.SZ,锦鸡转债,3376,0.37,0.0,3375.5,,2024-01-02 15:30:42,
20240102,可转债,110077.SH,洪城转债,3416,2.2,0.0,3415.5,,2024-01-02 15:30:42,
20240102,可转债,113027.SH,华钰转债,3458,-0.81,0.0,3457.5,,2024-01-02 15:30:42,
20240102,可转债,110072.SH,广汇转债,3530,0.72,0.0,3530.0,,2024-01-02 15:30:42,
20240102,可转债,127089.SZ,晶澳转债,3716,-0.87,0.0,3716.0,,2024-01-02 15:30:42,
20240102,可转债,113676.SH,荣23转债,3725,1.79,0.0,3724.5,,2024-01-02 15:30:42,
20240102,可转债,110045.SH,海澜转债,3819,1.87,0.0,3818.5,,2024-01-02 15:30:42,
20240102,可转债,123207.SZ,冠中转债,3942,1.69,0.0,3942.0,,2024-01-02 15:30:42,
20240102,可转债,128091.SZ,新天转债,4180,0.81,0.0,4179.5,,2024-01-02 15:30:42,
20240102,可转债,113594.SH,淳中转债,4217,-0.54,0.0,4217.0,,2024-01-02 15:30:42,
20240102,可转债,123200.SZ,海泰转债,4238,0.21,0.0,4238.0,,2024-01-02 15:30:42,
20240102,可转债,123034.SZ,通光转债,4315,0.04,0.0,4314.5,,2024-01-02 15:30:42,
20240102,可转债,123176.SZ,精测转2,4360,-1.84,0.0,4359.5,,2024-01-02 15:30:42,
20240102,可转债,123031.SZ,晶瑞转债,4400,0.44,0.0,4400.0,,2024-01-02 15:30:42,
20240102,可转债,127094.SZ,红墙转债,4439,0.78,0.0,4438.5,,2024-01-02 15:30:42,
20240102,可转债,128070.SZ,智能转债,4446,-0.06,0.0,4445.5,,2024-01-02 15:30:42,
20240102,可转债,111013.SH,新港转债,4509,0.67,0.0,4509.0,,2024-01-02 15:30:42,
20240102,可转债,123118.SZ,惠城转债,4567,-1.27,0.0,4567.0,,2024-01-02 15:30:42,
20240102,可转债,123223.SZ,九典转02,4783,-1.41,0.0,4783.0,,2024-01-02 15:30:42,
20240102,可转债,123222.SZ,博俊转债,4840,-0.11,0.0,4840.0,,2024-01-02 15:30:42,
20240102,可转债,118037.SH,上声转债,4917,-0.81,0.0,4916.5,,2024-01-02 15:30:42,
20240102,可转债,123229.SZ,艾录转债,5065,0.91,0.0,5064.5,,2024-01-02 15:30:42,
20240102,可转债,128053.SZ,尚荣转债,5141,0.09,0.0,5141.0,,2024-01-02 15:30:42,
20240102,可转债,123018.SZ,溢利转债,5280,0.28,0.0,5279.5,,2024-01-02 15:30:42,
20240102,可转债,127080.SZ,声迅转债,5307,-0.93,0.0,5306.5,,2024-01-02 15:30:42,
20240102,可转债,123013.SZ,横河转债,5537,0.21,0.0,5537.0,,2024-01-02 15:30:42,
20240102,可转债,113534.SH,鼎胜转债,5551,-1.54,0.0,5550.5,,2024-01-02 15:30:42,
20240102,可转债,128095.SZ,恩捷转债,5602,-0.9,0.0,5602.0,,2024-01-02 15:30:42,
20240102,可转债,127100.SZ,神码转债,5634,,0.0,5633.5,,2024-01-02 15:30:42,
20240102,可转债,118045.SH,盟升转债,5966,0.59,0.0,5965.5,,2024-01-02 15:30:42,
20240102,可转债,111012.SH,福新转债,6256,1.21,0.0,6255.5,,2024-01-02 15:30:42,
20240102,可转债,113643.SH,风语转债,6659,-2.01,0.0,6659.0,,2024-01-02 15:30:42,
20240102,可转债,127065.SZ,瑞鹄转债,6775,0.0,0.0,6775.0,,2024-01-02 15:30:42,
20240102,可转债,113569.SH,科达转债,6936,0.23,0.0,6936.0,,2024-01-02 15:30:42,
20240102,可转债,113052.SH,兴业转债,7077,0.2,0.0,7076.5,,2024-01-02 15:30:42,
20240102,可转债,128041.SZ,盛路转债,7246,0.0,0.0,7245.5,,2024-01-02 15:30:42,
20240102,可转债,127055.SZ,精装转债,7305,1.96,0.0,7304.5,,2024-01-02 15:30:42,
20240102,可转债,127093.SZ,章鼓转债,7649,0.93,0.0,7648.5,,2024-01-02 15:30:42,
20240102,可转债,123025.SZ,精测转债,7778,-2.5,0.0,7777.5,,2024-01-02 15:30:42,
20240102,可转债,123233.SZ,凯盛转债,7796,0.09,0.0,7796.0,,2024-01-02 15:30:42,
20240102,可转债,113537.SH,文灿转债,7904,-0.83,0.0,7903.5,,2024-01-02 15:30:42,
20240102,可转债,128143.SZ,锋龙转债,8829,-0.73,0.0,8829.0,,2024-01-02 15:30:42,
20240102,可转债,127053.SZ,豪美转债,8911,0.01,0.0,8910.5,,2024-01-02 15:30:42,
20240102,可转债,128036.SZ,金农转债,9613,-0.47,0.0,9613.0,,2024-01-02 15:30:42,
20240102,可转债,123038.SZ,联得转债,9634,-1.75,0.0,9633.5,,2024-01-02 15:30:42,
20240102,可转债,123012.SZ,万顺转债,10617,-0.49,0.0,10617.0,,2024-01-02 15:30:42,
20240102,可转债,113672.SH,福蓉转债,10869,-1.81,0.0,10869.0,,2024-01-02 15:30:42,
20240102,可转债,123230.SZ,金钟转债,10922,0.72,0.0,10922.0,,2024-01-02 15:30:42,
20240102,可转债,111016.SH,神通转债,10944,-1.51,0.0,10943.5,,2024-01-02 15:30:42,
20240102,可转债,113651.SH,松霖转债,10978,2.32,0.0,10978.0,,2024-01-02 15:30:42,
20240102,可转债,123218.SZ,宏昌转债,11155,0.48,0.0,11155.0,,2024-01-02 15:30:42,
20240102,可转债,123232.SZ,金现转债,12996,-0.33,0.0,12996.0,,2024-01-02 15:30:42,
20240102,可转债,118025.SH,奕瑞转债,13381,-3.65,0.0,13381.0,,2024-01-02 15:30:42,
20240102,可转债,110048.SH,福能转债,14191,2.51,0.0,14190.5,,2024-01-02 15:30:42,
20240102,可转债,128090.SZ,汽模转2,14446,0.79,0.0,14445.5,,2024-01-02 15:30:42,
20240102,可转债,110044.SH,广电转债,15103,-0.03,0.0,15103.0,,2024-01-02 15:30:42,
20240102,可转债,113588.SH,润达转债,15768,-1.69,0.0,15767.5,,2024-01-02 15:30:42,
20240102,可转债,118021.SH,新致转债,16472,-3.85,0.0,16471.5,,2024-01-02 15:30:42,
20240102,可转债,127014.SZ,北方转债,16516,-2.62,0.0,16515.5,,2024-01-02 15:30:42,
20240102,可转债,113527.SH,维格转债,17136,0.65,0.0,17135.5,,2024-01-02 15:30:42,
20240102,可转债,123226.SZ,中富转债,17405,-1.07,0.0,17404.5,,2024-01-02 15:30:42,
20240102,可转债,113678.SH,中贝转债,17541,-1.43,0.0,17541.0,,2024-01-02 15:30:42,
20240102,可转债,113066.SH,平煤转债,18102,3.34,0.0,18102.0,,2024-01-02 15:30:42,
20240102,可转债,123205.SZ,大叶转债,19005,0.32,0.0,19005.0,,2024-01-02 15:30:42,
20240102,可转债,123227.SZ,雅创转债,20997,1.0,0.0,20996.5,,2024-01-02 15:30:42,
20240102,可转债,128106.SZ,华统转债,22188,2.48,0.0,22187.5,,2024-01-02 15:30:42,
20240102,可转债,113535.SH,大业转债,24255,1.73,0.0,24254.5,,2024-01-02 15:30:42,
20240102,可转债,128074.SZ,游族转债,25532,1.67,0.0,25531.5,,2024-01-02 15:30:42,
20240102,ETF,159766.SZ,旅游ETF,27600,-0.57,0.0,27600.0,,2024-01-02 15:30:41,
20240102,ETF,159781.SZ,科创创业ETF,28005,-1.63,0.0,28004.5,,2024-01-02 15:30:41,
20240102,ETF,159786.SZ,VRETF,28171,-1.88,0.0,28171.0,,2024-01-02 15:30:41,
20240102,ETF,516510.SH,云计算ETF,28356,-2.19,0.0,28356.0,,2024-01-02 15:30:41,
20240102,ETF,563000.SH,中国A50ETF,28794,-1.6,0.0,28793.5,,2024-01-02 15:30:41,
20240102,ETF,513090.SH,香港证券ETF,31112,-0.88,0.0,31111.5,,2024-01-02 15:30:41,
20240102,ETF,159647.SZ,中药ETF,31589,1.13,0.0,31588.5,,2024-01-02 15:30:41,
20240102,ETF,159792.SZ,港股通互联网ETF,31749,-0.91,0.0,31748.5,,2024-01-02 15:30:41,
20240102,ETF,510100.SH,上证50ETF易方达,31908,-1.22,0.0,31908.0,,2024-01-02 15:30:41,
20240102,ETF,511880.SH,银华日利ETF,32006,0.03,0.0,32005.5,,2024-01-02 15:30:41,
20240102,可转债,113680.SH,丽岛转债,32571,1.59,0.0,32571.0,,2024-01-02 15:30:42,
20240102,可转债,118017.SH,深科转债,32622,-3.96,0.0,32621.5,,2024-01-02 15:30:42,
20240102,ETF,159828.SZ,医疗ETF,33131,-1.24,0.0,33130.5,,2024-01-02 15:30:41,
20240102,ETF,515080.SH,中证红利ETF,33505,1.01,0.0,33505.0,,2024-01-02 15:30:41,
20240102,ETF,515120.SH,创新药ETF,33660,-1.14,0.0,33659.5,,2024-01-02 15:30:41,
20240102,ETF,159516.SZ,半导体设备ETF,34283,-2.42,0.0,34282.5,,2024-01-02 15:30:41,
20240102,可转债,123054.SZ,思特转债,34689,0.17,0.0,34689.0,,2024-01-02 15:30:42,
20240102,ETF,560170.SH,央企科技ETF,34765,-0.94,0.0,34765.0,,2024-01-02 15:30:41,
20240102,ETF,515880.SH,通信ETF,35824,-2.13,0.0,35823.5,,2024-01-02 15:30:41,
20240102,ETF,588800.SH,科创100ETF华夏,35930,-2.56,0.0,35929.5,,2024-01-02 15:30:41,
20240102,ETF,512980.SH,传媒ETF,37242,-0.69,0.0,37241.5,,2024-01-02 15:30:41,
20240102,ETF,512290.SH,生物医药ETF,37324,-1.23,0.0,37323.5,,2024-01-02 15:30:41,
20240102,ETF,159732.SZ,消费电子ETF,39284,-1.88,0.0,39284.0,,2024-01-02 15:30:41,
20240102,ETF,512400.SH,有色金属ETF,39700,0.0,0.0,39700.0,,2024-01-02 15:30:41,
20240102,ETF,588060.SH,科创50ETF龙头,40226,-1.29,0.0,40226.0,,2024-01-02 15:30:41,
20240102,ETF,515700.SH,新能车ETF,40495,-2.35,0.0,40494.5,,2024-01-02 15:30:41,
20240102,ETF,159967.SZ,创业板成长ETF,40864,-1.91,0.0,40863.5,,2024-01-02 15:30:41,
20240102,ETF,515380.SH,沪深300ETF泰康,41047,-1.26,0.0,41047.0,,2024-01-02 15:30:41,
20240102,ETF,159941.SZ,纳指ETF,41517,-0.33,0.0,41517.0,,2024-01-02 15:30:41,
20240102,ETF,512800.SH,银行ETF,41886,0.0,0.0,41885.5,,2024-01-02 15:30:41,
20240102,ETF,560980.SH,光伏30ETF,41993,-1.7,0.0,41992.5,,2024-01-02 15:30:41,
20240102,ETF,510900.SH,H股ETF,42565,-0.98,0.0,42565.0,,2024-01-02 15:30:41,
20240102,ETF,588120.SH,科创板100ETF,42998,-2.55,0.0,42998.0,,2024-01-02 15:30:41,
20240102,ETF,159755.SZ,电池ETF,43445,-2.64,0.0,43445.0,,2024-01-02 15:30:41,
20240102,可转债,128082.SZ,华锋转债,43801,-1.91,0.0,43801.0,,2024-01-02 15:30:42,
20240102,ETF,561560.SH,电力ETF,44312,1.8,0.0,44312.0,,2024-01-02 15:30:41,
20240102,ETF,588050.SH,科创ETF,44367,-1.25,0.0,44367.0,,2024-01-02 15:30:41,
20240102,ETF,159865.SZ,养殖ETF,44904,0.45,0.0,44903.5,,2024-01-02 15:30:41,
20240102,ETF,159805.SZ,传媒ETF,46883,-0.2,0.0,46883.0,,2024-01-02 15:30:41,
20240102,ETF,159611.SZ,电力ETF,48741,1.96,0.0,48741.0,,2024-01-02 15:30:41,
20240102,ETF,562510.SH,旅游ETF,51111,-0.14,0.0,51111.0,,2024-01-02 15:30:41,
20240102,ETF,159919.SZ,沪深300ETF,51418,-1.26,0.0,51418.0,,2024-01-02 15:30:41,
20240102,ETF,159607.SZ,中概互联网ETF,52605,-0.27,0.0,52605.0,,2024-01-02 15:30:41,
20240102,ETF,515030.SH,新能源车ETF,53104,-2.35,0.0,53103.5,,2024-01-02 15:30:41,
20240102,ETF,159859.SZ,生物医药ETF,53125,-1.69,0.0,53124.5,,2024-01-02 15:30:41,
20240102,ETF,516090.SH,新能源ETF易方达,53370,-1.75,0.0,53370.0,,2024-01-02 15:30:41,
20240102,ETF,588190.SH,科创100ETF,54710,-2.36,0.0,54709.5,,2024-01-02 15:30:41,
20240102,ETF,512200.SH,房地产ETF,55820,-1.9,0.0,55820.0,,2024-01-02 15:30:41,
20240102,ETF,516010.SH,游戏ETF,56314,0.0,0.0,56314.0,,2024-01-02 15:30:41,
20240102,ETF,513100.SH,纳指ETF,57521,-0.25,0.0,57520.5,,2024-01-02 15:30:41,
20240102,ETF,513300.SH,纳斯达克ETF,57882,-0.13,0.0,57881.5,,2024-01-02 15:30:41,
20240102,ETF,159985.SZ,豆粕ETF,57908,-2.2,0.0,57907.5,,2024-01-02 15:30:41,
20240102,ETF,513360.SH,教育ETF,58190,1.52,0.0,58190.0,,2024-01-02 15:30:41,
20240102,ETF,510500.SH,中证500ETF,58313,-0.4,0.0,58313.0,,2024-01-02 15:30:41,
20240102,ETF,510310.SH,沪深300ETF易方达,59900,-1.37,0.0,59900.0,,2024-01-02 15:30:41,
20240102,ETF,560080.SH,中药ETF,59999,1.39,0.0,59998.5,,2024-01-02 15:30:41,
20240102,ETF,159740.SZ,恒生科技ETF,60410,-0.81,0.0,60409.5,,2024-01-02 15:30:41,
20240102,可转债,113575.SH,东时转债,64244,1.93,0.0,64243.5,,2024-01-02 15:30:42,
20240102,ETF,513520.SH,日经ETF,66666,-0.15,0.0,66666.0,,2024-01-02 15:30:41,
20240102,ETF,159920.SZ,恒生ETF,67875,-0.9,0.0,67875.0,,2024-01-02 15:30:41,
20240102,可转债,123224.SZ,宇邦转债,73096,-0.1,0.0,73096.0,,2024-01-02 15:30:42,
20240102,ETF,510210.SH,上证指数ETF,73457,-0.41,0.0,73456.5,,2024-01-02 15:30:41,
20240102,ETF,159840.SZ,锂电池ETF,74127,-2.48,0.0,74126.5,,2024-01-02 15:30:41,
20240102,ETF,159892.SZ,恒生医药ETF,74253,-1.47,0.0,74252.5,,2024-01-02 15:30:41,
20240102,ETF,159813.SZ,半导体ETF,74909,-1.84,0.0,74908.5,,2024-01-02 15:30:41,
20240102,可转债,123234.SZ,中能转债,76924,-5.11,0.0,76924.0,,2024-01-02 15:30:42,
20240102,ETF,510880.SH,红利ETF,78251,1.33,0.0,78251.0,,2024-01-02 15:30:41,
20240102,ETF,159992.SZ,创新药ETF,78305,-1.21,0.0,78305.0,,2024-01-02 15:30:41,
20240102,ETF,518880.SH,黄金ETF,81290,0.39,0.0,81289.5,,2024-01-02 15:30:41,
20240102,可转债,127097.SZ,三羊转债,82713,5.07,0.0,82712.5,,2024-01-02 15:30:42,
20240102,可转债,110058.SH,永鼎转债,86970,1.1,0.0,86970.0,,2024-01-02 15:30:42,
20240102,ETF,512670.SH,国防ETF,88992,0.43,0.0,88992.0,,2024-01-02 15:30:41,
20240102,ETF,588220.SH,科创100ETF基金,89099,-2.56,0.0,89099.0,,2024-01-02 15:30:41,
20240102,可转债,113595.SH,花王转债,94806,2.4,0.0,94806.0,,2024-01-02 15:30:42,
20240102,可转债,123138.SZ,丝路转债,95126,-2.59,0.0,95125.5,,2024-01-02 15:30:42,
20240102,ETF,512000.SH,券商ETF,97430,-1.16,0.0,97430.0,,2024-01-02 15:30:41,
20240102,ETF,513730.SH,东南亚科技ETF,98113,1.24,0.0,98113.0,,2024-01-02 15:30:41,
20240102,可转债,111011.SH,冠盛转债,99042,5.45,0.0,99042.0,,2024-01-02 15:30:42,
20240102,ETF,159977.SZ,创业板ETF天弘,100934,-1.81,0.0,100934.0,,2024-01-02 15:30:41,
20240102,ETF,159841.SZ,证券ETF,102556,-1.34,0.0,102555.5,,2024-01-02 15:30:41,
20240102,ETF,512710.SH,军工龙头ETF,104894,0.33,0.0,104894.0,,2024-01-02 15:30:41,
20240102,可转债,128085.SZ,鸿达转债,105619,2.85,0.0,105619.0,,2024-01-02 15:30:42,
20240102,可转债,127099.SZ,盛航转债,106563,1.69,0.0,106562.5,,2024-01-02 15:30:42,
20240102,ETF,588200.SH,科创芯片ETF,108318,-1.82,0.0,108318.0,,2024-01-02 15:30:41,
20240102,可转债,127098.SZ,欧晶转债,108783,-0.76,0.0,108783.0,,2024-01-02 15:30:42,
20240102,ETF,516160.SH,新能源ETF,109474,-2.17,0.0,109474.0,,2024-01-02 15:30:41,
20240102,ETF,159605.SZ,中概互联ETF,120381,-0.27,0.0,120381.0,,2024-01-02 15:30:41,
20240102,ETF,159819.SZ,人工智能ETF,121323,-1.87,0.0,121322.5,,2024-01-02 15:30:41,
20240102,ETF,588030.SH,科创100指数ETF,124099,-2.36,0.0,124098.5,,2024-01-02 15:30:41,
20240102,ETF,159995.SZ,芯片ETF,128187,-1.61,0.0,128186.5,,2024-01-02 15:30:41,
20240102,ETF,512660.SH,军工ETF,132318,0.63,0.0,132318.0,,2024-01-02 15:30:41,
20240102,ETF,510760.SH,上证综指ETF,139447,-0.1,0.0,139446.5,,2024-01-02 15:30:41,
20240102,ETF,513010.SH,恒生科技30ETF,142617,-0.97,0.0,142616.5,,2024-01-02 15:30:41,
20240102,可转债,127096.SZ,泰坦转债,157306,7.6,0.0,157305.5,,2024-01-02 15:30:42,
20240102,ETF,513120.SH,港股创新药ETF,163032,-1.89,0.0,163031.5,,2024-01-02 15:30:41,
20240102,ETF,513060.SH,恒生医疗ETF,175193,-1.32,0.0,175192.5,,2024-01-02 15:30:41,
20240102,ETF,159949.SZ,创业板50ETF,188199,-2.16,0.0,188199.0,,2024-01-02 15:30:41,
20240102,ETF,512760.SH,芯片ETF,188458,-1.78,0.0,188457.5,,2024-01-02 15:30:41,
20240102,ETF,515220.SH,煤炭ETF,199089,3.46,0.0,199088.5,,2024-01-02 15:30:41,
20240102,ETF,512880.SH,证券ETF,199953,-1.22,0.0,199952.5,,2024-01-02 15:30:41,
20240102,ETF,513050.SH,中概互联网ETF,200472,-0.43,0.0,200471.5,,2024-01-02 15:30:41,
20240102,可转债,113576.SH,起步转债,204190,9.62,0.0,204190.0,,2024-01-02 15:30:42,
20240102,ETF,512010.SH,医药ETF,215164,-0.97,0.0,215164.0,,2024-01-02 15:30:41,
20240102,ETF,515790.SH,光伏ETF,217299,-2.02,0.0,217298.5,,2024-01-02 15:30:41,
20240102,ETF,513130.SH,恒生科技ETF,218587,-0.6,0.0,218587.0,,2024-01-02 15:30:41,
20240102,ETF,512170.SH,医疗ETF,218727,-1.28,0.0,218726.5,,2024-01-02 15:30:41,
20240102,ETF,513180.SH,恒生科技指数ETF,239549,-0.6,0.0,239548.5,,2024-01-02 15:30:41,
20240102,ETF,159857.SZ,光伏ETF,297927,-1.74,0.0,297927.0,,2024-01-02 15:30:41,
20240102,ETF,512480.SH,半导体ETF,318587,-1.74,0.0,318586.5,,2024-01-02 15:30:41,
20240102,ETF,159869.SZ,游戏ETF,336147,-0.2,0.0,336146.5,,2024-01-02 15:30:41,
20240102,ETF,510050.SH,上证50ETF,338633,-1.19,0.0,338633.0,,2024-01-02 15:30:41,
20240102,ETF,513330.SH,恒生互联网ETF,370012,-0.29,0.0,370012.0,,2024-01-02 15:30:41,
20240102,ETF,159915.SZ,创业板ETF,374033,-1.95,0.0,374032.5,,2024-01-02 15:30:41,
20240102,ETF,510300.SH,沪深300ETF,437021,-1.31,0.0,437021.0,,2024-01-02 15:30:41,
20240102,ETF,512690.SH,酒ETF,553694,-2.75,0.0,553694.0,,2024-01-02 15:30:41,
20240102,ETF,588000.SH,科创50ETF,577976,-1.23,0.0,577976.0,,2024-01-02 15:30:41,
20240102,ETF,588080.SH,科创板50ETF,753474,-1.26,0.0,753473.5,,2024-01-02 15:30:41,
