trade_date,close_sh,ptc_change_sh,close_sz,pct_change_sz,net_amount,net_amount_rate,buy_elg_amount,buy_elg_amount_rate,buy_lg_amount,buy_lg_amount_rate,buy_md_amount,buy_md_amount_rate,buy_sm_amount,buy_sm_amount_rate
20241129,3326.45,0.93,10611.72,1.72,13868638208.0,0.81,23966793728.0,1.4,-10098155520.0,-0.59,-24951074816.0,-1.46,11082436608.0,0.65
20241128,3295.7,-0.43,10432.54,-1.26,-41113413888.0,-2.76,-16937916672.0,-1.14,-24175497216.0,-1.62,3668914176.0,0.25,37444501504.0,2.51
20241127,3309.78,1.53,10566.1,2.25,2131228416.0,0.15,11614742272.0,0.8,-9483513856.0,-0.65,-13683171328.0,-0.94,11551940608.0,0.79
20241126,3259.76,-0.12,10333.23,-0.84,-52173992960.0,-4.0,-26482508800.0,-2.03,-25691484160.0,-1.97,6375931904.0,0.49,45798060032.0,3.51
20241125,3263.76,-0.1,10420.52,-0.17,-41448057600.0,-2.78,-20471470848.0,-1.37,-20976586752.0,-1.41,-136904704.0,-0.01,41584967680.0,2.79
20241122,3267.19,-3.06,10438.72,-3.52,-111458627584.0,-6.23,-52999626752.0,-2.96,-58459000832.0,-3.27,11606552576.0,0.65,99852079104.0,5.58
20241121,3370.4,0.07,10819.88,-0.07,-41715650560.0,-2.59,-13568954368.0,-0.84,-28146696192.0,-1.75,487800832.0,0.03,41227845632.0,2.56
20241120,3367.99,0.66,10827.19,0.78,9320333312.0,0.58,17814151168.0,1.1,-8493817856.0,-0.53,-4878135296.0,-0.3,-4442202112.0,-0.28
20241119,3346.01,0.67,10743.84,1.9,-27608530944.0,-1.77,-15317762048.0,-0.98,-12290768896.0,-0.79,-2387640320.0,-0.15,29996163072.0,1.93
20241118,3323.85,-0.21,10544.02,-1.91,-80988352512.0,-4.61,-43878440960.0,-2.5,-37109911552.0,-2.11,10282561536.0,0.59,70705790976.0,4.02
20241115,3330.73,-1.45,10748.97,-2.62,-92155088896.0,-5.05,-41601683456.0,-2.28,-50553405440.0,-2.77,4298932224.0,0.24,87856152576.0,4.81
20241114,3379.84,-1.73,11037.78,-2.83,-130528444416.0,-7.1,-74284855296.0,-4.04,-56243589120.0,-3.06,22672044032.0,1.23,107856400384.0,5.87
20241113,3439.28,0.51,11359.29,0.4,-58207072256.0,-2.9,-26408054784.0,-1.31,-31799017472.0,-1.58,789106688.0,0.04,57417969664.0,2.86
20241112,3421.97,-1.39,11314.46,-0.65,-149125193728.0,-5.85,-83453849600.0,-3.27,-65671344128.0,-2.57,32556146688.0,1.28,116569042944.0,4.57
20241111,3470.07,0.51,11388.57,2.03,-19546234880.0,-0.78,-2925674496.0,-0.12,-16620560384.0,-0.66,-4915445760.0,-0.2,24461680640.0,0.98
20241108,3452.3,-0.53,11161.7,-0.66,-101951979520.0,-3.8,-52742070272.0,-1.97,-49209909248.0,-1.84,17253416960.0,0.64,84698554368.0,3.16
20241107,3470.66,2.57,11235.92,2.44,-10011082752.0,-0.4,3308736512.0,0.13,-13319819264.0,-0.53,-11306401792.0,-0.45,21317484544.0,0.85
20241106,3383.81,-0.09,10968.14,-0.35,-98852446208.0,-3.86,-45458391040.0,-1.77,-53394055168.0,-2.08,15597432832.0,0.61,83255009280.0,3.25
20241105,3386.99,2.32,11006.94,3.22,18961518592.0,0.82,28774051840.0,1.25,-9812533248.0,-0.43,-25849851904.0,-1.12,6888337408.0,0.3
20241104,3310.21,1.17,10663.1,1.99,-2784800768.0,-0.16,4037513216.0,0.24,-6822313984.0,-0.4,-9495990272.0,-0.56,12280795136.0,0.72
20241101,3272.01,-0.24,10455.5,-1.28,-129174994944.0,-5.79,-68903137280.0,-3.09,-60271857664.0,-2.7,20389748736.0,0.91,108785250304.0,4.88
20241031,3279.82,0.42,10591.22,0.57,-37201817600.0,-1.68,-13500014592.0,-0.61,-23701803008.0,-1.07,2337378304.0,0.11,34864439296.0,1.57
20241030,3266.24,-0.61,10530.85,-0.12,-55361789952.0,-3.0,-26019217408.0,-1.41,-29342572544.0,-1.59,3650146304.0,0.2,51711647744.0,2.8
20241029,3286.41,-1.08,10543.33,-1.33,-108422795264.0,-5.26,-51281805312.0,-2.49,-57140989952.0,-2.77,18104307712.0,0.88,90318491648.0,4.38
20241028,3322.2,0.68,10685.89,0.62,-26332463104.0,-1.41,-8785666048.0,-0.47,-17546797056.0,-0.94,2245210112.0,0.12,24087257088.0,1.29
20241025,3299.7,0.59,10619.85,1.71,-1904140288.0,-0.11,12644483072.0,0.71,-14548623360.0,-0.82,-15874392064.0,-0.9,17778536448.0,1.0
20241024,3280.26,-0.68,10441.75,-1.27,-61309857792.0,-4.03,-30404435968.0,-2.0,-30905421824.0,-2.03,8441405440.0,0.56,52868452352.0,3.48
20241023,3302.8,0.52,10576.41,0.16,-47957458944.0,-2.49,-18797981696.0,-0.98,-29159477248.0,-1.51,1354158080.0,0.07,46603296768.0,2.42
20241022,3285.87,0.54,10559.51,0.85,-52876558336.0,-2.76,-20889616384.0,-1.09,-31986941952.0,-1.67,9390710784.0,0.49,43485843456.0,2.27
20241021,3268.11,0.2,10470.91,1.09,-42358317056.0,-1.94,-17975320576.0,-0.82,-24382996480.0,-1.12,12543070208.0,0.57,29815246848.0,1.37
20241018,3261.56,2.91,10357.68,4.71,41877557248.0,2.0,48065953792.0,2.29,-6188396544.0,-0.3,-40349990912.0,-1.92,-1527566336.0,-0.07
20241017,3169.38,-1.05,9891.76,-0.74,-40681807872.0,-2.73,-13836541952.0,-0.93,-26845265920.0,-1.8,6657265664.0,0.45,34024546304.0,2.28
20241016,3202.95,0.05,9965.02,-1.01,-29878943744.0,-2.17,-7915241472.0,-0.58,-21963702272.0,-1.6,-1433354240.0,-0.1,31312297984.0,2.28
20241015,3201.29,-2.53,10066.52,-2.53,-69878038528.0,-4.27,-33331748864.0,-2.04,-36546289664.0,-2.24,17188429824.0,1.05,52689612800.0,3.22
20241014,3284.32,2.07,10327.4,2.65,-871071744.0,-0.05,7743324160.0,0.47,-8614395904.0,-0.53,-6660050944.0,-0.41,7531130880.0,0.46
20241011,3217.74,-2.55,10060.74,-3.92,-97384894464.0,-6.19,-50226839552.0,-3.2,-47158054912.0,-3.0,21696983040.0,1.38,75687919616.0,4.81
20241010,3301.93,1.32,10471.08,-0.82,-60139020288.0,-2.81,-31675404288.0,-1.48,-28463616000.0,-1.33,6361354240.0,0.3,53777666048.0,2.51
20241009,3258.86,-6.62,10557.81,-8.15,-214006583296.0,-7.28,-128960700416.0,-4.39,-85045882880.0,-2.89,52092219392.0,1.77,161914351616.0,5.51
20241008,3489.78,4.59,11495.1,9.17,-214840467456.0,-6.22,-156262842368.0,-4.53,-58577625088.0,-1.7,86674997248.0,2.51,128165470208.0,3.71
20240930,3336.5,8.06,10529.76,10.67,-35700113408.0,-1.38,-6500884480.0,-0.25,-29199228928.0,-1.13,-2674720768.0,-0.1,38374834176.0,1.48
20240927,3087.53,2.89,9514.86,6.71,13610328064.0,0.94,17175101440.0,1.19,-3564773376.0,-0.25,-6137327616.0,-0.42,-7473004544.0,-0.52
20240926,3000.95,3.61,8916.65,4.44,16448487936.0,1.42,18894807552.0,1.63,-2446319616.0,-0.21,-19750674432.0,-1.7,3302187008.0,0.28
20240925,2896.31,1.16,8537.73,1.21,-14400673536.0,-1.24,-4010342144.0,-0.35,-10390331392.0,-0.9,-564170752.0,-0.05,14964842496.0,1.29
20240924,2863.13,4.15,8435.7,4.36,27958059008.0,2.88,22524846080.0,2.32,5433212928.0,0.56,-22282895360.0,-2.29,-5675167744.0,-0.58
20240923,2748.92,0.44,8083.38,0.1,-6702559744.0,-1.22,-926530816.0,-0.17,-5776028928.0,-1.05,-1261219840.0,-0.23,7963779072.0,1.45
20240920,2736.81,0.03,8075.14,-0.15,-11891292416.0,-2.07,-4991644160.0,-0.87,-6899648256.0,-1.2,126775296.0,0.02,11764514816.0,2.05
20240919,2736.02,0.69,8087.6,1.19,5354226432.0,0.85,3472006400.0,0.55,1882220032.0,0.3,-5612552192.0,-0.9,258326528.0,0.04
20240918,2717.28,0.49,7992.25,0.11,-12892697088.0,-2.69,-5056087040.0,-1.05,-7836610048.0,-1.63,853222144.0,0.18,12039475200.0,2.51
20240913,2704.09,-0.48,7983.55,-0.88,-14620566016.0,-2.79,-5527845376.0,-1.05,-9092720640.0,-1.73,-1634611200.0,-0.31,16255176704.0,3.1
20240912,2717.12,-0.17,8054.24,-0.63,-9392706816.0,-1.82,-3747197184.0,-0.73,-5645509632.0,-1.1,-2346225664.0,-0.46,11738935296.0,2.28
20240911,2721.8,-0.82,8105.38,0.39,-10046302208.0,-2.01,-3585276416.0,-0.72,-6461025792.0,-1.29,-1851682816.0,-0.37,11897982976.0,2.38
20240910,2744.19,0.28,8073.83,0.13,-6544867840.0,-1.24,-2726709504.0,-0.52,-3818158336.0,-0.72,1320087552.0,0.25,5224783872.0,0.99
20240909,2736.49,-1.06,8063.27,-0.83,-16483815680.0,-3.18,-7874987776.0,-1.52,-8608827904.0,-1.66,-1422692352.0,-0.27,17906503680.0,3.45
20240906,2765.81,-0.81,8130.77,-1.44,-19801479936.0,-3.65,-5892936960.0,-1.09,-13908542976.0,-2.56,1323708416.0,0.24,18477772800.0,3.41
20240905,2788.31,0.14,8249.66,0.28,-2698931712.0,-0.5,1211718400.0,0.23,-3910650112.0,-0.73,-3181121536.0,-0.59,5880053760.0,1.1
20240904,2784.28,-0.67,8226.24,-0.51,-18221268736.0,-3.26,-7008298240.0,-1.25,-11212970496.0,-2.0,1639378944.0,0.29,16581890048.0,2.96
20240903,2802.98,-0.29,8268.05,1.17,-3417524736.0,-0.59,263304192.0,0.05,-3680828928.0,-0.63,-553668608.0,-0.1,3971190784.0,0.68
20240902,2811.04,-1.1,8172.21,-2.11,-39657032704.0,-5.62,-18689678336.0,-2.65,-20967354368.0,-2.97,6933762048.0,0.98,32723275776.0,4.64
20240830,2842.21,0.68,8348.48,2.38,20064784384.0,2.29,14721736704.0,1.68,5343047680.0,0.61,-9642704896.0,-1.1,-10422083584.0,-1.19
20240829,2823.11,-0.5,8154.44,0.94,-386443008.0,-0.06,1359958272.0,0.22,-1746401280.0,-0.29,-5387587584.0,-0.89,5774028800.0,0.95
20240828,2837.43,-0.4,8078.82,-0.31,-12856741120.0,-2.59,-4458420480.0,-0.9,-8398320640.0,-1.69,-2637803520.0,-0.53,15494545408.0,3.12
20240827,2848.73,-0.24,8103.76,-1.11,-21021448960.0,-4.11,-9047561984.0,-1.77,-11973886976.0,-2.34,-228886016.0,-0.04,21250330624.0,4.15
20240826,2855.52,0.04,8194.65,0.16,-10817043200.0,-2.05,-3769067264.0,-0.72,-7047975936.0,-1.34,-842636800.0,-0.16,11659681792.0,2.21
20240823,2854.37,0.2,8181.92,0.24,-6972788992.0,-1.37,-1152722944.0,-0.23,-5820066048.0,-1.14,-3066638080.0,-0.6,10039427072.0,1.97
20240822,2848.77,-0.27,8162.18,-0.82,-23435985664.0,-4.27,-8649593344.0,-1.58,-14786392320.0,-2.69,-1597411328.0,-0.29,25033396224.0,4.56
20240821,2856.58,-0.35,8229.75,-0.28,-11332442880.0,-2.22,-3307171328.0,-0.65,-8025271552.0,-1.57,-1117645568.0,-0.22,12450086912.0,2.44
20240820,2866.66,-0.93,8252.87,-1.24,-27594207232.0,-4.95,-11709732352.0,-2.1,-15884474880.0,-2.85,3523461120.0,0.63,24070746112.0,4.32
20240819,2893.67,0.49,8356.9,0.08,-10991016192.0,-1.93,-3171200512.0,-0.56,-7819815680.0,-1.37,-1403179008.0,-0.25,12394188800.0,2.17
20240816,2879.43,0.07,8349.87,-0.24,-12427876864.0,-2.1,-2469908480.0,-0.42,-9957968384.0,-1.68,412712960.0,0.07,12015173632.0,2.03
20240815,2877.36,0.94,8370.12,0.71,-1687578368.0,-0.29,1522778624.0,0.26,-3210356992.0,-0.54,-5719732224.0,-0.97,7407304704.0,1.25
20240814,2850.65,-0.6,8311.0,-1.17,-8450949376.0,-1.77,-2295429888.0,-0.48,-6155519488.0,-1.29,110531328.0,0.02,8340414464.0,1.75
20240813,2867.95,0.34,8409.22,0.43,-7449922816.0,-1.56,-2105459712.0,-0.44,-5344463104.0,-1.12,-1859809792.0,-0.39,9309732864.0,1.95
20240812,2858.2,-0.14,8373.47,-0.24,-19533350912.0,-3.94,-7628178944.0,-1.54,-11905171968.0,-2.4,336842752.0,0.07,19196502016.0,3.87
20240809,2862.19,-0.27,8393.7,-0.62,-12742750720.0,-2.26,-2973459968.0,-0.53,-9769290752.0,-1.73,725409792.0,0.13,12017340416.0,2.13
20240808,2869.9,0.0,8446.21,-0.04,-18221527040.0,-2.94,-5552497664.0,-0.9,-12669029376.0,-2.04,-1094647808.0,-0.18,19316170752.0,3.12
20240807,2869.83,0.09,8449.58,-0.17,-5527154944.0,-0.93,162225920.0,0.03,-5689380864.0,-0.96,731201536.0,0.12,4795957248.0,0.81
20240806,2867.28,0.23,8463.86,0.82,-8518338304.0,-1.3,-3944894464.0,-0.6,-4573443840.0,-0.7,-1569837056.0,-0.24,10088173568.0,1.54
20240805,2860.7,-1.54,8395.05,-1.85,-41915648768.0,-5.3,-19989404416.0,-2.53,-21926244352.0,-2.77,3991683072.0,0.5,37923966976.0,4.8
20240802,2905.34,-0.92,8553.55,-1.38,-34629769984.0,-4.79,-15948599552.0,-2.21,-18681170432.0,-2.59,1210814464.0,0.17,33418948608.0,4.63
20240801,2932.39,-0.22,8673.58,-0.92,-20598100736.0,-2.63,-8895185664.0,-1.14,-11702915072.0,-1.5,35753984.0,0.0,20562354176.0,2.63
20240731,2938.75,2.06,8754.09,3.37,20306071296.0,2.25,14518402816.0,1.61,5787668480.0,0.64,-16945434624.0,-1.88,-3360636928.0,-0.37
20240730,2879.3,-0.43,8468.58,-0.54,-13895409152.0,-2.32,-5408921344.0,-0.9,-8486487808.0,-1.42,-741384192.0,-0.12,14636793856.0,2.44
20240729,2891.85,0.03,8514.65,-0.96,-7441209344.0,-1.27,-1216609024.0,-0.21,-6224600320.0,-1.06,-898387968.0,-0.15,8339599360.0,1.42
20240726,2890.9,0.14,8597.17,1.45,-2220125440.0,-0.37,-282237184.0,-0.05,-1937888256.0,-0.32,-3052695552.0,-0.5,5272821760.0,0.87
20240725,2886.74,-0.52,8474.7,-0.22,-11992091136.0,-2.04,-5901426432.0,-1.0,-6090664704.0,-1.03,-1969565696.0,-0.33,13961658368.0,2.37
20240724,2901.95,-0.46,8493.1,-1.32,-24245960192.0,-3.87,-10200363520.0,-1.63,-14045596672.0,-2.24,241647616.0,0.04,24004317184.0,3.83
20240723,2915.37,-1.65,8606.58,-2.97,-35844747008.0,-5.41,-16040709632.0,-2.42,-19804037376.0,-2.99,2855817216.0,0.43,32988930048.0,4.98
20240722,2964.22,-0.61,8869.82,-0.38,-14876931584.0,-2.27,-6372040704.0,-0.97,-8504890880.0,-1.3,1787887616.0,0.27,13089042432.0,1.99
20240719,2982.31,0.17,8903.23,0.27,-13983737600.0,-2.09,-5222345216.0,-0.78,-8761392384.0,-1.31,-2110476288.0,-0.32,16094216192.0,2.4
20240718,2977.13,0.48,8879.33,0.5,-12896685824.0,-1.92,-4863618816.0,-0.72,-8033067008.0,-1.19,-5917339648.0,-0.88,18814021632.0,2.8
20240717,2962.85,-0.45,8835.14,-0.47,-32358642688.0,-4.79,-16407438848.0,-2.43,-15951203840.0,-2.36,-948965376.0,-0.14,33307607040.0,4.93
20240716,2976.3,0.08,8877.02,0.86,-4547889408.0,-0.71,1383299584.0,0.22,-5931188992.0,-0.93,-2824417280.0,-0.44,7372308480.0,1.15
20240715,2974.01,0.09,8801.62,-0.59,-22319347200.0,-3.71,-8831079168.0,-1.47,-13488268032.0,-2.24,-9097216.0,0.0,22328442880.0,3.71
20240712,2971.3,0.03,8854.08,-0.18,-16356215808.0,-2.38,-6430930944.0,-0.94,-9925284864.0,-1.44,-42369024.0,-0.01,16398585856.0,2.39
20240711,2970.39,1.06,8870.36,1.99,8329085184.0,1.06,3437015296.0,0.44,4892069888.0,0.62,-3412484096.0,-0.43,-4916592640.0,-0.62
20240710,2939.36,-0.68,8697.22,-0.1,-18972239616.0,-2.8,-8513980928.0,-1.26,-10458258688.0,-1.54,1341526016.0,0.2,17630711808.0,2.6
20240709,2959.37,1.26,8705.94,1.68,8622653952.0,1.19,6231720704.0,0.86,2390933248.0,0.33,-6894145536.0,-0.95,-1728512000.0,-0.24
20240708,2922.45,-0.93,8561.95,-1.54,-26423418880.0,-4.54,-11133644288.0,-1.91,-15289774592.0,-2.63,2830995456.0,0.49,23592423424.0,4.05
20240705,2949.93,-0.26,8695.55,0.25,-9307686912.0,-1.62,-3020810240.0,-0.53,-6286876672.0,-1.09,-1456005120.0,-0.25,10763689984.0,1.87
20240704,2957.57,-0.83,8673.83,-0.99,-30934528256.0,-5.3,-14429077504.0,-2.47,-16505450752.0,-2.83,830058496.0,0.14,30104469504.0,5.16
20240703,2982.38,-0.49,8760.43,-0.59,-13152875776.0,-2.27,-5671735552.0,-0.98,-7481140224.0,-1.29,-1866018816.0,-0.32,15018905600.0,2.59
20240702,2997.01,0.08,8812.67,-0.97,-14785154816.0,-2.29,-7527235584.0,-1.17,-7257919232.0,-1.13,2884567040.0,0.45,11900588032.0,1.85
20240701,2994.73,0.92,8899.17,0.57,-7171759616.0,-1.09,-2123006208.0,-0.32,-5048753408.0,-0.77,203792384.0,0.03,6967971840.0,1.06
20240628,2967.4,0.73,8848.7,-0.01,1430661376.0,0.2,3730830848.0,0.53,-2300169472.0,-0.33,-5774372864.0,-0.82,4343705600.0,0.62
20240627,2945.85,-0.9,8849.7,-1.53,-25488873216.0,-4.07,-11559751168.0,-1.85,-13929122048.0,-2.22,2452721664.0,0.39,23036145664.0,3.68
20240626,2972.53,0.76,8987.3,1.55,2907486464.0,0.45,1981771520.0,0.31,925714944.0,0.14,-3060305920.0,-0.48,152817664.0,0.02
20240625,2950.0,-0.44,8850.29,-0.83,-26915819008.0,-4.15,-13280532992.0,-2.05,-13635286016.0,-2.1,971390976.0,0.15,25944428544.0,4.0
20240624,2963.1,-1.17,8924.17,-1.55,-42235344384.0,-6.07,-19531488256.0,-2.81,-22703856128.0,-3.26,1667899392.0,0.24,40567443456.0,5.83
20240621,2998.14,-0.24,9064.84,-0.04,-15785979904.0,-2.55,-6078914304.0,-0.98,-9707065600.0,-1.57,238247936.0,0.04,15547740160.0,2.51
20240620,3005.44,-0.42,9068.85,-1.63,-33958202368.0,-4.69,-14476745728.0,-2.0,-19481456640.0,-2.69,2245378048.0,0.31,31712829440.0,4.38
20240619,3018.05,-0.4,9219.07,-1.07,-19234985728.0,-2.73,-6262212864.0,-0.89,-12972772864.0,-1.84,-268808192.0,-0.04,19503796224.0,2.77
20240618,3030.25,0.48,9318.47,0.4,-6038321408.0,-0.82,-146651392.0,-0.02,-5891670016.0,-0.8,-3880509440.0,-0.53,9918828544.0,1.35
20240617,3015.89,-0.55,9281.25,0.31,-13784908800.0,-1.83,-3391460352.0,-0.45,-10393448448.0,-1.38,-23552000.0,0.0,13808463872.0,1.84
20240614,3032.63,0.12,9252.25,0.5,-9329793280.0,-1.1,-699898112.0,-0.08,-8629895168.0,-1.02,-6518222848.0,-0.77,15848009728.0,1.87
20240613,3028.92,-0.28,9206.24,-0.69,-19974020864.0,-2.65,-6926966528.0,-0.92,-13047054336.0,-1.73,802869248.0,0.11,19171147776.0,2.55
20240612,3037.47,0.31,9269.94,0.08,-4077112832.0,-0.59,-1795410432.0,-0.26,-2281702400.0,-0.33,-338231296.0,-0.05,4415344640.0,0.64
20240611,3028.05,-0.76,9262.35,0.07,-11859812864.0,-1.69,-4862536448.0,-0.69,-6997276416.0,-1.0,1188483072.0,0.17,10671333376.0,1.52
20240607,3051.28,0.08,9255.68,-0.9,-15825096704.0,-2.21,-8337828608.0,-1.16,-7487268096.0,-1.04,-14925824.0,0.0,15840014336.0,2.21
20240606,3048.79,-0.54,9340.01,-0.57,-34715115008.0,-4.1,-12683771392.0,-1.5,-22031343616.0,-2.6,-4155453440.0,-0.49,38870568960.0,4.59
20240605,3065.4,-0.83,9393.61,-0.8,-25635225344.0,-3.72,-10654660096.0,-1.55,-14980565248.0,-2.18,730836992.0,0.11,24904388608.0,3.62
20240604,3091.2,0.41,9469.32,1.05,-10046203392.0,-1.35,-2069461504.0,-0.28,-7976741888.0,-1.07,-3015655424.0,-0.4,13061861376.0,1.75
20240603,3078.49,-0.27,9370.5,0.07,-28549831168.0,-3.44,-11335911936.0,-1.36,-17213919232.0,-2.07,2620985344.0,0.32,25928843264.0,3.12
20240531,3086.81,-0.16,9364.38,-0.22,-10638379776.0,-1.49,-2439005696.0,-0.34,-8199374080.0,-1.15,-4688990208.0,-0.66,15327367168.0,2.14
20240530,3091.68,-0.62,9384.72,-0.32,-26633634304.0,-3.68,-13293176832.0,-1.84,-13340457472.0,-1.84,1790926848.0,0.25,24842706944.0,3.43
20240529,3111.02,0.05,9414.98,0.25,-11758489856.0,-1.66,-2372650496.0,-0.33,-9385839360.0,-1.32,-3396186112.0,-0.48,15154671616.0,2.14
20240528,3109.57,-0.46,9391.05,-1.23,-22965984256.0,-3.1,-10645552128.0,-1.44,-12320432128.0,-1.66,3940392960.0,0.53,19025592320.0,2.57
20240527,3124.04,1.14,9507.75,0.88,-7224205056.0,-0.93,-904511232.0,-0.12,-6319693824.0,-0.82,-1440247808.0,-0.19,8664453120.0,1.12
20240524,3088.87,-0.88,9424.58,-1.23,-31436313600.0,-4.12,-13946123264.0,-1.83,-17490190336.0,-2.29,-59617280.0,-0.01,31495929856.0,4.12
20240523,3116.39,-1.33,9541.64,-1.56,-49278371840.0,-5.81,-24475445248.0,-2.89,-24802926592.0,-2.93,6232227840.0,0.74,43046141952.0,5.08
20240522,3158.54,0.02,9693.05,0.12,-9174534400.0,-1.1,-117885184.0,-0.01,-9056649216.0,-1.09,-2598457344.0,-0.31,11772997632.0,1.42
20240521,3157.97,-0.42,9681.66,-0.71,-33881099008.0,-4.24,-15473146624.0,-1.94,-18407952384.0,-2.3,5420421120.0,0.68,28460687360.0,3.56
20240520,3171.15,0.54,9750.82,0.43,-15791828224.0,-1.59,-7849004288.0,-0.79,-7942823936.0,-0.8,2772647936.0,0.28,13019181056.0,1.31
20240517,3154.03,1.01,9709.42,1.1,-4897097216.0,-0.55,2170305024.0,0.24,-7067402240.0,-0.8,-8640765952.0,-0.97,13537861632.0,1.53
20240516,3122.4,0.08,9604.13,0.21,-6753261056.0,-0.8,-73999872.0,-0.01,-6679261184.0,-0.79,-2250227712.0,-0.27,9003495424.0,1.06
20240515,3119.9,-0.82,9583.54,-0.88,-30604143616.0,-4.02,-13687802880.0,-1.8,-16916340736.0,-2.22,3068690432.0,0.4,27535454208.0,3.62
20240514,3145.77,-0.07,9668.73,-0.05,-13823897088.0,-1.68,-4263783936.0,-0.52,-9560113152.0,-1.16,-439656448.0,-0.05,14263554048.0,1.73
20240513,3148.02,-0.21,9673.32,-0.6,-26016814080.0,-2.86,-8426783744.0,-0.93,-17590030336.0,-1.93,1183199232.0,0.13,24833617920.0,2.73
20240510,3154.55,0.01,9731.24,-0.58,-24692126976.0,-2.71,-7809561856.0,-0.86,-16882565120.0,-1.85,3258540032.0,0.36,21433581568.0,2.35
20240509,3154.32,0.83,9788.07,1.55,1195652352.0,0.13,6405739776.0,0.71,-5210087424.0,-0.58,-10651820032.0,-1.18,9456164864.0,1.05
20240508,3128.48,-0.61,9638.82,-1.35,-31212762880.0,-3.61,-10463491840.0,-1.21,-20749271040.0,-2.4,1539444736.0,0.18,29673316352.0,3.43
20240507,3147.74,0.22,9770.94,-0.08,-22100422400.0,-2.28,-8949518080.0,-0.92,-13150904320.0,-1.36,1295261696.0,0.13,20805152768.0,2.15
20240506,3140.72,1.16,9779.21,2.0,-1476326400.0,-0.13,3651312640.0,0.33,-5127639040.0,-0.47,-7832662016.0,-0.71,9308991488.0,0.84
20240430,3104.82,-0.26,9587.12,-0.9,-47322290688.0,-4.59,-25212369408.0,-2.45,-22109921280.0,-2.15,3814617088.0,0.37,43507671040.0,4.22
20240429,3113.04,0.79,9673.76,2.22,-7110351616.0,-0.59,335320320.0,0.03,-7445671936.0,-0.61,-6662676480.0,-0.55,13773029376.0,1.14
20240426,3088.64,1.17,9463.91,2.15,9966946816.0,0.92,13964687872.0,1.29,-3997741056.0,-0.37,-18798665728.0,-1.73,8831721472.0,0.81
20240425,3052.9,0.27,9264.48,0.14,-16165507072.0,-2.09,-5530967552.0,-0.71,-10634539520.0,-1.37,-558030848.0,-0.07,16723537920.0,2.16
20240424,3044.82,0.76,9251.13,0.74,1624352512.0,0.2,5275322112.0,0.66,-3650969600.0,-0.46,-4321783808.0,-0.54,2697424896.0,0.34
20240423,3021.98,-0.74,9183.14,-0.61,-22389079552.0,-2.89,-9856052736.0,-1.27,-12533026816.0,-1.62,1597054976.0,0.21,20792020992.0,2.68
20240422,3044.6,-0.67,9239.14,-0.43,-20550017536.0,-2.5,-10303279616.0,-1.25,-10246737920.0,-1.25,869134336.0,0.11,19680886784.0,2.39
20240419,3065.26,-0.29,9279.46,-1.04,-29385020160.0,-3.42,-13248770816.0,-1.54,-16136249344.0,-1.88,4946759680.0,0.57,24438255616.0,2.84
20240418,3074.22,0.09,9376.81,-0.05,-13291757056.0,-1.4,-2031226368.0,-0.21,-11260530688.0,-1.19,-1837277184.0,-0.19,15129026560.0,1.59
20240417,3071.38,2.14,9381.77,2.48,27264462080.0,2.97,17985285376.0,1.96,9279176704.0,1.01,-8759296000.0,-0.95,-18505162752.0,-2.01
20240416,3007.07,-1.65,9155.07,-2.29,-48483542272.0,-5.12,-22372418816.0,-2.36,-26111123456.0,-2.76,4812050432.0,0.51,43671490560.0,4.61
20240415,3057.38,1.26,9369.7,1.53,-22840860928.0,-2.29,-6426165504.0,-0.64,-16414695424.0,-1.65,-677060608.0,-0.07,23517925376.0,2.36
20240412,3019.47,-0.49,9228.23,-0.78,-21704524288.0,-2.68,-7151587840.0,-0.88,-14552936448.0,-1.8,1205518336.0,0.15,20499005440.0,2.53
20240411,3034.25,0.23,9300.77,0.03,-7415571200.0,-0.91,-982446848.0,-0.12,-6433124352.0,-0.79,-3860045824.0,-0.47,11275616256.0,1.39
20240410,3027.33,-0.7,9297.96,-1.6,-43984438016.0,-5.3,-19120116480.0,-2.3,-24864321536.0,-3.0,4440821760.0,0.54,39543615488.0,4.76
20240409,3048.54,0.05,9448.98,0.58,-8941253376.0,-1.12,-4556849920.0,-0.57,-4384403456.0,-0.55,1451294720.0,0.18,7489957888.0,0.94
20240408,3047.05,-0.72,9394.61,-1.57,-31584744192.0,-3.39,-12588524288.0,-1.35,-18996219904.0,-2.04,6890926080.0,0.74,24693825536.0,2.65
20240403,3069.3,-0.18,9544.77,-0.44,-24062365184.0,-2.62,-9548271104.0,-1.04,-14514094080.0,-1.58,1550340096.0,0.17,22512029696.0,2.45
20240402,3074.96,-0.08,9586.95,-0.62,-36241179904.0,-3.75,-16921310464.0,-1.75,-19319869440.0,-2.0,2777047040.0,0.29,33464135680.0,3.46
20240401,3077.38,1.19,9647.07,2.62,6873208320.0,0.69,8262911488.0,0.83,-1389703168.0,-0.14,-7997706240.0,-0.8,1124499456.0,0.11
20240329,3041.17,1.01,9400.85,0.62,-17287418368.0,-2.01,-7148040704.0,-0.83,-10139377664.0,-1.18,477306880.0,0.06,16810110976.0,1.96
20240328,3010.66,0.59,9342.92,1.31,9994564096.0,1.07,9172095488.0,0.98,822468608.0,0.09,-5493641216.0,-0.59,-4500930560.0,-0.48
20240327,2993.14,-1.26,9222.47,-2.4,-45747190528.0,-5.15,-20534045440.0,-2.31,-25213145088.0,-2.84,4337418240.0,0.49,41409777664.0,4.66
20240326,3031.48,0.17,9449.43,0.28,-28360946688.0,-2.97,-11892073472.0,-1.24,-16468873216.0,-1.72,-1180614656.0,-0.12,29541556224.0,3.09
20240325,3026.31,-0.71,9422.61,-1.49,-49032721920.0,-4.7,-22282130944.0,-2.14,-26750590976.0,-2.56,3247181824.0,0.31,45785538560.0,4.39
20240322,3048.03,-0.95,9565.56,-1.21,-45065271040.0,-4.11,-18929960704.0,-1.73,-26135310336.0,-2.38,3463888896.0,0.32,41601384448.0,3.79
20240321,3077.11,-0.08,9682.51,-0.36,-30272343552.0,-2.84,-11266096640.0,-1.06,-19006246912.0,-1.78,1544265728.0,0.14,28728070144.0,2.69
20240320,3079.69,0.55,9717.37,0.21,-9244025088.0,-0.92,-226980096.0,-0.02,-9017044992.0,-0.9,-4218507264.0,-0.42,13462536192.0,1.35
20240319,3062.76,-0.72,9696.69,-0.58,-43792288256.0,-4.06,-20557445632.0,-1.91,-23234842624.0,-2.16,5464190976.0,0.51,38328094720.0,3.56
20240318,3084.93,0.99,9752.83,1.46,6294083584.0,0.55,8492509184.0,0.75,-2198425600.0,-0.19,-4995977216.0,-0.44,-1298108416.0,-0.11
20240315,3054.64,0.54,9612.75,0.6,-4695389184.0,-0.5,-586294272.0,-0.06,-4109094912.0,-0.44,-186634240.0,-0.02,4882030592.0,0.52
20240314,3038.23,-0.18,9555.42,-0.52,-40884787712.0,-4.06,-18386864640.0,-1.83,-22497923072.0,-2.23,2764455936.0,0.27,38120333312.0,3.78
20240313,3043.83,-0.4,9604.99,-0.27,-23503362304.0,-2.23,-9297729792.0,-0.88,-14205632512.0,-1.35,-104046592.0,-0.01,23607406592.0,2.24
20240312,3055.94,-0.41,9630.55,0.51,-28888623616.0,-2.52,-14053972480.0,-1.23,-14834651136.0,-1.3,1653551104.0,0.14,27235069952.0,2.38
20240311,3068.46,0.74,9581.53,2.27,6488097536.0,0.65,8228365056.0,0.82,-1740267520.0,-0.17,-5011181568.0,-0.5,-1476919296.0,-0.15
20240308,3046.02,0.62,9369.05,1.1,3063263744.0,0.36,8449815040.0,0.98,-5386551296.0,-0.63,-6193295360.0,-0.72,3130032128.0,0.36
20240307,3027.4,-0.41,9267.12,-1.37,-42953847296.0,-4.38,-20337795584.0,-2.07,-22616051712.0,-2.3,3956768768.0,0.4,38997073920.0,3.97
20240306,3039.93,-0.26,9395.65,-0.22,-11583599616.0,-1.24,-4106716160.0,-0.44,-7476883456.0,-0.8,-3194253312.0,-0.34,14777851904.0,1.59
20240305,3047.79,0.28,9416.8,-0.23,-44488297984.0,-4.17,-21093649920.0,-1.98,-23394648064.0,-2.19,315969536.0,0.03,44172324864.0,4.14
20240304,3039.31,0.41,9438.24,0.04,-26949790208.0,-2.5,-10706954752.0,-0.99,-16242835456.0,-1.51,8377430016.0,0.78,18572361728.0,1.72
20240301,3027.02,0.39,9434.75,1.12,-2961596928.0,-0.28,5108997632.0,0.48,-8070594560.0,-0.76,-3972083712.0,-0.38,6933671936.0,0.66
20240229,3015.17,1.94,9330.44,3.13,20242981632.0,1.92,17715954432.0,1.68,2527027200.0,0.24,-10613485568.0,-1.01,-9629499392.0,-0.91
20240228,2957.85,-1.91,9047.1,-2.4,-73726259456.0,-5.43,-27606712576.0,-2.03,-46119546880.0,-3.4,1684967424.0,0.12,72041295872.0,5.31
20240227,3015.48,1.29,9269.57,2.24,14053528320.0,1.42,15597507328.0,1.58,-1543979008.0,-0.16,-10411659264.0,-1.05,-3641864192.0,-0.37
20240226,2977.02,-0.93,9066.09,-0.04,-19313621504.0,-1.95,-7651170816.0,-0.77,-11662450688.0,-1.18,763187200.0,0.08,18550431744.0,1.88
20240223,3004.88,0.55,9069.42,0.28,-3616098816.0,-0.39,1890649600.0,0.21,-5506748416.0,-0.6,-1531850752.0,-0.17,5147947008.0,0.56
20240222,2988.36,1.27,9043.75,0.76,-619317248.0,-0.08,4322756608.0,0.53,-4942073856.0,-0.6,-1262026752.0,-0.15,1881346048.0,0.23
20240221,2950.96,0.97,8975.97,0.79,9022106880.0,0.92,14223682816.0,1.45,-5201575936.0,-0.53,-13260312576.0,-1.35,4238209024.0,0.43
20240220,2922.73,0.42,8905.96,0.04,-4093978624.0,-0.52,2280900608.0,0.29,-6374879232.0,-0.81,240615424.0,0.03,3853365248.0,0.49
20240219,2910.54,1.56,8902.33,0.93,-5056303104.0,-0.53,3055165440.0,0.32,-8111468544.0,-0.85,-2593857536.0,-0.27,7650164736.0,0.8
20240208,2865.9,1.28,8820.6,1.29,-3922129152.0,-0.39,2417471232.0,0.24,-6339600384.0,-0.62,-9242157056.0,-0.91,13164290048.0,1.29
20240207,2829.7,1.44,8708.24,2.93,-21337865216.0,-2.09,650322944.0,0.06,-21988188160.0,-2.15,-15963254784.0,-1.56,37301116928.0,3.65
20240206,2789.49,3.23,8460.38,6.22,21633648896.0,2.34,15368710400.0,1.66,6264938496.0,0.68,-7241428992.0,-0.78,-14392209408.0,-1.55
20240205,2702.19,-1.02,7964.71,-1.13,-30281834496.0,-3.45,-13294047232.0,-1.52,-16987787264.0,-1.94,4195762176.0,0.48,26086076416.0,2.97
20240202,2730.15,-1.46,8055.77,-2.24,-41802814464.0,-5.19,-20097209344.0,-2.49,-21705605120.0,-2.69,7034937344.0,0.87,34767872000.0,4.32
20240201,2770.74,-0.64,8240.48,0.34,-6353239296.0,-0.9,-117680896.0,-0.02,-6235558400.0,-0.89,-892424192.0,-0.13,7245660160.0,1.03
20240131,2788.55,-1.48,8212.84,-1.95,-32391282176.0,-4.27,-14016829696.0,-1.85,-18374452480.0,-2.42,3510804480.0,0.46,28880482304.0,3.81
20240130,2830.53,-1.83,8375.98,-2.4,-30647534592.0,-4.62,-13851392512.0,-2.09,-16796142080.0,-2.53,5901123584.0,0.89,24746405888.0,3.73
20240129,2883.36,-0.92,8581.76,-2.06,-40858799104.0,-5.07,-19348405248.0,-2.4,-21510393856.0,-2.67,7442976768.0,0.92,33415819264.0,4.15
20240126,2910.22,0.14,8762.33,-1.06,-29319883264.0,-3.54,-12848863744.0,-1.55,-16471019520.0,-1.99,2604888064.0,0.31,26715000832.0,3.22
20240125,2906.11,3.03,8856.22,2.0,20993730304.0,2.36,16073406208.0,1.8,4920324096.0,0.55,-13868015616.0,-1.56,-7125716992.0,-0.8
20240124,2820.77,1.8,8682.19,1.0,-6316849152.0,-0.82,730998784.0,0.1,-7047847936.0,-0.92,-1879359488.0,-0.25,8196214784.0,1.07
20240123,2770.98,0.53,8596.28,1.38,8537971200.0,1.21,7578589440.0,1.08,959381760.0,0.14,-1805316096.0,-0.26,-6732652544.0,-0.96
20240122,2756.34,-2.68,8479.55,-3.5,-49908041216.0,-6.29,-22298215424.0,-2.81,-27609825792.0,-3.48,7960596480.0,1.0,41947443200.0,5.28
20240119,2832.28,-0.47,8787.02,-0.68,-18412698368.0,-2.76,-6344430592.0,-0.95,-12068267776.0,-1.81,2432700416.0,0.36,15979991040.0,2.4
20240118,2845.78,0.43,8847.0,1.0,-13174957824.0,-1.52,-1063184128.0,-0.12,-12111773696.0,-1.4,1289302016.0,0.15,11885658112.0,1.37
20240117,2833.62,-2.09,8759.76,-2.58,-36723372032.0,-5.76,-16135458304.0,-2.53,-20587913728.0,-3.23,5434093568.0,0.85,31289274368.0,4.91
20240116,2893.99,0.27,8992.07,0.31,-25324106240.0,-3.7,-8928631808.0,-1.3,-16395474432.0,-2.39,943394816.0,0.14,24380706816.0,3.56
20240115,2886.29,0.15,8963.93,-0.36,-7649490432.0,-1.25,-1211352064.0,-0.2,-6438138368.0,-1.05,-375816192.0,-0.06,8025300992.0,1.31
20240112,2881.98,-0.16,8996.26,-0.64,-22110063872.0,-3.27,-8358911744.0,-1.24,-13751152128.0,-2.03,80777216.0,0.01,22029291520.0,3.26
20240111,2886.65,0.31,9053.88,1.47,9581132288.0,1.35,9841754880.0,1.38,-260622592.0,-0.04,-8491618304.0,-1.19,-1089519616.0,-0.15
20240110,2877.7,-0.54,8922.79,-0.55,-14605333760.0,-2.26,-4048823552.0,-0.63,-10556510208.0,-1.63,-2253242368.0,-0.35,16858570752.0,2.61
20240109,2893.25,0.2,8971.72,0.27,-11314679552.0,-1.68,-2449055744.0,-0.36,-8865623808.0,-1.31,60416000.0,0.01,11254263808.0,1.67
20240108,2887.54,-1.42,8947.72,-1.85,-24159524864.0,-3.67,-10355284224.0,-1.57,-13804240640.0,-2.1,4804042752.0,0.73,19355480064.0,2.94
20240105,2929.18,-0.85,9116.44,-1.07,-32776323584.0,-4.45,-14277032192.0,-1.94,-18499291392.0,-2.51,2095190016.0,0.28,30681133056.0,4.17
20240104,2954.35,-0.43,9215.25,-1.24,-23292376064.0,-3.46,-9732558080.0,-1.45,-13559817984.0,-2.01,3411087360.0,0.51,19881279488.0,2.95
20240103,2967.25,0.17,9330.86,-0.75,-25041066496.0,-3.4,-10594436352.0,-1.44,-14446630144.0,-1.96,961110016.0,0.13,24079953920.0,3.27
20240102,2962.28,-0.43,9401.35,-1.29,-27054027008.0,-3.43,-12357464320.0,-1.57,-14696562688.0,-1.87,3083358208.0,0.39,23970676736.0,3.04
20231229,2974.93,0.68,9524.69,0.89,-7298947584.0,-0.89,-233138688.0,-0.03,-7065808896.0,-0.86,-6301208576.0,-0.77,13600153600.0,1.65
20231228,2954.7,1.38,9441.05,2.71,15061817344.0,1.7,12047009792.0,1.36,3014807552.0,0.34,-12520398848.0,-1.42,-2541412352.0,-0.29
20231227,2914.61,0.54,9191.74,0.38,-8839795456.0,-1.39,-762263040.0,-0.12,-8077532416.0,-1.27,-3707318272.0,-0.58,12547117056.0,1.97
20231226,2898.88,-0.68,9157.25,-1.07,-28263338496.0,-4.63,-11472699904.0,-1.88,-16790638592.0,-2.75,1722384384.0,0.28,26540949504.0,4.35
20231225,2918.81,0.14,9256.28,0.38,-14757320448.0,-2.43,-4700344064.0,-0.77,-10056976384.0,-1.65,964825088.0,0.16,13792501760.0,2.27
20231222,2914.78,-0.13,9221.31,-0.39,-32110196992.0,-4.12,-14141773312.0,-1.81,-17968423680.0,-2.31,894078976.0,0.11,31216115712.0,4.0
20231221,2918.71,0.57,9257.09,1.08,-2167148544.0,-0.3,2526499072.0,0.34,-4693647616.0,-0.64,-7597740032.0,-1.04,9764888576.0,1.33
20231220,2902.11,-1.03,9158.44,-1.41,-32244477184.0,-4.86,-13277257984.0,-2.0,-18967219200.0,-2.86,1870102528.0,0.28,30374379520.0,4.58
20231219,2932.39,0.05,9289.34,0.11,-16465716736.0,-2.56,-7186006528.0,-1.12,-9279710208.0,-1.44,-2425892864.0,-0.38,18891612160.0,2.94
20231218,2930.8,-0.4,9279.39,-1.13,-34620141056.0,-5.0,-14773388032.0,-2.13,-19846753024.0,-2.87,2700574720.0,0.39,31919566848.0,4.61
20231215,2942.56,-0.56,9385.33,-0.35,-10846313472.0,-1.48,-2298494464.0,-0.31,-8547819008.0,-1.17,354459648.0,0.05,10491858944.0,1.43
20231214,2958.99,-0.33,9417.97,-0.62,-25701554432.0,-3.49,-11815093760.0,-1.6,-13886460672.0,-1.88,1710813184.0,0.23,23990734848.0,3.26
20231213,2968.76,-1.15,9476.62,-1.54,-31076158208.0,-4.04,-12767379712.0,-1.66,-18308778496.0,-2.38,2285129728.0,0.3,28791029760.0,3.75
20231212,3003.44,0.4,9625.26,-0.08,-15982526720.0,-2.03,-7159243008.0,-0.91,-8823283712.0,-1.12,2074976256.0,0.26,13907550208.0,1.77
20231211,2991.44,0.74,9632.61,0.82,-12516928000.0,-1.37,-3991099904.0,-0.44,-8525828096.0,-0.94,-2296627200.0,-0.25,14813556736.0,1.63
20231208,2969.56,0.11,9553.92,0.36,-13685634048.0,-1.42,-1024918528.0,-0.11,-12660715520.0,-1.32,-4257800192.0,-0.44,17943433216.0,1.87
20231207,2966.21,-0.09,9519.91,-0.14,-14994459392.0,-1.83,-6065289984.0,-0.74,-8929169408.0,-1.09,-593276928.0,-0.07,15587733504.0,1.9
20231206,2968.93,-0.11,9533.25,0.66,-8723917824.0,-1.07,-98027264.0,-0.01,-8625890560.0,-1.06,-4289683456.0,-0.53,13013598208.0,1.59
20231205,2972.3,-1.67,9470.36,-1.97,-45530052096.0,-5.54,-20827004928.0,-2.53,-24703047168.0,-3.0,4011855872.0,0.49,41518194688.0,5.05
20231204,3022.91,-0.29,9660.44,-0.62,-21510889472.0,-2.53,-11028533248.0,-1.3,-10482356224.0,-1.23,5062713344.0,0.59,16448176128.0,1.93
20231201,3031.64,0.07,9720.57,-0.07,-1749672192.0,-0.21,4611809024.0,0.55,-6361481216.0,-0.76,-3778588672.0,-0.45,5528260608.0,0.66
20231130,3029.67,0.26,9726.92,-0.18,-28433695744.0,-3.68,-12270908160.0,-1.59,-16162787584.0,-2.09,2251288576.0,0.29,26182418432.0,3.38
20231129,3021.69,-0.55,9744.39,-0.91,-30279452928.0,-3.91,-12494659072.0,-1.61,-17784793856.0,-2.29,864653312.0,0.11,29414797312.0,3.8
20231128,3038.55,0.23,9833.46,0.49,-21908165120.0,-2.84,-10754115584.0,-1.39,-11154049536.0,-1.44,2998497280.0,0.39,18909667328.0,2.45
20231127,3031.7,-0.3,9785.57,-0.55,-25912483840.0,-3.13,-11154710528.0,-1.35,-14757773312.0,-1.78,1753243648.0,0.21,24159240192.0,2.91
20231124,3040.97,-0.68,9839.52,-0.94,-43025084928.0,-5.29,-20891544064.0,-2.57,-22133540864.0,-2.72,6328696832.0,0.78,36696387584.0,4.51
20231123,3061.86,0.6,9933.02,0.78,-12136486656.0,-1.47,-3802303232.0,-0.46,-8334183424.0,-1.01,-2843201536.0,-0.34,14979694592.0,1.82
20231122,3043.61,-0.79,9855.66,-1.41,-45559996928.0,-5.2,-21153796608.0,-2.42,-24406200320.0,-2.79,2980503552.0,0.34,42579492864.0,4.86
20231121,3067.93,-0.01,9997.09,-0.26,-35732521728.0,-3.58,-15809856256.0,-1.58,-19922665472.0,-2.0,1127804928.0,0.11,34604720128.0,3.47
20231120,3068.32,0.46,10022.7,0.43,-9618814720.0,-1.04,-1228244736.0,-0.13,-8390569984.0,-0.9,252231680.0,0.03,9366585344.0,1.01
20231117,3054.37,0.11,9979.69,0.25,-13095095296.0,-1.58,-4698049536.0,-0.57,-8397045760.0,-1.02,1410310144.0,0.17,11684786176.0,1.41
20231116,3050.93,-0.71,9954.4,-1.23,-36677117696.0,-4.31,-17579845376.0,-2.07,-19097272320.0,-2.25,4314669056.0,0.51,32362446848.0,3.8
20231115,3072.83,0.55,10077.96,0.72,-16478223104.0,-1.66,-4843715328.0,-0.49,-11634507776.0,-1.18,117911552.0,0.01,16360304640.0,1.65
20231114,3056.07,0.31,10005.56,0.17,-11399536384.0,-1.28,-1658826496.0,-0.19,-9740709888.0,-1.09,-476532736.0,-0.05,11876065280.0,1.33
20231113,3046.53,0.25,9988.83,0.1,-11944752384.0,-1.38,-5559371008.0,-0.64,-6385381376.0,-0.74,1890906112.0,0.22,10053849088.0,1.16
20231110,3038.97,-0.47,9978.54,-0.53,-29821263360.0,-3.6,-15287340544.0,-1.85,-14533922816.0,-1.76,3500437504.0,0.42,26320826368.0,3.18
20231109,3053.28,0.03,10032.09,-0.2,-36723502080.0,-3.82,-16349805568.0,-1.7,-20373696512.0,-2.12,4026896384.0,0.42,32696606720.0,3.4
20231108,3052.37,-0.16,10052.09,-0.04,-22832496896.0,-2.2,-6948032768.0,-0.67,-15884464128.0,-1.53,-1896992768.0,-0.18,24729485312.0,2.39
20231107,3057.27,-0.04,10056.49,-0.15,-20148058624.0,-2.03,-7727405568.0,-0.78,-12420653056.0,-1.25,1461071872.0,0.15,18686984192.0,1.88
20231106,3058.41,0.91,10071.56,2.21,10930409472.0,1.03,11564130304.0,1.09,-633720832.0,-0.06,-7804416000.0,-0.73,-3125997568.0,-0.29
20231103,3030.8,0.71,9853.89,1.22,5077176576.0,0.63,8357523712.0,1.03,-3280347136.0,-0.41,-10226450432.0,-1.26,5149270016.0,0.64
20231102,3009.41,-0.45,9734.77,-0.94,-29915853056.0,-3.9,-14079175680.0,-1.84,-15836677376.0,-2.07,400367616.0,0.05,29515489280.0,3.85
20231101,3023.08,0.14,9826.73,-0.38,-15650043392.0,-1.93,-4319831552.0,-0.53,-11330211840.0,-1.4,-1723486208.0,-0.21,17373536256.0,2.14
20231031,3018.77,-0.09,9863.8,-0.65,-36760806912.0,-4.0,-17064080896.0,-1.86,-19696726016.0,-2.14,3291017216.0,0.36,33469792256.0,3.64
20231030,3021.55,0.12,9927.99,1.61,-560995072.0,-0.05,5045363968.0,0.49,-5606359040.0,-0.54,-5313556480.0,-0.51,5874548736.0,0.57
20231027,3017.78,0.99,9770.84,2.14,4558529280.0,0.47,8705364736.0,0.9,-4146835456.0,-0.43,-8205914112.0,-0.85,3647385600.0,0.38
20231026,2988.3,0.48,9566.1,0.4,-17656736512.0,-2.1,-5518347008.0,-0.66,-12138389504.0,-1.44,-1006493696.0,-0.12,18663227392.0,2.22
20231025,2974.11,0.4,9528.31,0.47,-5154670848.0,-0.59,1115633408.0,0.13,-6270304256.0,-0.72,-1777598464.0,-0.2,6932267008.0,0.79
20231024,2962.24,0.78,9483.9,0.61,-6180040704.0,-0.77,685166592.0,0.09,-6865207296.0,-0.85,-3195699200.0,-0.4,9375735808.0,1.17
20231023,2939.29,-1.47,9425.98,-1.51,-35809822720.0,-4.97,-15199813376.0,-2.11,-20610009344.0,-2.86,4030484480.0,0.56,31779340288.0,4.41
20231020,2983.06,-0.74,9570.36,-0.88,-16236632320.0,-2.22,-7488254464.0,-1.02,-8748377856.0,-1.2,377061376.0,0.05,15859568640.0,2.17
20231019,3005.39,-1.74,9655.09,-1.65,-33658478848.0,-4.14,-15037899008.0,-1.85,-18620579840.0,-2.29,2774609920.0,0.34,30883872768.0,3.8
20231018,3058.71,-0.8,9816.68,-1.24,-30503891456.0,-3.98,-11003665920.0,-1.44,-19500225536.0,-2.54,1231081472.0,0.16,29272801280.0,3.82
20231017,3083.5,0.32,9940.22,0.15,-16124075520.0,-2.19,-6416497664.0,-0.87,-9707577856.0,-1.32,121147392.0,0.02,16002928640.0,2.18
20231016,3073.81,-0.46,9924.92,-1.42,-35479095040.0,-4.36,-15968566016.0,-1.96,-19510529024.0,-2.4,4724441088.0,0.58,30754652160.0,3.78
20231013,3088.1,-0.64,10068.28,-0.99,-28803404032.0,-3.56,-11369761280.0,-1.41,-17433642752.0,-2.16,2154430464.0,0.27,26648965120.0,3.3
20231012,3107.9,0.94,10168.49,0.83,-5614431232.0,-0.68,1886290944.0,0.23,-7500722176.0,-0.9,-2815795200.0,-0.34,8430227456.0,1.01
20231011,3078.96,0.12,10084.89,0.35,-6733737216.0,-0.8,2023273216.0,0.24,-8757010432.0,-1.04,-3473584128.0,-0.41,10207313920.0,1.22
20231010,3075.24,-0.7,10050.04,-0.56,-19493089280.0,-2.52,-6879053312.0,-0.89,-12614035968.0,-1.63,616042496.0,0.08,18877050880.0,2.44
20231009,3096.92,-0.44,10106.96,-0.03,-9805998592.0,-1.27,-2965766400.0,-0.39,-6840232192.0,-0.89,2254397440.0,0.29,7551598592.0,0.98
20230928,3110.48,0.1,10109.53,0.05,-9243399936.0,-1.29,-2143087104.0,-0.3,-7100312832.0,-0.99,-1803546624.0,-0.25,11046940672.0,1.54
20230927,3107.32,0.16,10104.32,0.44,-5217602560.0,-0.73,34398208.0,0.0,-5252000768.0,-0.73,-6789443584.0,-0.95,12007051264.0,1.68
20230926,3102.27,-0.43,10060.15,-0.6,-16167088384.0,-2.43,-6000710144.0,-0.9,-10166378240.0,-1.53,-591441920.0,-0.09,16758534144.0,2.52
20230925,3115.61,-0.54,10120.62,-0.57,-24762854912.0,-3.45,-11760023040.0,-1.64,-13002831872.0,-1.81,4338552832.0,0.6,20424306688.0,2.84
20230922,3132.43,1.55,10178.74,1.97,20116121344.0,2.63,17624069888.0,2.3,2492051456.0,0.33,-11393122304.0,-1.49,-8723009536.0,-1.14
20230921,3084.7,-0.77,9981.67,-0.9,-18916769792.0,-3.27,-8133245184.0,-1.4,-10783524608.0,-1.86,-870146048.0,-0.15,19786911744.0,3.42
20230920,3108.57,-0.52,10072.46,-0.53,-18132341760.0,-3.16,-6441831680.0,-1.12,-11690510080.0,-2.04,-2950807552.0,-0.51,21083152384.0,3.68
20230919,3124.96,-0.03,10125.73,-0.73,-23821538048.0,-3.75,-11909307392.0,-1.88,-11912230656.0,-1.88,1321275392.0,0.21,22500257792.0,3.54
20230918,3125.93,0.26,10200.04,0.55,-10630044672.0,-1.52,-2322337792.0,-0.33,-8307706880.0,-1.19,-5101228032.0,-0.73,15731269632.0,2.25
20230915,3117.74,-0.28,10144.59,-0.52,-16141485312.0,-2.24,-6973099520.0,-0.97,-9168385792.0,-1.27,-1045561344.0,-0.14,17187041280.0,2.38
20230914,3126.55,0.11,10197.59,-0.57,-18997170176.0,-2.85,-6876148480.0,-1.03,-12121021696.0,-1.82,-4082311168.0,-0.61,23079481344.0,3.47
20230913,3123.07,-0.45,10255.87,-1.14,-37947875072.0,-5.44,-16951563264.0,-2.43,-20996311808.0,-3.01,2581008384.0,0.37,35366866944.0,5.07
20230912,3137.06,-0.18,10373.99,-0.08,-18409316096.0,-2.6,-7418202880.0,-1.05,-10991113216.0,-1.55,240173056.0,0.03,18169143296.0,2.57
20230911,3142.78,0.84,10382.38,0.98,3685175296.0,0.44,5752393728.0,0.68,-2067218432.0,-0.25,-4030341120.0,-0.48,345157632.0,0.04
20230908,3116.72,-0.18,10281.88,-0.38,-11902227968.0,-1.75,-2063827456.0,-0.3,-9838400512.0,-1.44,-4371468288.0,-0.64,16273694720.0,2.39
20230907,3122.35,-1.13,10321.44,-1.84,-45076445440.0,-5.88,-21122742016.0,-2.75,-23953703424.0,-3.12,5851971584.0,0.76,39224471552.0,5.12
20230906,3158.08,0.12,10515.21,-0.24,-9927700992.0,-1.29,-1731613184.0,-0.22,-8196087808.0,-1.06,-4142796800.0,-0.54,14070497280.0,1.82
20230905,3154.37,-0.71,10540.71,-0.67,-29160299520.0,-3.63,-14012107776.0,-1.74,-15148191744.0,-1.88,1877708800.0,0.23,27282583552.0,3.39
20230904,3177.06,1.4,10611.74,1.41,16776535808.0,1.9,11197169408.0,1.27,5579366400.0,0.63,-8479260672.0,-0.96,-8297275392.0,-0.94
20230901,3133.25,0.43,10463.74,0.44,-12237457664.0,-1.64,-4054657280.0,-0.54,-8182800384.0,-1.1,-4295950336.0,-0.58,16533405696.0,2.22
20230831,3119.88,-0.55,10418.21,-0.61,-29311706624.0,-3.53,-12604700160.0,-1.52,-16707006464.0,-2.01,667521024.0,0.08,28644179968.0,3.45
20230830,3137.14,0.04,10482.5,0.26,-26518145792.0,-2.69,-8234269440.0,-0.84,-18283876352.0,-1.86,351117312.0,0.04,26167029760.0,2.66
20230829,3135.89,1.2,10454.98,2.17,5684104192.0,0.55,9662938112.0,0.93,-3978833920.0,-0.38,-14747754496.0,-1.42,9063657472.0,0.87
20230828,3098.64,1.13,10233.15,1.01,-25751294208.0,-2.29,-5063086336.0,-0.45,-20688207872.0,-1.84,2204241920.0,0.2,23547052032.0,2.09
20230825,3064.07,-0.59,10130.47,-1.23,-38736387072.0,-5.06,-18277584384.0,-2.39,-20458802688.0,-2.67,509177856.0,0.07,38227214336.0,4.99
20230824,3082.24,0.12,10256.19,1.02,-9145111552.0,-1.16,1385729024.0,0.18,-10530840576.0,-1.34,-7917600768.0,-1.01,17062711296.0,2.17
20230823,3078.4,-1.34,10152.6,-2.14,-35210632192.0,-4.99,-16768245504.0,-2.38,-18442386688.0,-2.61,3473145856.0,0.49,31737483264.0,4.5
20230822,3120.33,0.88,10374.73,0.53,-11534387456.0,-1.41,712402688.0,0.09,-12246790144.0,-1.5,-4283748352.0,-0.52,15818141696.0,1.93
20230821,3092.98,-1.24,10320.39,-1.32,-25468461824.0,-3.75,-12149862912.0,-1.79,-13318598912.0,-1.96,1963167744.0,0.29,23505297408.0,3.47
20230818,3131.95,-1.0,10458.51,-1.75,-37690201856.0,-5.06,-17039728896.0,-2.29,-20650472960.0,-2.77,2996674560.0,0.4,34693529600.0,4.66
20230817,3163.74,0.43,10644.52,0.61,-8561251584.0,-1.16,-529824512.0,-0.07,-8031427072.0,-1.09,-5748338688.0,-0.78,14309588992.0,1.93
20230816,3150.13,-0.82,10579.56,-0.94,-28714348288.0,-4.08,-11090471680.0,-1.57,-17623876608.0,-2.5,-849772544.0,-0.12,29564121088.0,4.2
20230815,3176.18,-0.07,10679.73,-0.7,-25135607296.0,-3.56,-9207845120.0,-1.3,-15927762176.0,-2.25,1390952448.0,0.2,23744655360.0,3.36
20230814,3178.43,-0.34,10755.14,-0.5,-22237955072.0,-3.0,-9060040960.0,-1.22,-13177914112.0,-1.78,-63123456.0,-0.01,22301081600.0,3.01
20230811,3189.25,-2.01,10808.87,-2.18,-52168060160.0,-6.83,-26706484480.0,-3.5,-25461575680.0,-3.33,7611715584.0,1.0,44556337152.0,5.84
20230810,3254.56,0.31,11050.22,0.1,-18837760768.0,-2.71,-5089857280.0,-0.73,-13747903488.0,-1.98,-1003470848.0,-0.14,19841232896.0,2.86
20230809,3244.49,-0.49,11039.45,-0.53,-41899233280.0,-5.69,-20490450688.0,-2.78,-21408782592.0,-2.91,1988689920.0,0.27,39910543360.0,5.42
20230808,3260.62,-0.25,11098.45,-0.42,-32049052160.0,-4.01,-16366414336.0,-2.05,-15682637824.0,-1.96,3786039296.0,0.47,28263010304.0,3.54
20230807,3268.83,-0.59,11145.03,-0.83,-43823742208.0,-4.92,-23440854272.0,-2.63,-20382887936.0,-2.29,2578305024.0,0.29,41245437952.0,4.63
20230804,3288.08,0.23,11238.06,0.67,-10774884352.0,-1.03,1792864256.0,0.17,-12567748608.0,-1.2,-3278213120.0,-0.31,14053089280.0,1.34
20230803,3280.46,0.58,11163.42,0.53,-11099482624.0,-1.33,273393152.0,0.03,-11372875776.0,-1.37,-120856576.0,-0.01,11220336640.0,1.35
20230802,3261.69,-0.89,11104.16,-0.35,-31812610816.0,-3.81,-13591956224.0,-1.63,-18220654592.0,-2.18,4377907200.0,0.52,27434704896.0,3.28
20230801,3290.95,0.0,11143.23,-0.36,-34103407872.0,-3.56,-15034754304.0,-1.57,-19068653568.0,-1.99,610267136.0,0.06,33493143552.0,3.5
20230731,3291.04,0.46,11183.91,0.75,-12448373504.0,-1.13,-4233005824.0,-0.38,-8215367680.0,-0.74,-851431424.0,-0.08,13299810304.0,1.2
20230728,3275.93,1.84,11100.4,1.62,14071710976.0,1.48,21394654464.0,2.26,-7322943488.0,-0.77,-18100924416.0,-1.91,4029214720.0,0.42
20230727,3216.67,-0.2,10923.77,-0.41,-31136112896.0,-3.99,-14702948608.0,-1.88,-16433164288.0,-2.11,2767757312.0,0.35,28368355328.0,3.64
20230726,3223.03,-0.26,10968.98,-0.47,-35518333952.0,-4.48,-17758852096.0,-2.24,-17759481856.0,-2.24,3880161280.0,0.49,31638167552.0,3.99
20230725,3231.52,2.13,11021.29,2.54,34004961536.0,3.59,25477380352.0,2.69,8527581184.0,0.9,-17155678208.0,-1.81,-16849281024.0,-1.78
20230724,3164.16,-0.11,10747.79,-0.58,-23620878336.0,-3.58,-9522555648.0,-1.45,-14098322688.0,-2.14,1799483392.0,0.27,21821399040.0,3.31
20230721,3167.75,-0.06,10810.18,-0.06,-24688385024.0,-3.47,-10134102528.0,-1.43,-14554282496.0,-2.05,-1740910592.0,-0.24,26429288448.0,3.72
20230720,3169.52,-0.92,10816.27,-1.06,-41352113152.0,-5.26,-21995391744.0,-2.8,-19356721408.0,-2.46,-396972032.0,-0.05,41749086208.0,5.31
20230719,3198.84,0.03,10932.65,-0.37,-25931504384.0,-3.69,-12338714368.0,-1.76,-13592790016.0,-1.94,683511808.0,0.1,25247989760.0,3.59
20230718,3197.82,-0.37,10972.96,-0.34,-26350356480.0,-3.39,-13973216768.0,-1.8,-12377139712.0,-1.59,2088005632.0,0.27,24262348800.0,3.12
20230717,3209.63,-0.87,11010.36,-0.63,-33044557056.0,-4.12,-15047998976.0,-1.87,-17996558080.0,-2.24,2486775808.0,0.31,30557782016.0,3.81
20230714,3237.7,0.04,11080.32,-0.14,-17878379008.0,-1.94,-4428503552.0,-0.48,-13449875456.0,-1.46,-326631424.0,-0.04,18205016064.0,1.97
20230713,3236.48,1.26,11095.44,1.61,2435568640.0,0.26,8885572608.0,0.96,-6450003968.0,-0.7,-11123355648.0,-1.21,8687792128.0,0.94
20230712,3196.13,-0.78,10919.26,-0.99,-46236311296.0,-5.07,-22867484416.0,-2.51,-23368826880.0,-2.56,6774280192.0,0.74,39462031360.0,4.33
20230711,3221.37,0.55,11028.68,0.78,-11216748800.0,-1.45,272481280.0,0.04,-11489230080.0,-1.49,-4802818048.0,-0.62,16019562496.0,2.07
20230710,3203.7,0.22,10942.83,0.5,-14139602944.0,-1.86,-6258610688.0,-0.82,-7880992256.0,-1.04,1218322432.0,0.16,12921282560.0,1.7
20230707,3196.61,-0.28,10888.55,-0.73,-28255850496.0,-3.53,-13805420544.0,-1.73,-14450429952.0,-1.81,2062938112.0,0.26,26192916480.0,3.27
20230706,3205.57,-0.54,10968.37,-0.55,-18726651648.0,-2.28,-7033587456.0,-0.86,-11693064192.0,-1.43,-1677512704.0,-0.2,20404158464.0,2.49
20230705,3222.95,-0.69,11029.3,-0.91,-34813836800.0,-4.01,-17010494976.0,-1.96,-17803341824.0,-2.05,3317354496.0,0.38,31496478720.0,3.63
20230704,3245.35,0.04,11130.3,0.35,-16965928192.0,-1.83,-4054590720.0,-0.44,-12911337472.0,-1.39,-1116385280.0,-0.12,18082316288.0,1.95
20230703,3243.98,1.31,11091.56,0.59,-8035082752.0,-0.78,-2084622848.0,-0.2,-5950459904.0,-0.58,-2304802816.0,-0.22,10339880960.0,1.01
20230630,3202.06,0.62,11026.59,1.02,-2523655936.0,-0.27,1793237248.0,0.2,-4316893184.0,-0.47,-7053910016.0,-0.77,9577562112.0,1.04
20230629,3182.38,-0.22,10915.5,-0.1,-17749412096.0,-2.05,-5398677760.0,-0.62,-12350734336.0,-1.43,-59453440.0,-0.01,17808867328.0,2.06
20230628,3189.38,0.0,10926.32,-0.47,-29715626752.0,-3.35,-12058979072.0,-1.36,-17656647680.0,-1.99,2338885632.0,0.26,27376738304.0,3.08
20230627,3189.44,1.23,10978.08,0.97,-4772614912.0,-0.57,844893440.0,0.1,-5617508352.0,-0.67,-2715291648.0,-0.32,7487909888.0,0.89
20230626,3150.62,-1.48,10872.3,-1.68,-51045952512.0,-5.22,-26456509440.0,-2.71,-24589443072.0,-2.52,558166016.0,0.06,50487787520.0,5.17
20230621,3197.9,-1.31,11058.63,-2.18,-62728006400.0,-6.14,-36421311232.0,-3.56,-26306695168.0,-2.57,6377762816.0,0.62,56350244864.0,5.51
20230620,3240.36,-0.47,11305.35,0.28,-28726379264.0,-2.64,-11211072256.0,-1.03,-17515307008.0,-1.61,-486473728.0,-0.04,29212860416.0,2.68
20230619,3255.81,-0.54,11274.05,-0.29,-32745502720.0,-2.96,-12154451968.0,-1.1,-20591050752.0,-1.86,4324143104.0,0.39,28421357568.0,2.57
20230616,3273.33,0.63,11306.53,1.11,3499457024.0,0.33,9030040064.0,0.85,-5530583040.0,-0.52,-6188507136.0,-0.58,2689052672.0,0.25
20230615,3252.98,0.74,11182.94,1.81,-11780087296.0,-1.1,-2008808960.0,-0.19,-9771278336.0,-0.91,-3148857344.0,-0.29,14928949248.0,1.39
20230614,3228.99,-0.14,10984.56,0.26,-22560660224.0,-2.25,-10031323904.0,-1.0,-12529336320.0,-1.25,770772992.0,0.08,21789884416.0,2.18
20230613,3233.67,0.15,10955.96,0.76,-8943765248.0,-0.95,-383993600.0,-0.04,-8559771648.0,-0.91,-4930125824.0,-0.52,13873885184.0,1.47
20230612,3228.83,-0.08,10873.74,0.74,-16378840064.0,-1.7,-4056118272.0,-0.42,-12322721792.0,-1.28,-807305216.0,-0.08,17186148352.0,1.78
20230609,3231.41,0.55,10793.93,0.66,-25426688.0,0.0,6497146112.0,0.66,-6522572800.0,-0.66,-4830679040.0,-0.49,4856115200.0,0.49
20230608,3213.59,0.5,10722.87,0.13,-25137858560.0,-2.92,-11154749440.0,-1.3,-13983109120.0,-1.63,2173812736.0,0.25,22964051968.0,2.67
20230607,3197.76,0.08,10708.82,-0.6,-16666840320.0,-2.05,-4916546816.0,-0.6,-11750293504.0,-1.44,-1983631360.0,-0.24,18650472448.0,2.29
20230606,3195.34,-1.15,10773.45,-1.58,-52531550976.0,-5.6,-26698578688.0,-2.85,-25832972288.0,-2.76,4562317312.0,0.49,47969230848.0,5.12
20230605,3232.44,0.07,10946.08,-0.47,-26447577856.0,-3.03,-12532962048.0,-1.43,-13914615808.0,-1.59,3827019776.0,0.44,22620561408.0,2.59
20230602,3230.07,0.79,10998.07,1.5,-8960355840.0,-0.95,532226560.0,0.06,-9492582400.0,-1.01,-4564926464.0,-0.49,13525278720.0,1.44
20230601,3204.63,0.0,10835.9,0.39,-11883329280.0,-1.2,69400832.0,0.01,-11952730112.0,-1.21,-7059058688.0,-0.72,18942377984.0,1.92
20230531,3204.56,-0.61,10793.85,-0.7,-31004454144.0,-3.3,-14070385920.0,-1.5,-16934068224.0,-1.8,5209784320.0,0.55,25794674688.0,2.75
20230530,3224.21,0.09,10869.55,0.44,-15719461376.0,-1.68,-2600382976.0,-0.28,-13119078400.0,-1.41,-6641131520.0,-0.71,22360592384.0,2.4
20230529,3221.45,0.28,10822.09,-0.8,-32591430912.0,-3.54,-14593561856.0,-1.58,-17997869056.0,-1.95,5490790400.0,0.6,27100635136.0,2.94
20230526,3212.5,0.35,10909.65,0.12,-11802178304.0,-1.44,-489399040.0,-0.06,-11312779264.0,-1.38,-5300158464.0,-0.65,17102331904.0,2.08
20230525,3201.26,-0.11,10896.58,-0.22,-32457930240.0,-3.79,-14319924736.0,-1.67,-18138005504.0,-2.12,371236864.0,0.04,32086687744.0,3.74
20230524,3204.75,-1.28,10920.33,-0.84,-26689221376.0,-3.32,-10014999296.0,-1.25,-16674222080.0,-2.08,-1965535232.0,-0.24,28654751744.0,3.57
20230523,3246.24,-1.52,11012.58,-1.03,-36818650368.0,-4.81,-17099556864.0,-2.23,-19719093504.0,-2.58,2813337600.0,0.37,34005311488.0,4.44
20230522,3296.47,0.39,11127.04,0.32,-19859614720.0,-2.5,-8534797312.0,-1.07,-11324817408.0,-1.42,-812830720.0,-0.1,20672446464.0,2.6
20230519,3283.54,-0.42,11091.36,0.12,-24408303104.0,-2.88,-12537542144.0,-1.48,-11870760960.0,-1.4,-2619723776.0,-0.31,27028029440.0,3.19
20230518,3297.32,0.4,11078.28,-0.12,-12617208576.0,-1.43,-733565696.0,-0.08,-11883642880.0,-1.35,-1999179776.0,-0.23,14616387584.0,1.66
20230517,3284.23,-0.21,11091.08,-0.07,-15454535680.0,-1.98,-4334940160.0,-0.55,-11119595520.0,-1.42,-3929841664.0,-0.5,19384381440.0,2.48
20230516,3290.99,-0.6,11099.26,-0.71,-35821605120.0,-4.14,-22553276672.0,-2.6,-13268328448.0,-1.53,8434900992.0,0.97,27386699776.0,3.16
20230515,3310.74,1.17,11178.62,1.57,-17662470144.0,-1.88,-6834022400.0,-0.73,-10828447744.0,-1.15,-1621790720.0,-0.17,19284267008.0,2.06
20230512,3272.36,-1.12,11005.64,-1.23,-45010479104.0,-5.31,-23061583872.0,-2.72,-21948895232.0,-2.59,4929851392.0,0.58,40080629760.0,4.73
20230511,3309.55,-0.29,11142.53,0.02,-24559423488.0,-2.74,-11686428672.0,-1.3,-12872994816.0,-1.44,2530676736.0,0.28,22028742656.0,2.46
20230510,3319.15,-1.15,11140.19,0.14,-40166376704.0,-3.94,-27317593344.0,-2.68,-12848783360.0,-1.26,5510021120.0,0.54,34656358400.0,3.4
20230509,3357.67,-1.1,11125.02,-0.9,-40328095232.0,-3.3,-21865354752.0,-1.79,-18462740480.0,-1.51,2263396352.0,0.19,38064697344.0,3.12
20230508,3395.0,1.81,11225.77,0.4,-5611380736.0,-0.49,3210518528.0,0.28,-8821899264.0,-0.78,-4489162752.0,-0.39,10100551680.0,0.89
20230505,3334.5,-0.48,11180.87,-0.82,-35391335424.0,-3.3,-23974009856.0,-2.24,-11417325568.0,-1.07,7092011008.0,0.66,28299317248.0,2.64
20230504,3350.46,0.82,11273.87,-0.57,-23255080960.0,-1.98,-11137208320.0,-0.95,-12117872640.0,-1.03,5134344192.0,0.44,18120732672.0,1.55
20230428,3323.27,1.14,11338.67,1.08,9248058880.0,0.83,12949949952.0,1.16,-3701891072.0,-0.33,-11972251648.0,-1.07,2724192256.0,0.24
20230427,3285.88,0.67,11217.0,0.28,-30851539200.0,-2.95,-19165507840.0,-1.83,-11686031360.0,-1.12,2503929856.0,0.24,28347604992.0,2.71
20230426,3264.1,-0.02,11185.68,0.33,-28198497280.0,-2.51,-12563618816.0,-1.12,-15634878464.0,-1.39,1806737408.0,0.16,26391756800.0,2.35
20230425,3264.87,-0.32,11149.01,-1.48,-63351488256.0,-5.59,-33398972160.0,-2.95,-29952516096.0,-2.64,7379591168.0,0.65,55971901440.0,4.94
20230424,3275.41,-0.78,11317.01,-1.17,-40337746688.0,-3.72,-18854804224.0,-1.74,-21482942464.0,-1.98,1445564416.0,0.13,38892183552.0,3.59
20230421,3301.26,-1.95,11450.43,-2.28,-85811016960.0,-7.05,-47036339456.0,-3.86,-38774677504.0,-3.18,11375108096.0,0.93,74435903488.0,6.11
20230420,3367.03,-0.09,11717.26,-0.37,-26833841920.0,-2.36,-10125475584.0,-0.89,-16708366336.0,-1.47,-5406400512.0,-0.47,32240246784.0,2.83
20230419,3370.13,-0.68,11760.27,-0.84,-40785151744.0,-3.77,-18719532800.0,-1.73,-22065618944.0,-2.04,3789361152.0,0.35,36995784704.0,3.42
20230418,3393.33,0.23,11860.4,0.04,-27782732544.0,-2.62,-13589576448.0,-1.28,-14193156096.0,-1.34,3937239040.0,0.37,23845486592.0,2.25
20230417,3385.61,1.42,11855.48,0.47,-16636093440.0,-1.48,-6173942784.0,-0.55,-10462150656.0,-0.93,259555328.0,0.02,16376537088.0,1.46
