trade_date,ts_code,name,close,p_change,rank,market_type,amount,net_amount,sh_amount,sh_net_amount,sh_buy,sh_sell,sz_amount,sz_net_amount,sz_buy,sz_sell
20241129,06099.HK,招商证券,14.84,0.92,10,4,,,,,,,382501703.0,15902225.0,199201964.0,183299739.0
20241129,09896.HK,名创优品,38.7,3.0,9,4,,,,,,,399716173.0,6098287.0,202907230.0,196808943.0
20241129,01918.HK,融创中国,2.48,0.19,8,4,,,,,,,483955170.0,1195530.0,242575350.0,241379820.0
20241129,09988.HK,阿里巴巴-W,83.65,0.25,7,4,,,,,,,581893990.0,230592490.0,406243240.0,175650750.0
20241129,00883.HK,中国海洋石油,17.1,0.06,6,4,,,,,,,661848667.0,-61817427.0,300015620.0,361833047.0
20241129,02828.HK,恒生中国企业,70.8,0.26,5,4,,,,,,,718926508.0,615660.0,359771084.0,359155424.0
20241129,00981.HK,中芯国际,26.0,0.85,4,4,,,,,,,731043307.0,145378243.0,438210775.0,292832532.0
20241129,01810.HK,小米集团-W,27.75,-0.1,3,4,,,,,,,748158490.0,83550750.0,415854620.0,332303870.0
20241129,00700.HK,腾讯控股,398.0,-2.0,2,4,,,,,,,962760580.0,88151860.0,525456220.0,437304360.0
20241129,03690.HK,美团-W,168.7,-3.5,1,4,,,,,,,1101443080.0,319302780.0,710372930.0,391070150.0
20241129,01398.HK,工商银行,4.56,0.01,10,2,,,496744630.0,-462230.0,248141200.0,248603430.0,,,,
20241129,00941.HK,中国移动,72.3,0.65,9,2,,,628589319.0,260146431.0,444367875.0,184221444.0,,,,
20241129,09988.HK,阿里巴巴-W,83.65,0.25,8,2,,,688270765.0,189504745.0,438887755.0,249383010.0,,,,
20241129,06099.HK,招商证券,14.84,0.92,7,2,,,820046857.0,-15564537.0,402241160.0,417805697.0,,,,
20241129,01918.HK,融创中国,2.48,0.19,6,2,,,1007051450.0,12141970.0,509596710.0,497454740.0,,,,
20241129,00981.HK,中芯国际,26.0,0.85,5,2,,,1084176100.0,-158085950.0,463045075.0,621131025.0,,,,
20241129,01810.HK,小米集团-W,27.75,-0.1,4,2,,,1110953320.0,-335920680.0,387516320.0,723437000.0,,,,
20241129,03690.HK,美团-W,168.7,-3.5,3,2,,,1305510385.0,509979235.0,907744810.0,397765575.0,,,,
20241129,00700.HK,腾讯控股,398.0,-2.0,2,2,,,1389724328.0,271541392.0,830632860.0,559091468.0,,,,
20241129,02800.HK,盈富基金,19.6,0.1,1,2,,,1533855645.0,-1515777315.0,9039165.0,1524816480.0,,,,
20241128,01952.HK,云顶新耀-B,34.4,-4.85,10,4,,,,,,,295331850.0,22620400.0,158976125.0,136355725.0
20241128,00981.HK,中芯国际,25.15,-0.55,9,4,,,,,,,298028650.0,33947600.0,165988125.0,132040525.0
20241128,02382.HK,舜宇光学科技,61.85,1.35,8,4,,,,,,,306256065.0,196153895.0,251204980.0,55051085.0
20241128,01810.HK,小米集团-W,27.85,-0.45,7,4,,,,,,,415795220.0,-49787380.0,183003920.0,232791300.0
20241128,09926.HK,康方生物,73.5,-4.05,6,4,,,,,,,427932650.0,186713450.0,307323050.0,120609600.0
20241128,00175.HK,吉利汽车,13.78,0.64,5,4,,,,,,,440605537.0,76204743.0,258405140.0,182200397.0
20241128,00883.HK,中国海洋石油,17.04,-0.22,4,4,,,,,,,468457600.0,49479760.0,258968680.0,209488920.0
20241128,00700.HK,腾讯控股,400.0,-2.8,3,4,,,,,,,508360473.0,-25358313.0,241501080.0,266859393.0
20241128,03690.HK,美团-W,172.2,-4.0,2,4,,,,,,,696221655.0,453450245.0,574835950.0,121385705.0
20241128,09988.HK,阿里巴巴-W,83.4,-1.6,1,4,,,,,,,885684265.0,182761325.0,534222795.0,351461470.0
20241128,06682.HK,第四范式,39.0,-4.75,10,2,,,445369230.0,56402090.0,250885660.0,194483570.0,,,,
20241128,00883.HK,中国海洋石油,17.04,-0.22,9,2,,,478807620.0,174959860.0,326883740.0,151923880.0,,,,
20241128,09926.HK,康方生物,73.5,-4.05,8,2,,,486362650.0,149063050.0,317712850.0,168649800.0,,,,
20241128,00981.HK,中芯国际,25.15,-0.55,7,2,,,498010825.0,80905275.0,289458050.0,208552775.0,,,,
20241128,00941.HK,中国移动,71.65,-0.35,6,2,,,510585450.0,345686350.0,428135900.0,82449550.0,,,,
20241128,03690.HK,美团-W,172.2,-4.0,5,2,,,539897138.0,95176902.0,317537020.0,222360118.0,,,,
20241128,00175.HK,吉利汽车,13.78,0.64,4,2,,,619169240.0,235534200.0,427351720.0,191817520.0,,,,
20241128,09988.HK,阿里巴巴-W,83.4,-1.6,3,2,,,718349645.0,378082975.0,548216310.0,170133335.0,,,,
20241128,01810.HK,小米集团-W,27.85,-0.45,2,2,,,772648260.0,-14640660.0,379003800.0,393644460.0,,,,
20241128,00700.HK,腾讯控股,400.0,-2.8,1,2,,,958863673.0,10463527.0,484663600.0,474200073.0,,,,
20241127,02498.HK,速腾聚创,18.88,2.0,10,4,,,,,,,318389587.0,81534397.0,199961992.0,118427595.0
20241127,09868.HK,小鹏汽车-W,46.2,1.8,9,4,,,,,,,328109190.0,-18576520.0,154766335.0,173342855.0
20241127,02318.HK,中国平安,45.85,1.4,8,4,,,,,,,334045900.0,273343100.0,303694500.0,30351400.0
20241127,02800.HK,盈富基金,19.76,0.49,7,4,,,,,,,414953825.0,-332502935.0,41225445.0,373728380.0
20241127,00883.HK,中国海洋石油,17.26,0.14,6,4,,,,,,,524380580.0,73909700.0,299145140.0,225235440.0
20241127,00981.HK,中芯国际,25.7,1.05,5,4,,,,,,,627005890.0,-3008340.0,311998775.0,315007115.0
20241127,00700.HK,腾讯控股,402.8,9.0,4,4,,,,,,,897015140.0,378764340.0,637889740.0,259125400.0
20241127,01810.HK,小米集团-W,28.3,1.1,3,4,,,,,,,936403240.0,223079640.0,579741440.0,356661800.0
20241127,03690.HK,美团-W,176.2,11.9,2,4,,,,,,,1297650008.0,332478952.0,815064480.0,482585528.0
20241127,09988.HK,阿里巴巴-W,85.0,1.65,1,4,,,,,,,1401680800.0,1133923650.0,1267802225.0,133878575.0
20241127,02443.HK,汽车街,6.8,-5.44,10,2,,,563505626.0,189364218.0,376434922.0,187070704.0,,,,
20241127,00941.HK,中国移动,72.0,0.8,9,2,,,563685185.0,49031215.0,306358200.0,257326985.0,,,,
20241127,02158.HK,医渡科技,5.92,0.66,8,2,,,567083111.0,-22349671.0,272366720.0,294716391.0,,,,
20241127,02498.HK,速腾聚创,18.88,2.0,7,2,,,662593286.0,117775740.0,390184513.0,272408773.0,,,,
20241127,02800.HK,盈富基金,19.76,0.49,6,2,,,710609700.0,-704633530.0,2988085.0,707621615.0,,,,
20241127,00981.HK,中芯国际,25.7,1.05,5,2,,,847342975.0,2304725.0,424823850.0,422519125.0,,,,
20241127,09988.HK,阿里巴巴-W,85.0,1.65,4,2,,,1016004596.0,552807184.0,784405890.0,231598706.0,,,,
20241127,01810.HK,小米集团-W,28.3,1.1,3,2,,,1534663103.0,-643773063.0,445445020.0,1089218083.0,,,,
20241127,00700.HK,腾讯控股,402.8,9.0,2,2,,,1752557297.0,339779303.0,1046168300.0,706388997.0,,,,
20241127,03690.HK,美团-W,176.2,11.9,1,2,,,1867837313.0,621837147.0,1244837230.0,623000083.0,,,,
20241126,09868.HK,小鹏汽车-W,44.4,-0.75,10,4,,,,,,,272006135.0,-65357055.0,103324540.0,168681595.0
20241126,02800.HK,盈富基金,19.27,-0.02,9,4,,,,,,,310876320.0,309388590.0,310132455.0,743865.0
20241126,00981.HK,中芯国际,24.65,-0.45,8,4,,,,,,,331570593.0,57764357.0,194667475.0,136903118.0
20241126,02158.HK,医渡科技,5.26,0.37,7,4,,,,,,,386774021.0,37822211.0,212298116.0,174475905.0
20241126,00941.HK,中国移动,71.2,0.3,6,4,,,,,,,562106700.0,64439900.0,313273300.0,248833400.0
20241126,00700.HK,腾讯控股,393.8,-1.4,5,4,,,,,,,570865595.0,137669005.0,354267300.0,216598295.0
20241126,00883.HK,中国海洋石油,17.12,-0.2,4,4,,,,,,,689624700.0,161753900.0,425689300.0,263935400.0
20241126,09988.HK,阿里巴巴-W,83.35,1.4,3,4,,,,,,,744817995.0,433479935.0,589148965.0,155669030.0
20241126,03690.HK,美团-W,164.3,2.3,2,4,,,,,,,848834416.0,116551484.0,482692950.0,366141466.0
20241126,01810.HK,小米集团-W,27.2,-1.2,1,4,,,,,,,1177458431.0,-7019851.0,585219290.0,592239141.0
20241126,00941.HK,中国移动,71.2,0.3,10,2,,,516039500.0,328807800.0,422423650.0,93615850.0,,,,
20241126,06682.HK,第四范式,42.05,-5.5,9,2,,,524417400.0,58301430.0,291359415.0,233057985.0,,,,
20241126,02800.HK,盈富基金,19.27,-0.02,8,2,,,563111815.0,558080435.0,560596125.0,2515690.0,,,,
20241126,02465.HK,龙蟠科技,6.96,0.56,7,2,,,640595930.0,31750700.0,336173315.0,304422615.0,,,,
20241126,03690.HK,美团-W,164.3,2.3,6,2,,,641427744.0,-42313684.0,299557030.0,341870714.0,,,,
20241126,09890.HK,中旭未来,8.5,1.4,5,2,,,663914972.0,20547520.0,342231246.0,321683726.0,,,,
20241126,02158.HK,医渡科技,5.26,0.37,4,2,,,779871075.0,34591947.0,407231511.0,372639564.0,,,,
20241126,09988.HK,阿里巴巴-W,83.35,1.4,3,2,,,1062315810.0,305566930.0,683941370.0,378374440.0,,,,
20241126,00700.HK,腾讯控股,393.8,-1.4,2,2,,,1107265909.0,-113508389.0,496878760.0,610387149.0,,,,
20241126,01810.HK,小米集团-W,27.2,-1.2,1,2,,,1674676980.0,87374960.0,881025970.0,793651010.0,,,,
20241125,03896.HK,金山云,3.5,0.09,10,4,,,,,,,363339792.0,17243448.0,190291620.0,173048172.0
20241125,00981.HK,中芯国际,25.1,0.05,9,4,,,,,,,427386875.0,-35578625.0,195904125.0,231482750.0
20241125,09868.HK,小鹏汽车-W,45.15,-0.05,8,4,,,,,,,458415060.0,-230110990.0,114152035.0,344263025.0
20241125,01024.HK,快手-W,46.35,2.0,7,4,,,,,,,481002703.0,-191260843.0,144870930.0,336131773.0
20241125,00941.HK,中国移动,70.9,0.45,6,4,,,,,,,586957625.0,-29120425.0,278918600.0,308039025.0
20241125,01810.HK,小米集团-W,28.4,-0.15,5,4,,,,,,,857645900.0,210443040.0,534044470.0,323601430.0
20241125,00883.HK,中国海洋石油,17.32,0.26,4,4,,,,,,,900274520.0,66801200.0,483537860.0,416736660.0
20241125,00700.HK,腾讯控股,395.2,-5.4,3,4,,,,,,,1071231772.0,255523428.0,663377600.0,407854172.0
20241125,09988.HK,阿里巴巴-W,81.95,1.25,2,4,,,,,,,1356536565.0,798392945.0,1077464755.0,279071810.0
20241125,03690.HK,美团-W,162.0,-5.1,1,4,,,,,,,1601367925.0,-786661165.0,407353380.0,1194014545.0
20241125,02465.HK,龙蟠科技,6.4,2.51,10,2,,,629195455.0,84387085.0,356791270.0,272404185.0,,,,
20241125,02318.HK,中国平安,44.3,-0.4,9,2,,,670811700.0,216485050.0,443648375.0,227163325.0,,,,
20241125,00981.HK,中芯国际,25.1,0.05,8,2,,,749536835.0,-232244485.0,258646175.0,490890660.0,,,,
20241125,00941.HK,中国移动,70.9,0.45,7,2,,,764575632.0,363888068.0,564231850.0,200343782.0,,,,
20241125,06682.HK,第四范式,47.55,3.55,6,2,,,842882010.0,125198050.0,484040030.0,358841980.0,,,,
20241125,00883.HK,中国海洋石油,17.32,0.26,5,2,,,1066325251.0,16680069.0,541502660.0,524822591.0,,,,
20241125,09988.HK,阿里巴巴-W,81.95,1.25,4,2,,,1185581652.0,53730578.0,619656115.0,565925537.0,,,,
20241125,03690.HK,美团-W,162.0,-5.1,3,2,,,1540313202.0,-753946342.0,393183430.0,1147129772.0,,,,
20241125,01810.HK,小米集团-W,28.4,-0.15,2,2,,,1676716130.0,-212532410.0,732091860.0,944624270.0,,,,
20241125,00700.HK,腾讯控股,395.2,-5.4,1,2,,,2065197646.0,-241956846.0,911620400.0,1153577246.0,,,,
20241122,00285.HK,比亚迪电子,34.2,1.4,10,4,,,,,,,500196575.0,176917825.0,338557200.0,161639375.0
20241122,02382.HK,舜宇光学科技,58.15,1.25,9,4,,,,,,,612020257.0,315530233.0,463775245.0,148245012.0
20241122,00941.HK,中国移动,70.45,-0.55,8,4,,,,,,,627851800.0,-249122400.0,189364700.0,438487100.0
20241122,01024.HK,快手-W,44.35,-2.05,7,4,,,,,,,628713900.0,-167114440.0,230799730.0,397914170.0
20241122,03690.HK,美团-W,167.1,-5.6,6,4,,,,,,,775314032.0,-310392652.0,232460690.0,542853342.0
20241122,00883.HK,中国海洋石油,17.06,-0.1,5,4,,,,,,,903984560.0,55635760.0,479810160.0,424174400.0
20241122,00981.HK,中芯国际,25.05,-1.8,4,4,,,,,,,1137899475.0,7535225.0,572717350.0,565182125.0
20241122,00700.HK,腾讯控股,400.6,-7.0,3,4,,,,,,,1274896928.0,104610192.0,689753560.0,585143368.0
20241122,01810.HK,小米集团-W,28.55,0.4,2,4,,,,,,,1427844057.0,142629823.0,785236940.0,642607117.0
20241122,09988.HK,阿里巴巴-W,80.7,-3.7,1,4,,,,,,,1891366986.0,-280044556.0,805661215.0,1085705771.0
20241122,06682.HK,第四范式,44.0,0.6,10,2,,,874190335.0,71019885.0,472605110.0,401585225.0,,,,
20241122,00883.HK,中国海洋石油,17.06,-0.1,9,2,,,881144280.0,175216560.0,528180420.0,352963860.0,,,,
20241122,02318.HK,中国平安,44.7,-1.45,8,2,,,901899775.0,194692175.0,548295975.0,353603800.0,,,,
20241122,01347.HK,华虹半导体,20.35,-1.65,7,2,,,911934900.0,199097800.0,555516350.0,356418550.0,,,,
20241122,01860.HK,汇量科技,8.64,0.9,6,2,,,941173670.0,-2163290.0,469505190.0,471668480.0,,,,
20241122,02429.HK,友宝在线,5.15,0.95,5,2,,,1217020205.0,93101115.0,655060660.0,561959545.0,,,,
20241122,00981.HK,中芯国际,25.05,-1.8,4,2,,,1954344945.0,16691305.0,985518125.0,968826820.0,,,,
20241122,09988.HK,阿里巴巴-W,80.7,-3.7,3,2,,,2000536767.0,-51318007.0,974609380.0,1025927387.0,,,,
20241122,00700.HK,腾讯控股,400.6,-7.0,2,2,,,2243585351.0,-537062191.0,853261580.0,1390323771.0,,,,
20241122,01810.HK,小米集团-W,28.55,0.4,1,2,,,3648720378.0,50715342.0,1849717860.0,1799002518.0,,,,
20241121,02550.HK,宜搜科技,14.04,4.38,10,4,,,,,,,381384755.0,4554925.0,192969840.0,188414915.0
20241121,09868.HK,小鹏汽车-W,47.35,-3.0,9,4,,,,,,,381712500.0,68350370.0,225031435.0,156681065.0
20241121,03896.HK,金山云,3.42,0.29,8,4,,,,,,,402728424.0,79305216.0,241016820.0,161711604.0
20241121,00285.HK,比亚迪电子,32.8,1.55,7,4,,,,,,,431765725.0,155617625.0,293691675.0,138074050.0
20241121,01918.HK,融创中国,2.37,-0.24,6,4,,,,,,,537441962.0,-76786342.0,230327810.0,307114152.0
20241121,01810.HK,小米集团-W,28.15,0.15,5,4,,,,,,,567100360.0,183852560.0,375476460.0,191623900.0
20241121,00883.HK,中国海洋石油,17.16,0.06,4,4,,,,,,,672841992.0,130063048.0,401452520.0,271389472.0
20241121,09988.HK,阿里巴巴-W,84.4,-0.35,3,4,,,,,,,697420235.0,283394505.0,490407370.0,207012865.0
20241121,00700.HK,腾讯控股,407.6,-3.2,2,4,,,,,,,871603980.0,62199020.0,466901500.0,404702480.0
20241121,01024.HK,快手-W,46.4,-6.15,1,4,,,,,,,1290974386.0,-66554486.0,612209950.0,678764436.0
20241121,09988.HK,阿里巴巴-W,84.4,-0.35,10,2,,,694577067.0,140459853.0,417518460.0,277058607.0,,,,
20241121,06682.HK,第四范式,43.4,-0.4,9,2,,,708633365.0,28146795.0,368390080.0,340243285.0,,,,
20241121,03896.HK,金山云,3.42,0.29,8,2,,,800872860.0,-94297300.0,353287780.0,447585080.0,,,,
20241121,02443.HK,汽车街,16.96,4.84,7,2,,,871622368.0,-1772336.0,434925016.0,436697352.0,,,,
20241121,01918.HK,融创中国,2.37,-0.24,6,2,,,942840010.0,-86380910.0,428229550.0,514610460.0,,,,
20241121,02550.HK,宜搜科技,14.04,4.38,5,2,,,977323070.0,-7979430.0,484671820.0,492651250.0,,,,
20241121,00883.HK,中国海洋石油,17.16,0.06,4,2,,,1031532460.0,-111189060.0,460171700.0,571360760.0,,,,
20241121,00700.HK,腾讯控股,407.6,-3.2,3,2,,,1131913655.0,-69886815.0,531013420.0,600900235.0,,,,
20241121,01810.HK,小米集团-W,28.15,0.15,2,2,,,1237604050.0,-203589450.0,517007300.0,720596750.0,,,,
20241121,01024.HK,快手-W,46.4,-6.15,1,2,,,1826928912.0,700438528.0,1263683720.0,563245192.0,,,,
20241120,03968.HK,招商银行,36.6,0.2,10,4,,,,,,,395200650.0,-375686300.0,9757175.0,385443475.0
20241120,09868.HK,小鹏汽车-W,50.35,-1.6,9,4,,,,,,,396453249.0,112102821.0,254278035.0,142175214.0
20241120,01801.HK,信达生物,38.8,2.9,8,4,,,,,,,442808029.0,280163871.0,361485950.0,81322079.0
20241120,06682.HK,第四范式,43.8,7.2,7,4,,,,,,,443786445.0,45769675.0,244778060.0,199008385.0
20241120,00883.HK,中国海洋石油,17.1,-0.06,6,4,,,,,,,512898900.0,-179188820.0,166855040.0,346043860.0
20241120,01860.HK,汇量科技,8.37,2.28,5,4,,,,,,,527213570.0,-19871830.0,253670870.0,273542700.0
20241120,03690.HK,美团-W,174.8,2.9,4,4,,,,,,,541769799.0,193934901.0,367852350.0,173917449.0
20241120,01810.HK,小米集团-W,28.0,-0.3,3,4,,,,,,,641670520.0,113349300.0,377509910.0,264160610.0
20241120,09988.HK,阿里巴巴-W,84.75,-0.5,2,4,,,,,,,796603455.0,15852485.0,406227970.0,390375485.0
20241120,00700.HK,腾讯控股,410.8,4.6,1,4,,,,,,,1036482560.0,-28690440.0,503896060.0,532586500.0
20241120,02727.HK,上海电气,3.19,0.07,10,2,,,639983120.0,20537240.0,330260180.0,309722940.0,,,,
20241120,03896.HK,金山云,3.13,0.66,9,2,,,678342860.0,-80250260.0,299046300.0,379296560.0,,,,
20241120,00981.HK,中芯国际,26.9,-0.2,8,2,,,745444299.0,-536299.0,372454000.0,372990299.0,,,,
20241120,03690.HK,美团-W,174.8,2.9,7,2,,,755967400.0,289765440.0,522866420.0,233100980.0,,,,
20241120,06682.HK,第四范式,43.8,7.2,6,2,,,822444655.0,-12616435.0,404914110.0,417530545.0,,,,
20241120,00883.HK,中国海洋石油,17.1,-0.06,5,2,,,831906140.0,-557780.0,415674180.0,416231960.0,,,,
20241120,01860.HK,汇量科技,8.37,2.28,4,2,,,1104396330.0,-4978110.0,549709110.0,554687220.0,,,,
20241120,00700.HK,腾讯控股,410.8,4.6,3,2,,,1327408940.0,302909100.0,815159020.0,512249920.0,,,,
20241120,01810.HK,小米集团-W,28.0,-0.3,2,2,,,1390054059.0,-87304399.0,651374830.0,738679229.0,,,,
20241120,09988.HK,阿里巴巴-W,84.75,-0.5,1,2,,,1415887857.0,69446503.0,742667180.0,673220677.0,,,,
20241119,09868.HK,小鹏汽车-W,51.95,1.75,10,4,,,,,,,344203690.0,66216620.0,205210155.0,138993535.0
20241119,01024.HK,快手-W,51.6,1.55,9,4,,,,,,,359372712.0,199630108.0,279501410.0,79871302.0
20241119,00941.HK,中国移动,70.95,0.1,8,4,,,,,,,389279275.0,-4836075.0,192221600.0,197057675.0
20241119,00981.HK,中芯国际,27.1,0.65,7,4,,,,,,,492081500.0,-5308200.0,243386650.0,248694850.0
20241119,03690.HK,美团-W,171.9,2.9,6,4,,,,,,,498031055.0,138799205.0,318415130.0,179615925.0
20241119,00883.HK,中国海洋石油,17.16,0.12,5,4,,,,,,,649797060.0,204824700.0,427310880.0,222486180.0
20241119,02800.HK,盈富基金,19.79,0.08,4,4,,,,,,,672353795.0,-660318585.0,6017605.0,666336190.0
20241119,00700.HK,腾讯控股,406.2,2.0,3,4,,,,,,,846327820.0,12863380.0,429595600.0,416732220.0
20241119,09988.HK,阿里巴巴-W,85.25,-1.05,2,4,,,,,,,1036957425.0,372026425.0,704491925.0,332465500.0
20241119,01810.HK,小米集团-W,28.3,-0.5,1,4,,,,,,,1365351780.0,172632060.0,768991920.0,596359860.0
20241119,09868.HK,小鹏汽车-W,51.95,1.75,10,2,,,563377565.0,118928855.0,341153210.0,222224355.0,,,,
20241119,01918.HK,融创中国,2.72,0.03,9,2,,,664239720.0,-25819940.0,319209890.0,345029830.0,,,,
20241119,03690.HK,美团-W,171.9,2.9,8,2,,,967894127.0,129844953.0,548869540.0,419024587.0,,,,
20241119,00883.HK,中国海洋石油,17.16,0.12,7,2,,,976661820.0,-58113220.0,459274300.0,517387520.0,,,,
20241119,00981.HK,中芯国际,27.1,0.65,6,2,,,1022074750.0,-31880700.0,495097025.0,526977725.0,,,,
20241119,09988.HK,阿里巴巴-W,85.25,-1.05,5,2,,,1069360370.0,-175120910.0,447119730.0,622240640.0,,,,
20241119,02828.HK,恒生中国企业,72.28,0.28,4,2,,,1145987328.0,-1089205360.0,28390984.0,1117596344.0,,,,
20241119,00700.HK,腾讯控股,406.2,2.0,3,2,,,1456915800.0,575669080.0,1016292440.0,440623360.0,,,,
20241119,02800.HK,盈富基金,19.79,0.08,2,2,,,1796795575.0,-1793415045.0,1690265.0,1795105310.0,,,,
20241119,01810.HK,小米集团-W,28.3,-0.5,1,2,,,2122297115.0,227384225.0,1174840670.0,947456445.0,,,,
20241118,00175.HK,吉利汽车,13.76,0.58,10,4,,,,,,,403267900.0,207371140.0,305319520.0,97948380.0
20241118,01918.HK,融创中国,2.69,0.09,9,4,,,,,,,430946670.0,-42976830.0,193984920.0,236961750.0
20241118,00981.HK,中芯国际,26.45,0.05,8,4,,,,,,,623655315.0,175001635.0,399328475.0,224326840.0
20241118,03033.HK,南方恒生科技,4.266,0.024,7,4,,,,,,,637737404.0,606920360.0,622328882.0,15408522.0
20241118,03690.HK,美团-W,169.0,-0.6,6,4,,,,,,,673691287.0,437982953.0,555837120.0,117854167.0
20241118,01810.HK,小米集团-W,28.8,0.8,5,4,,,,,,,786730416.0,287528784.0,537129600.0,249600816.0
20241118,00883.HK,中国海洋石油,17.04,0.22,4,4,,,,,,,907359579.0,247914581.0,577637080.0,329722499.0
20241118,02800.HK,盈富基金,19.71,0.16,3,4,,,,,,,908953155.0,882714715.0,895833935.0,13119220.0
20241118,09988.HK,阿里巴巴-W,86.3,-0.9,2,4,,,,,,,1347685165.0,411379435.0,879532300.0,468152865.0
20241118,00700.HK,腾讯控股,404.2,3.2,1,4,,,,,,,1350845460.0,442860180.0,896852820.0,453992640.0
20241118,02318.HK,中国平安,46.0,0.4,10,2,,,688284750.0,487261550.0,587773150.0,100511600.0,,,,
20241118,01918.HK,融创中国,2.69,0.09,9,2,,,866328900.0,-6052520.0,430138190.0,436190710.0,,,,
20241118,03690.HK,美团-W,169.0,-0.6,8,2,,,979767417.0,99619643.0,539693530.0,440073887.0,,,,
20241118,00981.HK,中芯国际,26.45,0.05,7,2,,,996181725.0,-99186775.0,448497475.0,547684250.0,,,,
20241118,00883.HK,中国海洋石油,17.04,0.22,6,2,,,1101082168.0,153755192.0,627418680.0,473663488.0,,,,
20241118,09988.HK,阿里巴巴-W,86.3,-0.9,5,2,,,1184344599.0,344989301.0,764666950.0,419677649.0,,,,
20241118,02828.HK,恒生中国企业,72.0,0.88,4,2,,,1212900380.0,1152988004.0,1182944192.0,29956188.0,,,,
20241118,01810.HK,小米集团-W,28.8,0.8,3,2,,,1520917460.0,-7670200.0,756623630.0,764293830.0,,,,
20241118,00700.HK,腾讯控股,404.2,3.2,2,2,,,2943493084.0,-22900724.0,1460296180.0,1483196904.0,,,,
20241118,02800.HK,盈富基金,19.71,0.16,1,2,,,3310352550.0,3305022010.0,3307687280.0,2665270.0,,,,
20241115,00762.HK,中国联通,6.71,0.22,10,4,,,,,,,488865320.0,-37365480.0,225749920.0,263115400.0
20241115,00883.HK,中国海洋石油,16.82,0.08,9,4,,,,,,,531289780.0,173074900.0,352182340.0,179107440.0
20241115,03033.HK,南方恒生科技,4.242,0.008,8,4,,,,,,,541602647.0,516348431.0,528975539.0,12627108.0
20241115,01810.HK,小米集团-W,28.0,0.15,7,4,,,,,,,659066390.0,269942870.0,464504630.0,194561760.0
20241115,03690.HK,美团-W,169.6,0.3,6,4,,,,,,,663759712.0,129292408.0,396526060.0,267233652.0
20241115,09988.HK,阿里巴巴-W,87.2,-0.75,5,4,,,,,,,700009905.0,390023175.0,545016540.0,154993365.0
20241115,00175.HK,吉利汽车,13.18,-0.72,4,4,,,,,,,754869243.0,-153367043.0,300751100.0,454118143.0
20241115,00941.HK,中国移动,70.55,0.9,3,4,,,,,,,805335100.0,27169750.0,416252425.0,389082675.0
20241115,02800.HK,盈富基金,19.55,0.0,2,4,,,,,,,988902460.0,-976654880.0,6123790.0,982778670.0
20241115,00700.HK,腾讯控股,401.0,-2.4,1,4,,,,,,,1680274920.0,305463800.0,992869360.0,687405560.0
20241115,00941.HK,中国移动,70.55,0.9,10,2,,,767786350.0,395748600.0,581767475.0,186018875.0,,,,
20241115,01810.HK,小米集团-W,28.0,0.15,9,2,,,769855260.0,-7497340.0,381178960.0,388676300.0,,,,
20241115,03690.HK,美团-W,169.6,0.3,8,2,,,788819478.0,122228382.0,455523930.0,333295548.0,,,,
20241115,02318.HK,中国平安,45.6,-0.25,7,2,,,799833950.0,491296150.0,645565050.0,154268900.0,,,,
20241115,06682.HK,第四范式,37.85,-2.75,6,2,,,852071800.0,-92496170.0,379787815.0,472283985.0,,,,
20241115,00883.HK,中国海洋石油,16.82,0.08,5,2,,,975202820.0,42669940.0,508936380.0,466266440.0,,,,
20241115,02828.HK,恒生中国企业,71.12,0.16,4,2,,,1055972376.0,-950951736.0,52510320.0,1003462056.0,,,,
20241115,00981.HK,中芯国际,26.4,-0.15,3,2,,,1438870125.0,14343725.0,726606925.0,712263200.0,,,,
20241115,00700.HK,腾讯控股,401.0,-2.4,2,2,,,1849822632.0,324518088.0,1087170360.0,762652272.0,,,,
20241115,02800.HK,盈富基金,19.55,0.0,1,2,,,4779912705.0,-4767309805.0,6301450.0,4773611255.0,,,,
20241114,06682.HK,第四范式,40.6,-7.65,10,4,,,,,,,519955115.0,84105715.0,302030415.0,217924700.0
20241114,01024.HK,快手-W,50.0,-2.0,9,4,,,,,,,531235955.0,160865225.0,346050590.0,185185365.0
20241114,03033.HK,南方恒生科技,4.234,-0.14,8,4,,,,,,,554266953.0,501899819.0,528083386.0,26183567.0
20241114,01918.HK,融创中国,2.64,-0.2,7,4,,,,,,,709830430.0,123015270.0,416422850.0,293407580.0
20241114,00981.HK,中芯国际,26.55,-0.6,6,4,,,,,,,942594825.0,-107630875.0,417481975.0,525112850.0
20241114,02800.HK,盈富基金,19.55,-0.39,5,4,,,,,,,1003898875.0,957258295.0,980578585.0,23320290.0
20241114,03690.HK,美团-W,169.3,-6.1,4,4,,,,,,,1113166573.0,497039347.0,805102960.0,308063613.0
20241114,09988.HK,阿里巴巴-W,87.95,-2.6,3,4,,,,,,,1291470445.0,758181275.0,1024825860.0,266644585.0
20241114,01810.HK,小米集团-W,27.85,-1.05,2,4,,,,,,,1373467200.0,268923560.0,821195380.0,552271820.0
20241114,00700.HK,腾讯控股,403.4,-0.4,1,4,,,,,,,2741879540.0,956194780.0,1849037160.0,892842380.0
20241114,02828.HK,恒生中国企业,70.96,-1.58,10,2,,,874835640.0,872957752.0,873896696.0,938944.0,,,,
20241114,06682.HK,第四范式,40.6,-7.65,9,2,,,902171865.0,38575435.0,470373650.0,431798215.0,,,,
20241114,03690.HK,美团-W,169.3,-6.1,8,2,,,931667447.0,213098613.0,572383030.0,359284417.0,,,,
20241114,00883.HK,中国海洋石油,16.74,-0.28,7,2,,,988948620.0,13808460.0,501378540.0,487570080.0,,,,
20241114,01810.HK,小米集团-W,27.85,-1.05,6,2,,,1170320940.0,146190760.0,658255850.0,512065090.0,,,,
20241114,09988.HK,阿里巴巴-W,87.95,-2.6,5,2,,,1272469960.0,180032360.0,726251160.0,546218800.0,,,,
20241114,01918.HK,融创中国,2.64,-0.2,4,2,,,1355421950.0,51090530.0,703256240.0,652165710.0,,,,
20241114,00981.HK,中芯国际,26.55,-0.6,3,2,,,1989407450.0,412919050.0,1201163250.0,788244200.0,,,,
20241114,00700.HK,腾讯控股,403.4,-0.4,2,2,,,3459098335.0,671433585.0,2065265960.0,1393832375.0,,,,
20241114,02800.HK,盈富基金,19.55,-0.39,1,2,,,3702909865.0,3697057615.0,3699983740.0,2926125.0,,,,
20241113,02318.HK,中国平安,46.45,0.55,10,4,,,,,,,633767125.0,-84698125.0,274534500.0,359232625.0
20241113,00883.HK,中国海洋石油,17.02,0.08,9,4,,,,,,,719003883.0,104104197.0,411554040.0,307449843.0
20241113,00941.HK,中国移动,70.0,0.9,8,4,,,,,,,727858500.0,-248623150.0,239617675.0,488240825.0
20241113,03033.HK,南方恒生科技,4.374,0.006,7,4,,,,,,,730768342.0,-712829630.0,8969356.0,721798986.0
20241113,03690.HK,美团-W,175.4,-0.3,6,4,,,,,,,849850410.0,-28875490.0,410487460.0,439362950.0
20241113,01810.HK,小米集团-W,28.9,0.45,5,4,,,,,,,986093790.0,376979910.0,681536850.0,304556940.0
20241113,09988.HK,阿里巴巴-W,90.55,0.0,4,4,,,,,,,1084124607.0,586370983.0,835247795.0,248876812.0
20241113,02828.HK,恒生中国企业,72.54,0.04,3,4,,,,,,,1501730096.0,-1497328528.0,2200784.0,1499529312.0
20241113,00700.HK,腾讯控股,403.8,0.0,2,4,,,,,,,2418008600.0,683672520.0,1550840560.0,867168040.0
20241113,02800.HK,盈富基金,19.94,-0.03,1,4,,,,,,,5834394990.0,-5767984820.0,33205085.0,5801189905.0
20241113,09988.HK,阿里巴巴-W,90.55,0.0,10,2,,,820823175.0,200416275.0,510619725.0,310203450.0,,,,
20241113,02318.HK,中国平安,46.45,0.55,9,2,,,967785802.0,681574248.0,824680025.0,143105777.0,,,,
20241113,00883.HK,中国海洋石油,17.02,0.08,8,2,,,1062864780.0,-20135100.0,521364840.0,541499940.0,,,,
20241113,01810.HK,小米集团-W,28.9,0.45,7,2,,,1167499548.0,86448692.0,626974120.0,540525428.0,,,,
20241113,00941.HK,中国移动,70.0,0.9,6,2,,,1190517761.0,634547139.0,912532450.0,277985311.0,,,,
20241113,03690.HK,美团-W,175.4,-0.3,5,2,,,1204108822.0,-137874762.0,533117030.0,670991792.0,,,,
20241113,00981.HK,中芯国际,27.15,0.0,4,2,,,1359033400.0,-197841800.0,580595800.0,778437600.0,,,,
20241113,02828.HK,恒生中国企业,72.54,0.04,3,2,,,1859978076.0,-1803280484.0,28348796.0,1831629280.0,,,,
20241113,02800.HK,盈富基金,19.94,-0.03,2,2,,,2614415000.0,-2591777020.0,11318990.0,2603096010.0,,,,
20241113,00700.HK,腾讯控股,403.8,0.0,1,2,,,2939960780.0,1069132540.0,2004546660.0,935414120.0,,,,
20241112,02318.HK,中国平安,45.9,-2.3,10,4,,,,,,,822113343.0,-415201043.0,203456150.0,618657193.0
20241112,00883.HK,中国海洋石油,16.94,-0.36,9,4,,,,,,,883770498.0,-231967458.0,325901520.0,557868978.0
20241112,02828.HK,恒生中国企业,72.5,-2.36,8,4,,,,,,,884642540.0,882757756.0,883700148.0,942392.0
20241112,00941.HK,中国移动,69.1,-1.2,7,4,,,,,,,962826358.0,-485440508.0,238692925.0,724133433.0
20241112,01810.HK,小米集团-W,28.45,-0.85,6,4,,,,,,,1622995630.0,417061150.0,1020028390.0,602967240.0
20241112,09988.HK,阿里巴巴-W,90.55,-3.55,5,4,,,,,,,1677826860.0,267204390.0,972515625.0,705311235.0
20241112,00981.HK,中芯国际,27.15,-2.35,4,4,,,,,,,1806921025.0,520397775.0,1163659400.0,643261625.0
20241112,03690.HK,美团-W,175.7,-9.9,3,4,,,,,,,2145212860.0,-524029820.0,810591520.0,1334621340.0
20241112,00700.HK,腾讯控股,403.8,-9.4,2,4,,,,,,,2542495237.0,301756923.0,1422126080.0,1120369157.0
20241112,02800.HK,盈富基金,19.97,-0.59,1,4,,,,,,,3725839145.0,3711514765.0,3718676955.0,7162190.0
20241112,01918.HK,融创中国,2.86,-0.1,10,2,,,1285542640.0,-64295300.0,610623670.0,674918970.0,,,,
20241112,00941.HK,中国移动,69.1,-1.2,9,2,,,1435703700.0,-266425750.0,584638975.0,851064725.0,,,,
20241112,02800.HK,盈富基金,19.97,-0.59,8,2,,,1445849830.0,1399997990.0,1422923910.0,22925920.0,,,,
20241112,02318.HK,中国平安,45.9,-2.3,7,2,,,1571065275.0,556725125.0,1063895200.0,507170075.0,,,,
20241112,01810.HK,小米集团-W,28.45,-0.85,6,2,,,1750721872.0,371574188.0,1061148030.0,689573842.0,,,,
20241112,00883.HK,中国海洋石油,16.94,-0.36,5,2,,,1798089363.0,225663277.0,1011876320.0,786213043.0,,,,
20241112,09988.HK,阿里巴巴-W,90.55,-3.55,4,2,,,2090452145.0,19108625.0,1054780385.0,1035671760.0,,,,
20241112,03690.HK,美团-W,175.7,-9.9,3,2,,,2517402905.0,-76850005.0,1220276450.0,1297126455.0,,,,
20241112,00700.HK,腾讯控股,403.8,-9.4,2,2,,,3636624008.0,-230792848.0,1702915580.0,1933708428.0,,,,
20241112,00981.HK,中芯国际,27.15,-2.35,1,2,,,3636791675.0,-622037875.0,1507376900.0,2129414775.0,,,,
20241111,09868.HK,小鹏汽车-W,59.55,2.2,10,4,,,,,,,787454295.0,80466395.0,433960345.0,353493950.0
20241111,01918.HK,融创中国,2.96,-0.31,9,4,,,,,,,843180630.0,-5059010.0,419060810.0,424119820.0
20241111,02318.HK,中国平安,48.2,-1.7,8,4,,,,,,,919973800.0,-305425050.0,307274375.0,612699425.0
20241111,03690.HK,美团-W,185.6,-6.2,7,4,,,,,,,1299917121.0,-43954141.0,627981490.0,671935631.0
20241111,00883.HK,中国海洋石油,17.3,-0.46,6,4,,,,,,,1816778151.0,-643379951.0,586699100.0,1230079051.0
20241111,00700.HK,腾讯控股,413.2,-7.6,5,4,,,,,,,1957493687.0,-92773567.0,932360060.0,1025133627.0
20241111,09988.HK,阿里巴巴-W,94.1,0.1,4,4,,,,,,,1986504434.0,713502906.0,1350003670.0,636500764.0
20241111,01810.HK,小米集团-W,29.3,1.0,3,4,,,,,,,2042699050.0,1314278590.0,1678488820.0,364210230.0
20241111,02800.HK,盈富基金,20.56,-0.26,2,4,,,,,,,2202745390.0,2200714650.0,2201730020.0,1015370.0
20241111,00981.HK,中芯国际,29.5,0.95,1,4,,,,,,,2755108542.0,597170658.0,1676139600.0,1078968942.0
20241111,02727.HK,上海电气,3.24,-0.5,10,2,,,1195663600.0,-11185200.0,592239200.0,603424400.0,,,,
20241111,02800.HK,盈富基金,20.56,-0.26,9,2,,,1301903850.0,1291308530.0,1296606190.0,5297660.0,,,,
20241111,02828.HK,恒生中国企业,74.86,-1.22,8,2,,,1362045332.0,1351244228.0,1356644780.0,5400552.0,,,,
20241111,03690.HK,美团-W,185.6,-6.2,7,2,,,1438011056.0,43083144.0,740547100.0,697463956.0,,,,
20241111,01918.HK,融创中国,2.96,-0.31,6,2,,,1471688660.0,-171939560.0,649874550.0,821814110.0,,,,
20241111,00883.HK,中国海洋石油,17.3,-0.46,5,2,,,1957335025.0,213111015.0,1085223020.0,872112005.0,,,,
20241111,09988.HK,阿里巴巴-W,94.1,0.1,4,2,,,2074098853.0,333993407.0,1204046130.0,870052723.0,,,,
20241111,01810.HK,小米集团-W,29.3,1.0,3,2,,,2132743300.0,-129110300.0,1001816500.0,1130926800.0,,,,
20241111,00700.HK,腾讯控股,413.2,-7.6,2,2,,,3300134037.0,-227353037.0,1536390500.0,1763743537.0,,,,
20241111,00981.HK,中芯国际,29.5,0.95,1,2,,,4215560350.0,84926000.0,2150243175.0,2065317175.0,,,,
